2026-03-14T13:30:01.701Z INFO  [auth] req=req-7753ee token ok user=u-1606
2026-03-14T13:30:01.734Z INFO  [gateway] req=req-7753ee GET /api/cart -> 200 (16ms) user=u-1606
2026-03-14T13:30:03.603Z INFO  [auth] req=req-ab33fe token ok user=u-1380
2026-03-14T13:30:03.611Z INFO  [orders] req=req-ab33fe cart validated items=5 total=EUR 122.12
2026-03-14T13:30:03.619Z INFO  [inventory] req=req-ab33fe reserved 5 items hold=h-a85b9
2026-03-14T13:30:03.626Z INFO  [payments] req=req-ab33fe authorising EUR 122.12 with psp
2026-03-14T13:30:03.756Z INFO  [payments] req=req-ab33fe psp authorised ref=psp_8b3da872
2026-03-14T13:30:03.758Z INFO  [payments] req=req-ab33fe posting to ledger txn=lt-ddced (attempt 1/2)
2026-03-14T13:30:03.845Z INFO  [ledger] txn=lt-ddced posted 2 entries (85ms)
2026-03-14T13:30:03.847Z INFO  [payments] req=req-ab33fe charge captured txn=lt-ddced
2026-03-14T13:30:03.851Z INFO  [orders] req=req-ab33fe order o-71abc7 confirmed
2026-03-14T13:30:03.854Z INFO  [gateway] req=req-ab33fe POST /api/checkout -> 201 (252ms) user=u-1380
2026-03-14T13:30:05.009Z DEBUG [gateway] health orders ok (5ms)
2026-03-14T13:30:05.009Z DEBUG [gateway] health inventory ok (4ms)
2026-03-14T13:30:05.021Z DEBUG [gateway] health ledger ok (5ms)
2026-03-14T13:30:05.031Z DEBUG [gateway] health payments ok (9ms)
2026-03-14T13:30:05.037Z DEBUG [gateway] health auth ok (1ms)
2026-03-14T13:30:06.378Z INFO  [auth] req=req-0cf715 token ok user=u-1838
2026-03-14T13:30:06.386Z INFO  [orders] req=req-0cf715 cart validated items=1 total=EUR 104.99
2026-03-14T13:30:06.394Z INFO  [inventory] req=req-0cf715 reserved 1 items hold=h-acaf6
2026-03-14T13:30:06.401Z INFO  [payments] req=req-0cf715 authorising EUR 104.99 with psp
2026-03-14T13:30:06.555Z INFO  [payments] req=req-0cf715 psp authorised ref=psp_16adfb3a
2026-03-14T13:30:06.557Z INFO  [payments] req=req-0cf715 posting to ledger txn=lt-2d705 (attempt 1/2)
2026-03-14T13:30:06.618Z INFO  [ledger] txn=lt-2d705 posted 2 entries (58ms)
2026-03-14T13:30:06.620Z INFO  [payments] req=req-0cf715 charge captured txn=lt-2d705
2026-03-14T13:30:06.624Z INFO  [orders] req=req-0cf715 order o-847a13 confirmed
2026-03-14T13:30:06.627Z INFO  [gateway] req=req-0cf715 POST /api/checkout -> 201 (250ms) user=u-1838
2026-03-14T13:30:07.300Z INFO  [ledger-db] pool stats in_use=3 idle=5 max=40 waiters=0
2026-03-14T13:30:07.729Z WARN  [auth] req=req-718ed6 token expired user=u-8739
2026-03-14T13:30:07.730Z INFO  [gateway] req=req-718ed6 POST /api/checkout -> 401 (2ms)
2026-03-14T13:30:08.398Z INFO  [auth] req=req-18a073 token ok user=u-4434
2026-03-14T13:30:08.406Z INFO  [orders] req=req-18a073 cart validated items=4 total=EUR 320.41
2026-03-14T13:30:08.414Z INFO  [inventory] req=req-18a073 reserved 4 items hold=h-4de40
2026-03-14T13:30:08.421Z INFO  [payments] req=req-18a073 authorising EUR 320.41 with psp
2026-03-14T13:30:08.484Z INFO  [gateway] req=req-ff11c2 GET /api/products/SKU-0230 -> 200 (20ms)
2026-03-14T13:30:08.558Z INFO  [auth] req=req-4eb7e8 token ok user=u-9819
2026-03-14T13:30:08.596Z INFO  [gateway] req=req-4eb7e8 GET /api/cart -> 200 (18ms) user=u-9819
2026-03-14T13:30:08.617Z INFO  [payments] req=req-18a073 psp authorised ref=psp_3e0790a4
2026-03-14T13:30:08.619Z INFO  [payments] req=req-18a073 posting to ledger txn=lt-8c6cb (attempt 1/2)
2026-03-14T13:30:08.750Z INFO  [ledger] txn=lt-8c6cb posted 2 entries (130ms)
2026-03-14T13:30:08.752Z INFO  [payments] req=req-18a073 charge captured txn=lt-8c6cb
2026-03-14T13:30:08.756Z INFO  [orders] req=req-18a073 order o-14e899 confirmed
2026-03-14T13:30:08.759Z INFO  [gateway] req=req-18a073 POST /api/checkout -> 201 (362ms) user=u-4434
2026-03-14T13:30:10.627Z INFO  [gateway] req=req-e05b64 GET /api/products/SKU-0404 -> 200 (26ms)
2026-03-14T13:30:12.800Z INFO  [cache] stats hit_ratio=0.92 keys=19614 evictions/s=347
2026-03-14T13:30:13.491Z INFO  [auth] req=req-b068cf token ok user=u-8109
2026-03-14T13:30:13.499Z INFO  [orders] req=req-b068cf cart validated items=2 total=EUR 358.91
2026-03-14T13:30:13.507Z INFO  [inventory] req=req-b068cf reserved 2 items hold=h-6d41c
2026-03-14T13:30:13.514Z INFO  [payments] req=req-b068cf authorising EUR 358.91 with psp
2026-03-14T13:30:13.730Z INFO  [payments] req=req-b068cf psp authorised ref=psp_da567065
2026-03-14T13:30:13.732Z INFO  [payments] req=req-b068cf posting to ledger txn=lt-2c38d (attempt 1/2)
2026-03-14T13:30:13.796Z INFO  [ledger] txn=lt-2c38d posted 2 entries (64ms)
2026-03-14T13:30:13.798Z INFO  [payments] req=req-b068cf charge captured txn=lt-2c38d
2026-03-14T13:30:13.802Z INFO  [orders] req=req-b068cf order o-7c6401 confirmed
2026-03-14T13:30:13.805Z INFO  [gateway] req=req-b068cf POST /api/checkout -> 201 (315ms) user=u-8109
2026-03-14T13:30:14.571Z INFO  [auth] req=req-3d8b1d token ok user=u-9456
2026-03-14T13:30:14.579Z INFO  [orders] req=req-3d8b1d cart validated items=4 total=EUR 182.25
2026-03-14T13:30:14.587Z INFO  [inventory] req=req-3d8b1d reserved 4 items hold=h-84f45
2026-03-14T13:30:14.594Z INFO  [payments] req=req-3d8b1d authorising EUR 182.25 with psp
2026-03-14T13:30:14.620Z INFO  [auth] req=req-bb7517 token ok user=u-2699
2026-03-14T13:30:14.628Z INFO  [orders] req=req-bb7517 cart validated items=3 total=EUR 329.39
2026-03-14T13:30:14.636Z INFO  [inventory] req=req-bb7517 reserved 3 items hold=h-4ac5d
2026-03-14T13:30:14.643Z INFO  [payments] req=req-bb7517 authorising EUR 329.39 with psp
2026-03-14T13:30:14.741Z INFO  [payments] req=req-3d8b1d psp authorised ref=psp_40e194db
2026-03-14T13:30:14.743Z INFO  [payments] req=req-3d8b1d posting to ledger txn=lt-6a009 (attempt 1/2)
2026-03-14T13:30:14.801Z INFO  [payments] req=req-bb7517 psp authorised ref=psp_9c9880ba
2026-03-14T13:30:14.803Z INFO  [payments] req=req-bb7517 posting to ledger txn=lt-82a75 (attempt 1/2)
2026-03-14T13:30:14.810Z INFO  [ledger] txn=lt-6a009 posted 2 entries (66ms)
2026-03-14T13:30:14.812Z INFO  [payments] req=req-3d8b1d charge captured txn=lt-6a009
2026-03-14T13:30:14.816Z INFO  [orders] req=req-3d8b1d order o-b091d5 confirmed
2026-03-14T13:30:14.819Z INFO  [gateway] req=req-3d8b1d POST /api/checkout -> 201 (249ms) user=u-9456
2026-03-14T13:30:14.884Z INFO  [ledger] txn=lt-82a75 posted 2 entries (80ms)
2026-03-14T13:30:14.886Z INFO  [payments] req=req-bb7517 charge captured txn=lt-82a75
2026-03-14T13:30:14.890Z INFO  [orders] req=req-bb7517 order o-11661c confirmed
2026-03-14T13:30:14.893Z INFO  [gateway] req=req-bb7517 POST /api/checkout -> 201 (274ms) user=u-2699
2026-03-14T13:30:15.426Z INFO  [gateway] req=req-7c81dc GET /api/products/SKU-0318 -> 200 (22ms)
2026-03-14T13:30:15.883Z INFO  [auth] req=req-540d53 login ok user=u-1654 session=s-82780c1a
2026-03-14T13:30:15.887Z INFO  [gateway] req=req-540d53 POST /api/login -> 200 (34ms) user=u-1654
2026-03-14T13:30:23.723Z INFO  [auth] req=req-d1b091 token ok user=u-5253
2026-03-14T13:30:23.731Z INFO  [orders] req=req-d1b091 cart validated items=4 total=EUR 433.76
2026-03-14T13:30:23.739Z INFO  [inventory] req=req-d1b091 reserved 4 items hold=h-51410
2026-03-14T13:30:23.746Z INFO  [payments] req=req-d1b091 authorising EUR 433.76 with psp
2026-03-14T13:30:23.944Z INFO  [payments] req=req-d1b091 psp authorised ref=psp_5295ab9e
2026-03-14T13:30:23.946Z INFO  [payments] req=req-d1b091 posting to ledger txn=lt-6c004 (attempt 1/2)
2026-03-14T13:30:24.036Z INFO  [ledger] txn=lt-6c004 posted 2 entries (89ms)
2026-03-14T13:30:24.038Z INFO  [payments] req=req-d1b091 charge captured txn=lt-6c004
2026-03-14T13:30:24.042Z INFO  [orders] req=req-d1b091 order o-510b99 confirmed
2026-03-14T13:30:24.045Z INFO  [gateway] req=req-d1b091 POST /api/checkout -> 201 (323ms) user=u-5253
2026-03-14T13:30:25.564Z INFO  [auth] req=req-73d31b token ok user=u-3322
2026-03-14T13:30:25.572Z INFO  [orders] req=req-73d31b cart validated items=1 total=EUR 153.07
2026-03-14T13:30:25.580Z INFO  [inventory] req=req-73d31b reserved 1 items hold=h-e0a4f
2026-03-14T13:30:25.587Z INFO  [payments] req=req-73d31b authorising EUR 153.07 with psp
2026-03-14T13:30:25.692Z INFO  [payments] req=req-73d31b psp authorised ref=psp_b69277e5
2026-03-14T13:30:25.694Z INFO  [payments] req=req-73d31b posting to ledger txn=lt-0b2cf (attempt 1/2)
2026-03-14T13:30:25.694Z DEBUG [ledger-db] acquire txn=lt-0b2cf waited=0ms in_use=2/40
2026-03-14T13:30:25.772Z INFO  [ledger] txn=lt-0b2cf posted 2 entries (78ms)
2026-03-14T13:30:25.774Z INFO  [payments] req=req-73d31b charge captured txn=lt-0b2cf
2026-03-14T13:30:25.778Z INFO  [orders] req=req-73d31b order o-b58b15 confirmed
2026-03-14T13:30:25.781Z INFO  [gateway] req=req-73d31b POST /api/checkout -> 201 (218ms) user=u-3322
2026-03-14T13:30:26.644Z INFO  [auth] req=req-5eb0b8 token ok user=u-3285
2026-03-14T13:30:26.652Z INFO  [orders] req=req-5eb0b8 cart validated items=6 total=EUR 136.58
2026-03-14T13:30:26.660Z INFO  [inventory] req=req-5eb0b8 reserved 6 items hold=h-ee5b4
2026-03-14T13:30:26.667Z INFO  [payments] req=req-5eb0b8 authorising EUR 136.58 with psp
2026-03-14T13:30:26.856Z INFO  [payments] req=req-5eb0b8 psp authorised ref=psp_81c8c534
2026-03-14T13:30:26.858Z INFO  [payments] req=req-5eb0b8 posting to ledger txn=lt-11784 (attempt 1/2)
2026-03-14T13:30:26.861Z DEBUG [ledger-db] acquire txn=lt-11784 waited=3ms in_use=1/40
2026-03-14T13:30:26.916Z INFO  [ledger] txn=lt-11784 posted 2 entries (55ms)
2026-03-14T13:30:26.918Z INFO  [payments] req=req-5eb0b8 charge captured txn=lt-11784
2026-03-14T13:30:26.922Z INFO  [orders] req=req-5eb0b8 order o-dd1017 confirmed
2026-03-14T13:30:26.925Z INFO  [gateway] req=req-5eb0b8 POST /api/checkout -> 201 (282ms) user=u-3285
2026-03-14T13:30:29.442Z INFO  [auth] req=req-77606d token ok user=u-5175
2026-03-14T13:30:29.450Z INFO  [orders] req=req-77606d cart validated items=6 total=EUR 16.23
2026-03-14T13:30:29.458Z INFO  [inventory] req=req-77606d reserved 6 items hold=h-c3d94
2026-03-14T13:30:29.465Z INFO  [payments] req=req-77606d authorising EUR 16.23 with psp
2026-03-14T13:30:29.640Z INFO  [payments] req=req-77606d psp authorised ref=psp_b01c05e8
2026-03-14T13:30:29.642Z INFO  [payments] req=req-77606d posting to ledger txn=lt-0a4d7 (attempt 1/2)
2026-03-14T13:30:29.718Z INFO  [ledger] txn=lt-0a4d7 posted 2 entries (74ms)
2026-03-14T13:30:29.720Z INFO  [payments] req=req-77606d charge captured txn=lt-0a4d7
2026-03-14T13:30:29.724Z INFO  [orders] req=req-77606d order o-d838d6 confirmed
2026-03-14T13:30:29.727Z INFO  [gateway] req=req-77606d POST /api/checkout -> 201 (286ms) user=u-5175
2026-03-14T13:30:31.954Z INFO  [auth] req=req-6ecb87 login ok user=u-6536 session=s-73a6dac7
2026-03-14T13:30:31.958Z INFO  [gateway] req=req-6ecb87 POST /api/login -> 200 (34ms) user=u-6536
2026-03-14T13:30:33.108Z INFO  [auth] req=req-00b200 token ok user=u-6211
2026-03-14T13:30:33.113Z INFO  [inventory] req=req-00b200 availability SKU-0012: 147 in stock
2026-03-14T13:30:33.116Z INFO  [gateway] req=req-00b200 GET /api/products/SKU-0012/availability -> 200 (9ms) user=u-6211
2026-03-14T13:30:33.421Z INFO  [auth] req=req-60e6ac token ok user=u-8116
2026-03-14T13:30:33.426Z INFO  [inventory] req=req-60e6ac availability SKU-0777: 310 in stock
2026-03-14T13:30:33.429Z INFO  [gateway] req=req-60e6ac GET /api/products/SKU-0777/availability -> 200 (9ms) user=u-8116
2026-03-14T13:30:37.300Z INFO  [ledger-db] pool stats in_use=3 idle=5 max=40 waiters=0
2026-03-14T13:30:41.000Z INFO  [scheduler] job=purge-expired-sessions started
2026-03-14T13:30:41.895Z INFO  [scheduler] job=purge-expired-sessions finished removed=96
2026-03-14T13:30:46.442Z INFO  [auth] req=req-b34717 login ok user=u-3322 session=s-05752989
2026-03-14T13:30:46.446Z INFO  [gateway] req=req-b34717 POST /api/login -> 200 (34ms) user=u-3322
2026-03-14T13:30:48.181Z INFO  [auth] req=req-68f377 token ok user=u-6647
2026-03-14T13:30:48.186Z INFO  [inventory] req=req-68f377 availability SKU-0105: 279 in stock
2026-03-14T13:30:48.189Z INFO  [gateway] req=req-68f377 GET /api/products/SKU-0105/availability -> 200 (9ms) user=u-6647
2026-03-14T13:30:50.347Z INFO  [gateway] req=req-3554bd GET /api/products/SKU-0318 -> 200 (29ms)
2026-03-14T13:30:52.454Z INFO  [auth] req=req-6fccfc token ok user=u-7552
2026-03-14T13:30:52.459Z INFO  [inventory] req=req-6fccfc availability SKU-1203: 181 in stock
2026-03-14T13:30:52.462Z INFO  [gateway] req=req-6fccfc GET /api/products/SKU-1203/availability -> 200 (9ms) user=u-7552
2026-03-14T13:30:58.870Z INFO  [auth] req=req-bc287e token ok user=u-5697
2026-03-14T13:30:58.884Z INFO  [gateway] req=req-bc287e GET /api/orders/o-4d7f92 -> 200 (15ms) user=u-5697
2026-03-14T13:31:02.304Z INFO  [auth] req=req-9c10ca token ok user=u-2866
2026-03-14T13:31:02.312Z INFO  [orders] req=req-9c10ca cart validated items=6 total=EUR 348.79
2026-03-14T13:31:02.320Z INFO  [inventory] req=req-9c10ca reserved 6 items hold=h-5b6dd
2026-03-14T13:31:02.327Z INFO  [payments] req=req-9c10ca authorising EUR 348.79 with psp
2026-03-14T13:31:02.457Z INFO  [payments] req=req-9c10ca psp authorised ref=psp_9154ed5a
2026-03-14T13:31:02.459Z INFO  [payments] req=req-9c10ca posting to ledger txn=lt-bf969 (attempt 1/2)
2026-03-14T13:31:02.498Z INFO  [ledger] txn=lt-bf969 posted 2 entries (38ms)
2026-03-14T13:31:02.500Z INFO  [payments] req=req-9c10ca charge captured txn=lt-bf969
2026-03-14T13:31:02.504Z INFO  [orders] req=req-9c10ca order o-87f97a confirmed
2026-03-14T13:31:02.507Z INFO  [gateway] req=req-9c10ca POST /api/checkout -> 201 (204ms) user=u-2866
2026-03-14T13:31:05.007Z DEBUG [gateway] health ledger ok (3ms)
2026-03-14T13:31:05.008Z DEBUG [gateway] health auth ok (3ms)
2026-03-14T13:31:05.015Z DEBUG [gateway] health payments ok (2ms)
2026-03-14T13:31:05.038Z DEBUG [gateway] health orders ok (3ms)
2026-03-14T13:31:05.040Z DEBUG [gateway] health inventory ok (7ms)
2026-03-14T13:31:07.300Z INFO  [ledger-db] pool stats in_use=2 idle=6 max=40 waiters=0
2026-03-14T13:31:08.016Z INFO  [auth] req=req-6f9ae4 token ok user=u-8295
2026-03-14T13:31:08.024Z INFO  [orders] req=req-6f9ae4 cart validated items=5 total=EUR 237.05
2026-03-14T13:31:08.032Z INFO  [inventory] req=req-6f9ae4 reserved 5 items hold=h-5e3b4
2026-03-14T13:31:08.039Z INFO  [payments] req=req-6f9ae4 authorising EUR 237.05 with psp
2026-03-14T13:31:08.187Z INFO  [payments] req=req-6f9ae4 psp authorised ref=psp_9d974f0b
2026-03-14T13:31:08.189Z INFO  [payments] req=req-6f9ae4 posting to ledger txn=lt-ec728 (attempt 1/2)
2026-03-14T13:31:08.321Z INFO  [ledger] txn=lt-ec728 posted 2 entries (128ms)
2026-03-14T13:31:08.323Z INFO  [payments] req=req-6f9ae4 charge captured txn=lt-ec728
2026-03-14T13:31:08.327Z INFO  [orders] req=req-6f9ae4 order o-498ae1 confirmed
2026-03-14T13:31:08.330Z INFO  [gateway] req=req-6f9ae4 POST /api/checkout -> 201 (315ms) user=u-8295
2026-03-14T13:31:10.505Z INFO  [auth] req=req-58b822 token ok user=u-7444
2026-03-14T13:31:10.510Z INFO  [inventory] req=req-58b822 availability SKU-1203: 124 in stock
2026-03-14T13:31:10.513Z INFO  [gateway] req=req-58b822 GET /api/products/SKU-1203/availability -> 200 (9ms) user=u-7444
2026-03-14T13:31:11.834Z INFO  [auth] req=req-311442 token ok user=u-3717
2026-03-14T13:31:11.873Z INFO  [gateway] req=req-311442 GET /api/cart -> 200 (25ms) user=u-3717
2026-03-14T13:31:12.365Z INFO  [auth] req=req-48e042 token ok user=u-4569
2026-03-14T13:31:12.373Z INFO  [orders] req=req-48e042 cart validated items=1 total=EUR 311.95
2026-03-14T13:31:12.381Z INFO  [inventory] req=req-48e042 reserved 1 items hold=h-4ccbe
2026-03-14T13:31:12.388Z INFO  [payments] req=req-48e042 authorising EUR 311.95 with psp
2026-03-14T13:31:12.463Z INFO  [auth] req=req-b3a764 token ok user=u-6647
2026-03-14T13:31:12.479Z INFO  [gateway] req=req-b3a764 GET /api/cart -> 200 (35ms) user=u-6647
2026-03-14T13:31:12.540Z INFO  [payments] req=req-48e042 psp authorised ref=psp_5aaeaa26
2026-03-14T13:31:12.542Z INFO  [payments] req=req-48e042 posting to ledger txn=lt-33afa (attempt 1/2)
2026-03-14T13:31:12.615Z INFO  [ledger] txn=lt-33afa posted 2 entries (70ms)
2026-03-14T13:31:12.617Z INFO  [payments] req=req-48e042 charge captured txn=lt-33afa
2026-03-14T13:31:12.621Z INFO  [orders] req=req-48e042 order o-aa7762 confirmed
2026-03-14T13:31:12.624Z INFO  [gateway] req=req-48e042 POST /api/checkout -> 201 (260ms) user=u-4569
2026-03-14T13:31:15.349Z INFO  [cache] stats hit_ratio=0.93 keys=18063 evictions/s=170
2026-03-14T13:31:16.814Z INFO  [auth] req=req-ad45b1 token ok user=u-5854
2026-03-14T13:31:16.818Z WARN  [orders] req=req-ad45b1 validation failed: cart is empty
2026-03-14T13:31:16.819Z INFO  [gateway] req=req-ad45b1 POST /api/checkout -> 422 (6ms) user=u-5854
2026-03-14T13:31:30.000Z INFO  [ledger] reconciliation: 3 entries pending from previous business day, will retry at 14:30
2026-03-14T13:31:34.006Z INFO  [gateway] req=req-6ae276 GET /api/products/SKU-1203 -> 200 (9ms)
2026-03-14T13:31:36.260Z INFO  [auth] req=req-de88cf token ok user=u-8954
2026-03-14T13:31:36.288Z INFO  [gateway] req=req-de88cf GET /api/cart -> 200 (13ms) user=u-8954
2026-03-14T13:31:37.300Z INFO  [ledger-db] pool stats in_use=3 idle=5 max=40 waiters=0
2026-03-14T13:31:42.630Z INFO  [auth] req=req-2cc385 token ok user=u-4422
2026-03-14T13:31:42.638Z INFO  [orders] req=req-2cc385 cart validated items=5 total=EUR 292.00
2026-03-14T13:31:42.646Z INFO  [inventory] req=req-2cc385 reserved 5 items hold=h-f027f
2026-03-14T13:31:42.653Z INFO  [payments] req=req-2cc385 authorising EUR 292.00 with psp
2026-03-14T13:31:42.795Z INFO  [payments] req=req-2cc385 psp authorised ref=psp_9bc318e5
2026-03-14T13:31:42.797Z INFO  [payments] req=req-2cc385 posting to ledger txn=lt-1fc8b (attempt 1/2)
2026-03-14T13:31:42.918Z INFO  [ledger] txn=lt-1fc8b posted 2 entries (119ms)
2026-03-14T13:31:42.920Z INFO  [payments] req=req-2cc385 charge captured txn=lt-1fc8b
2026-03-14T13:31:42.924Z INFO  [orders] req=req-2cc385 order o-bb2c81 confirmed
2026-03-14T13:31:42.927Z INFO  [gateway] req=req-2cc385 POST /api/checkout -> 201 (298ms) user=u-4422
2026-03-14T13:31:43.379Z INFO  [gateway] req=req-3a1a55 GET /api/products/SKU-0077 -> 200 (28ms)
2026-03-14T13:31:48.243Z INFO  [gateway] req=req-85e7a0 GET /api/products/SKU-1203 -> 200 (11ms)
2026-03-14T13:31:53.995Z INFO  [gateway] req=req-034dc8 GET /api/products/SKU-0012 -> 200 (6ms)
2026-03-14T13:32:03.000Z WARN  [scheduler] job=reindex-search skipped: lock held by node-b (this is expected on secondary nodes)
2026-03-14T13:32:05.009Z DEBUG [gateway] health auth ok (5ms)
2026-03-14T13:32:05.010Z DEBUG [gateway] health inventory ok (1ms)
2026-03-14T13:32:05.022Z DEBUG [gateway] health ledger ok (4ms)
2026-03-14T13:32:05.034Z DEBUG [gateway] health payments ok (3ms)
2026-03-14T13:32:05.037Z DEBUG [gateway] health orders ok (1ms)
2026-03-14T13:32:07.300Z INFO  [ledger-db] pool stats in_use=0 idle=8 max=40 waiters=0
2026-03-14T13:32:08.623Z INFO  [auth] req=req-5a627b login ok user=u-5854 session=s-2ec5c564
2026-03-14T13:32:08.627Z INFO  [gateway] req=req-5a627b POST /api/login -> 200 (34ms) user=u-5854
2026-03-14T13:32:10.401Z INFO  [auth] req=req-c442cf token ok user=u-5255
2026-03-14T13:32:10.406Z INFO  [inventory] req=req-c442cf availability SKU-0077: 107 in stock
2026-03-14T13:32:10.409Z INFO  [gateway] req=req-c442cf GET /api/products/SKU-0077/availability -> 200 (9ms) user=u-5255
2026-03-14T13:32:12.157Z INFO  [auth] req=req-928edd token ok user=u-8490
2026-03-14T13:32:12.165Z INFO  [orders] req=req-928edd cart validated items=4 total=EUR 356.93
2026-03-14T13:32:12.173Z INFO  [inventory] req=req-928edd reserved 4 items hold=h-c8121
2026-03-14T13:32:12.180Z INFO  [payments] req=req-928edd authorising EUR 356.93 with psp
2026-03-14T13:32:12.293Z INFO  [payments] req=req-928edd psp authorised ref=psp_0163c8bd
2026-03-14T13:32:12.295Z INFO  [payments] req=req-928edd posting to ledger txn=lt-9c99a (attempt 1/2)
2026-03-14T13:32:12.410Z INFO  [ledger] txn=lt-9c99a posted 2 entries (115ms)
2026-03-14T13:32:12.412Z INFO  [payments] req=req-928edd charge captured txn=lt-9c99a
2026-03-14T13:32:12.416Z INFO  [orders] req=req-928edd order o-ee4c8f confirmed
2026-03-14T13:32:12.419Z INFO  [gateway] req=req-928edd POST /api/checkout -> 201 (263ms) user=u-8490
2026-03-14T13:32:16.533Z INFO  [gateway] req=req-ceaea7 GET /api/products/SKU-0901 -> 200 (23ms)
2026-03-14T13:32:17.020Z INFO  [auth] req=req-2c4ba2 token ok user=u-8739
2026-03-14T13:32:17.035Z INFO  [gateway] req=req-2c4ba2 GET /api/cart -> 200 (38ms) user=u-8739
2026-03-14T13:32:17.710Z INFO  [auth] req=req-026042 token ok user=u-7033
2026-03-14T13:32:17.715Z INFO  [inventory] req=req-026042 availability SKU-0777: 284 in stock
2026-03-14T13:32:17.718Z INFO  [gateway] req=req-026042 GET /api/products/SKU-0777/availability -> 200 (9ms) user=u-7033
2026-03-14T13:32:18.195Z INFO  [auth] req=req-5ee63b token ok user=u-3371
2026-03-14T13:32:18.203Z INFO  [orders] req=req-5ee63b cart validated items=2 total=EUR 183.36
2026-03-14T13:32:18.211Z INFO  [inventory] req=req-5ee63b reserved 2 items hold=h-e373a
2026-03-14T13:32:18.218Z INFO  [payments] req=req-5ee63b authorising EUR 183.36 with psp
2026-03-14T13:32:18.443Z INFO  [payments] req=req-5ee63b psp authorised ref=psp_fb400e0f
2026-03-14T13:32:18.445Z INFO  [payments] req=req-5ee63b posting to ledger txn=lt-8ef95 (attempt 1/2)
2026-03-14T13:32:18.515Z INFO  [ledger] txn=lt-8ef95 posted 2 entries (68ms)
2026-03-14T13:32:18.517Z INFO  [payments] req=req-5ee63b charge captured txn=lt-8ef95
2026-03-14T13:32:18.521Z INFO  [orders] req=req-5ee63b order o-d11beb confirmed
2026-03-14T13:32:18.524Z INFO  [gateway] req=req-5ee63b POST /api/checkout -> 201 (330ms) user=u-3371
2026-03-14T13:32:20.561Z INFO  [cache] stats hit_ratio=0.95 keys=19894 evictions/s=327
2026-03-14T13:32:23.751Z INFO  [auth] req=req-8a39d9 token ok user=u-8109
2026-03-14T13:32:23.759Z INFO  [orders] req=req-8a39d9 cart validated items=3 total=EUR 222.37
2026-03-14T13:32:23.767Z INFO  [inventory] req=req-8a39d9 reserved 3 items hold=h-e4cdf
2026-03-14T13:32:23.774Z INFO  [payments] req=req-8a39d9 authorising EUR 222.37 with psp
2026-03-14T13:32:23.934Z INFO  [payments] req=req-8a39d9 psp authorised ref=psp_e8e1222f
2026-03-14T13:32:23.936Z INFO  [payments] req=req-8a39d9 posting to ledger txn=lt-b03e0 (attempt 1/2)
2026-03-14T13:32:24.042Z INFO  [ledger] txn=lt-b03e0 posted 2 entries (105ms)
2026-03-14T13:32:24.044Z INFO  [payments] req=req-8a39d9 charge captured txn=lt-b03e0
2026-03-14T13:32:24.048Z INFO  [orders] req=req-8a39d9 order o-42e45a confirmed
2026-03-14T13:32:24.051Z INFO  [gateway] req=req-8a39d9 POST /api/checkout -> 201 (301ms) user=u-8109
2026-03-14T13:32:30.830Z INFO  [gateway] req=req-ae115f GET /api/products/SKU-0777 -> 200 (17ms)
2026-03-14T13:32:34.529Z INFO  [gateway] req=req-f8e785 GET /api/products/SKU-0404 -> 200 (25ms)
2026-03-14T13:32:35.021Z WARN  [auth] req=req-ea921b login failed for user=u-6957: bad password (attempt 3)
2026-03-14T13:32:35.059Z INFO  [gateway] req=req-ea921b POST /api/login -> 401 (40ms)
2026-03-14T13:32:37.300Z INFO  [ledger-db] pool stats in_use=2 idle=6 max=40 waiters=0
2026-03-14T13:32:39.851Z INFO  [gateway] req=req-758919 GET /api/products/SKU-0901 -> 200 (9ms)
2026-03-14T13:32:39.851Z INFO  [auth] req=req-bb82a7 token ok user=u-9276
2026-03-14T13:32:39.885Z INFO  [gateway] req=req-bb82a7 GET /api/cart -> 200 (10ms) user=u-9276
2026-03-14T13:32:41.835Z INFO  [auth] req=req-f80179 token ok user=u-2898
2026-03-14T13:32:41.849Z INFO  [gateway] req=req-f80179 GET /api/orders/o-49f85b -> 200 (15ms) user=u-2898
2026-03-14T13:32:41.868Z INFO  [gateway] req=req-ff5a0d GET /api/products/SKU-0230 -> 200 (23ms)
2026-03-14T13:32:47.761Z INFO  [gateway] req=req-75baea GET /api/products/SKU-0230 -> 200 (14ms)
2026-03-14T13:32:49.061Z INFO  [gateway] req=req-cef78f GET /api/products/SKU-0901 -> 200 (30ms)
2026-03-14T13:32:53.885Z INFO  [auth] req=req-e7163f token ok user=u-7770
2026-03-14T13:32:53.899Z INFO  [gateway] req=req-e7163f GET /api/orders/o-26c4c2 -> 200 (15ms) user=u-7770
2026-03-14T13:32:57.132Z WARN  [auth] req=req-65affa token expired user=u-3566
2026-03-14T13:32:57.133Z INFO  [gateway] req=req-65affa POST /api/checkout -> 401 (2ms)
2026-03-14T13:32:58.238Z INFO  [gateway] req=req-d62433 GET /api/products/SKU-0404 -> 200 (27ms)
2026-03-14T13:32:59.516Z INFO  [auth] req=req-ce9a0c token ok user=u-5357
2026-03-14T13:32:59.524Z INFO  [orders] req=req-ce9a0c cart validated items=3 total=EUR 454.30
2026-03-14T13:32:59.532Z INFO  [inventory] req=req-ce9a0c reserved 3 items hold=h-6d60f
2026-03-14T13:32:59.539Z INFO  [payments] req=req-ce9a0c authorising EUR 454.30 with psp
2026-03-14T13:32:59.666Z INFO  [payments] req=req-ce9a0c psp authorised ref=psp_6dc2d3c9
2026-03-14T13:32:59.668Z INFO  [payments] req=req-ce9a0c posting to ledger txn=lt-7aa93 (attempt 1/2)
2026-03-14T13:32:59.725Z INFO  [ledger] txn=lt-7aa93 posted 2 entries (53ms)
2026-03-14T13:32:59.727Z INFO  [payments] req=req-ce9a0c charge captured txn=lt-7aa93
2026-03-14T13:32:59.731Z INFO  [orders] req=req-ce9a0c order o-923cf6 confirmed
2026-03-14T13:32:59.734Z INFO  [gateway] req=req-ce9a0c POST /api/checkout -> 201 (219ms) user=u-5357
2026-03-14T13:33:00.000Z INFO  [ledger] settlement batch started: 48210 rows, workers=3 (each holds one db connection)
2026-03-14T13:33:01.346Z INFO  [auth] req=req-6ea601 token ok user=u-7552
2026-03-14T13:33:01.354Z INFO  [orders] req=req-6ea601 cart validated items=4 total=EUR 36.88
2026-03-14T13:33:01.362Z INFO  [inventory] req=req-6ea601 reserved 4 items hold=h-82e75
2026-03-14T13:33:01.369Z INFO  [payments] req=req-6ea601 authorising EUR 36.88 with psp
2026-03-14T13:33:01.624Z INFO  [payments] req=req-6ea601 psp authorised ref=psp_4c1d5f72
2026-03-14T13:33:01.626Z INFO  [payments] req=req-6ea601 posting to ledger txn=lt-5a2a0 (attempt 1/2)
2026-03-14T13:33:01.681Z INFO  [ledger] txn=lt-5a2a0 posted 2 entries (53ms)
2026-03-14T13:33:01.683Z INFO  [payments] req=req-6ea601 charge captured txn=lt-5a2a0
2026-03-14T13:33:01.687Z INFO  [orders] req=req-6ea601 order o-76a4b3 confirmed
2026-03-14T13:33:01.690Z INFO  [gateway] req=req-6ea601 POST /api/checkout -> 201 (345ms) user=u-7552
2026-03-14T13:33:05.012Z DEBUG [gateway] health inventory ok (1ms)
2026-03-14T13:33:05.019Z DEBUG [gateway] health ledger ok (2ms)
2026-03-14T13:33:05.024Z DEBUG [gateway] health payments ok (4ms)
2026-03-14T13:33:05.032Z DEBUG [gateway] health orders ok (2ms)
2026-03-14T13:33:05.034Z DEBUG [gateway] health auth ok (5ms)
2026-03-14T13:33:07.300Z INFO  [ledger-db] pool stats in_use=4 idle=4 max=40 waiters=0
2026-03-14T13:33:09.408Z INFO  [auth] req=req-a5225f token ok user=u-8977
2026-03-14T13:33:09.416Z INFO  [orders] req=req-a5225f cart validated items=1 total=EUR 368.16
2026-03-14T13:33:09.424Z INFO  [inventory] req=req-a5225f reserved 1 items hold=h-dc6de
2026-03-14T13:33:09.431Z INFO  [payments] req=req-a5225f authorising EUR 368.16 with psp
2026-03-14T13:33:09.597Z INFO  [payments] req=req-a5225f psp authorised ref=psp_c4d6013b
2026-03-14T13:33:09.599Z INFO  [payments] req=req-a5225f posting to ledger txn=lt-02709 (attempt 1/2)
2026-03-14T13:33:09.684Z INFO  [ledger] txn=lt-02709 posted 2 entries (83ms)
2026-03-14T13:33:09.686Z INFO  [payments] req=req-a5225f charge captured txn=lt-02709
2026-03-14T13:33:09.690Z INFO  [orders] req=req-a5225f order o-2e3401 confirmed
2026-03-14T13:33:09.693Z INFO  [gateway] req=req-a5225f POST /api/checkout -> 201 (286ms) user=u-8977
2026-03-14T13:33:16.965Z INFO  [auth] req=req-8e3b75 token ok user=u-5255
2026-03-14T13:33:16.971Z INFO  [auth] req=req-554d5e token ok user=u-3726
2026-03-14T13:33:16.973Z INFO  [orders] req=req-8e3b75 cart validated items=5 total=EUR 73.63
2026-03-14T13:33:16.980Z INFO  [gateway] req=req-554d5e GET /api/cart -> 200 (16ms) user=u-3726
2026-03-14T13:33:16.981Z INFO  [inventory] req=req-8e3b75 reserved 5 items hold=h-6289d
2026-03-14T13:33:16.988Z INFO  [payments] req=req-8e3b75 authorising EUR 73.63 with psp
2026-03-14T13:33:17.177Z INFO  [payments] req=req-8e3b75 psp authorised ref=psp_d2763c79
2026-03-14T13:33:17.179Z INFO  [payments] req=req-8e3b75 posting to ledger txn=lt-1ed51 (attempt 1/2)
2026-03-14T13:33:17.312Z INFO  [ledger] txn=lt-1ed51 posted 2 entries (131ms)
2026-03-14T13:33:17.314Z INFO  [payments] req=req-8e3b75 charge captured txn=lt-1ed51
2026-03-14T13:33:17.318Z INFO  [orders] req=req-8e3b75 order o-c57648 confirmed
2026-03-14T13:33:17.321Z INFO  [gateway] req=req-8e3b75 POST /api/checkout -> 201 (357ms) user=u-5255
2026-03-14T13:33:19.903Z INFO  [gateway] req=req-1ac32c GET /api/products/SKU-0318 -> 200 (26ms)
2026-03-14T13:33:24.820Z INFO  [auth] req=req-444bcc token ok user=u-4442
2026-03-14T13:33:24.828Z INFO  [orders] req=req-444bcc cart validated items=3 total=EUR 98.16
2026-03-14T13:33:24.836Z INFO  [inventory] req=req-444bcc reserved 3 items hold=h-ccd77
2026-03-14T13:33:24.843Z INFO  [payments] req=req-444bcc authorising EUR 98.16 with psp
2026-03-14T13:33:24.995Z INFO  [payments] req=req-444bcc psp authorised ref=psp_ecc800f3
2026-03-14T13:33:24.997Z INFO  [payments] req=req-444bcc posting to ledger txn=lt-e52b7 (attempt 1/2)
2026-03-14T13:33:25.128Z INFO  [ledger] txn=lt-e52b7 posted 2 entries (128ms)
2026-03-14T13:33:25.130Z INFO  [payments] req=req-444bcc charge captured txn=lt-e52b7
2026-03-14T13:33:25.134Z INFO  [orders] req=req-444bcc order o-62255f confirmed
2026-03-14T13:33:25.137Z INFO  [gateway] req=req-444bcc POST /api/checkout -> 201 (318ms) user=u-4442
2026-03-14T13:33:26.099Z INFO  [auth] req=req-42fca8 token ok user=u-3566
2026-03-14T13:33:26.107Z INFO  [orders] req=req-42fca8 cart validated items=2 total=EUR 139.81
2026-03-14T13:33:26.115Z INFO  [inventory] req=req-42fca8 reserved 2 items hold=h-2bf90
2026-03-14T13:33:26.122Z INFO  [payments] req=req-42fca8 authorising EUR 139.81 with psp
2026-03-14T13:33:26.232Z INFO  [payments] req=req-42fca8 psp authorised ref=psp_a6142564
2026-03-14T13:33:26.234Z INFO  [payments] req=req-42fca8 posting to ledger txn=lt-2e40e (attempt 1/2)
2026-03-14T13:33:26.288Z INFO  [ledger] txn=lt-2e40e posted 2 entries (52ms)
2026-03-14T13:33:26.290Z INFO  [payments] req=req-42fca8 charge captured txn=lt-2e40e
2026-03-14T13:33:26.294Z INFO  [orders] req=req-42fca8 order o-b231a4 confirmed
2026-03-14T13:33:26.297Z INFO  [gateway] req=req-42fca8 POST /api/checkout -> 201 (199ms) user=u-3566
2026-03-14T13:33:28.802Z INFO  [cache] stats hit_ratio=0.91 keys=18967 evictions/s=242
2026-03-14T13:33:28.805Z WARN  [cache] eviction rate high (310/s) - consider raising maxmemory
2026-03-14T13:33:32.702Z INFO  [auth] req=req-f87107 token ok user=u-5175
2026-03-14T13:33:32.722Z INFO  [gateway] req=req-f87107 GET /api/cart -> 200 (15ms) user=u-5175
2026-03-14T13:33:34.218Z INFO  [gateway] req=req-bc7007 GET /api/products/SKU-0105 -> 200 (6ms)
2026-03-14T13:33:37.300Z INFO  [ledger-db] pool stats in_use=4 idle=4 max=40 waiters=0
2026-03-14T13:33:39.866Z INFO  [auth] req=req-9326f8 token ok user=u-1460
2026-03-14T13:33:39.874Z INFO  [orders] req=req-9326f8 cart validated items=6 total=EUR 468.89
2026-03-14T13:33:39.882Z INFO  [inventory] req=req-9326f8 reserved 6 items hold=h-c60f0
2026-03-14T13:33:39.889Z INFO  [payments] req=req-9326f8 authorising EUR 468.89 with psp
2026-03-14T13:33:40.088Z INFO  [payments] req=req-9326f8 psp authorised ref=psp_f3bddee5
2026-03-14T13:33:40.090Z INFO  [payments] req=req-9326f8 posting to ledger txn=lt-3f664 (attempt 1/2)
2026-03-14T13:33:40.131Z INFO  [ledger] txn=lt-3f664 posted 2 entries (41ms)
2026-03-14T13:33:40.133Z INFO  [payments] req=req-9326f8 charge captured txn=lt-3f664
2026-03-14T13:33:40.137Z INFO  [orders] req=req-9326f8 order o-5aefb4 confirmed
2026-03-14T13:33:40.140Z INFO  [gateway] req=req-9326f8 POST /api/checkout -> 201 (275ms) user=u-1460
2026-03-14T13:33:40.372Z INFO  [auth] req=req-55bb38 token ok user=u-9737
2026-03-14T13:33:40.380Z INFO  [orders] req=req-55bb38 cart validated items=4 total=EUR 394.71
2026-03-14T13:33:40.388Z INFO  [inventory] req=req-55bb38 reserved 4 items hold=h-eb936
2026-03-14T13:33:40.395Z INFO  [payments] req=req-55bb38 authorising EUR 394.71 with psp
2026-03-14T13:33:40.548Z INFO  [payments] req=req-55bb38 psp authorised ref=psp_90504e59
2026-03-14T13:33:40.550Z INFO  [payments] req=req-55bb38 posting to ledger txn=lt-68965 (attempt 1/2)
2026-03-14T13:33:40.584Z INFO  [ledger] txn=lt-68965 posted 2 entries (31ms)
2026-03-14T13:33:40.586Z INFO  [payments] req=req-55bb38 charge captured txn=lt-68965
2026-03-14T13:33:40.590Z INFO  [orders] req=req-55bb38 order o-f6d35a confirmed
2026-03-14T13:33:40.593Z INFO  [gateway] req=req-55bb38 POST /api/checkout -> 201 (222ms) user=u-9737
2026-03-14T13:33:40.635Z INFO  [auth] req=req-d1bb03 token ok user=u-3663
2026-03-14T13:33:40.657Z INFO  [gateway] req=req-d1bb03 GET /api/cart -> 200 (15ms) user=u-3663
2026-03-14T13:33:40.769Z INFO  [auth] req=req-48efca token ok user=u-1178
2026-03-14T13:33:40.777Z INFO  [orders] req=req-48efca cart validated items=3 total=EUR 28.49
2026-03-14T13:33:40.785Z INFO  [inventory] req=req-48efca reserved 3 items hold=h-cde1c
2026-03-14T13:33:40.792Z INFO  [payments] req=req-48efca authorising EUR 28.49 with psp
2026-03-14T13:33:40.992Z INFO  [payments] req=req-48efca psp authorised ref=psp_32741687
2026-03-14T13:33:40.994Z INFO  [payments] req=req-48efca posting to ledger txn=lt-efe44 (attempt 1/2)
2026-03-14T13:33:41.029Z INFO  [ledger] txn=lt-efe44 posted 2 entries (32ms)
2026-03-14T13:33:41.031Z INFO  [payments] req=req-48efca charge captured txn=lt-efe44
2026-03-14T13:33:41.035Z INFO  [orders] req=req-48efca order o-8b0749 confirmed
2026-03-14T13:33:41.038Z INFO  [gateway] req=req-48efca POST /api/checkout -> 201 (270ms) user=u-1178
2026-03-14T13:33:42.484Z INFO  [gateway] req=req-c1e094 GET /api/products/SKU-0901 -> 200 (17ms)
2026-03-14T13:33:42.709Z INFO  [gateway] req=req-157d43 GET /api/products/SKU-0512 -> 200 (10ms)
2026-03-14T13:33:43.263Z INFO  [auth] req=req-308e28 token ok user=u-9567
2026-03-14T13:33:43.271Z INFO  [orders] req=req-308e28 cart validated items=1 total=EUR 172.76
2026-03-14T13:33:43.279Z INFO  [inventory] req=req-308e28 reserved 1 items hold=h-47583
2026-03-14T13:33:43.286Z INFO  [payments] req=req-308e28 authorising EUR 172.76 with psp
2026-03-14T13:33:43.431Z INFO  [payments] req=req-308e28 psp authorised ref=psp_8ae47edc
2026-03-14T13:33:43.433Z INFO  [payments] req=req-308e28 posting to ledger txn=lt-26d45 (attempt 1/2)
2026-03-14T13:33:43.434Z DEBUG [ledger-db] acquire txn=lt-26d45 waited=1ms in_use=2/40
2026-03-14T13:33:43.501Z INFO  [ledger] txn=lt-26d45 posted 2 entries (67ms)
2026-03-14T13:33:43.503Z INFO  [payments] req=req-308e28 charge captured txn=lt-26d45
2026-03-14T13:33:43.507Z INFO  [orders] req=req-308e28 order o-970cf0 confirmed
2026-03-14T13:33:43.510Z INFO  [gateway] req=req-308e28 POST /api/checkout -> 201 (248ms) user=u-9567
2026-03-14T13:33:46.306Z INFO  [auth] req=req-92f404 login ok user=u-3207 session=s-5b60945c
2026-03-14T13:33:46.310Z INFO  [gateway] req=req-92f404 POST /api/login -> 200 (34ms) user=u-3207
2026-03-14T13:33:50.149Z INFO  [gateway] req=req-545f62 GET /api/products/SKU-0777 -> 200 (4ms)
2026-03-14T13:33:50.334Z INFO  [auth] req=req-35c7d5 token ok user=u-8842
2026-03-14T13:33:50.342Z INFO  [orders] req=req-35c7d5 cart validated items=2 total=EUR 272.83
2026-03-14T13:33:50.350Z INFO  [inventory] req=req-35c7d5 reserved 2 items hold=h-d10ba
2026-03-14T13:33:50.357Z INFO  [payments] req=req-35c7d5 authorising EUR 272.83 with psp
2026-03-14T13:33:50.532Z INFO  [payments] req=req-35c7d5 psp authorised ref=psp_4191f69c
2026-03-14T13:33:50.534Z INFO  [payments] req=req-35c7d5 posting to ledger txn=lt-bb322 (attempt 1/2)
2026-03-14T13:33:50.638Z INFO  [ledger] txn=lt-bb322 posted 2 entries (103ms)
2026-03-14T13:33:50.640Z INFO  [payments] req=req-35c7d5 charge captured txn=lt-bb322
2026-03-14T13:33:50.644Z INFO  [orders] req=req-35c7d5 order o-b58552 confirmed
2026-03-14T13:33:50.647Z INFO  [gateway] req=req-35c7d5 POST /api/checkout -> 201 (314ms) user=u-8842
2026-03-14T13:33:53.591Z INFO  [auth] req=req-78d12d login ok user=u-5175 session=s-412a0894
2026-03-14T13:33:53.595Z INFO  [gateway] req=req-78d12d POST /api/login -> 200 (34ms) user=u-5175
2026-03-14T13:33:54.923Z INFO  [auth] req=req-602857 token ok user=u-8636
2026-03-14T13:33:54.931Z INFO  [orders] req=req-602857 cart validated items=5 total=EUR 60.21
2026-03-14T13:33:54.939Z INFO  [inventory] req=req-602857 reserved 5 items hold=h-0ad4f
2026-03-14T13:33:54.946Z INFO  [payments] req=req-602857 authorising EUR 60.21 with psp
2026-03-14T13:33:55.157Z INFO  [gateway] req=req-d05e36 GET /api/products/SKU-1203 -> 200 (19ms)
2026-03-14T13:33:55.165Z INFO  [payments] req=req-602857 psp authorised ref=psp_d512b6b7
2026-03-14T13:33:55.167Z INFO  [payments] req=req-602857 posting to ledger txn=lt-6bf55 (attempt 1/2)
2026-03-14T13:33:55.237Z INFO  [ledger] txn=lt-6bf55 posted 2 entries (69ms)
2026-03-14T13:33:55.239Z INFO  [payments] req=req-602857 charge captured txn=lt-6bf55
2026-03-14T13:33:55.243Z INFO  [orders] req=req-602857 order o-5909f4 confirmed
2026-03-14T13:33:55.246Z INFO  [gateway] req=req-602857 POST /api/checkout -> 201 (324ms) user=u-8636
2026-03-14T13:33:56.741Z INFO  [auth] req=req-c64353 token ok user=u-1654
2026-03-14T13:33:56.749Z INFO  [orders] req=req-c64353 cart validated items=1 total=EUR 64.00
2026-03-14T13:33:56.757Z INFO  [inventory] req=req-c64353 reserved 1 items hold=h-d5c47
2026-03-14T13:33:56.764Z INFO  [payments] req=req-c64353 authorising EUR 64.00 with psp
2026-03-14T13:33:56.883Z INFO  [payments] req=req-c64353 psp authorised ref=psp_4e2a44dd
2026-03-14T13:33:56.885Z INFO  [payments] req=req-c64353 posting to ledger txn=lt-c59ae (attempt 1/2)
2026-03-14T13:33:56.989Z INFO  [ledger] txn=lt-c59ae posted 2 entries (104ms)
2026-03-14T13:33:56.991Z INFO  [payments] req=req-c64353 charge captured txn=lt-c59ae
2026-03-14T13:33:56.995Z INFO  [orders] req=req-c64353 order o-52bd2d confirmed
2026-03-14T13:33:56.998Z INFO  [gateway] req=req-c64353 POST /api/checkout -> 201 (258ms) user=u-1654
2026-03-14T13:33:57.700Z INFO  [auth] req=req-3f6d28 token ok user=u-3987
2026-03-14T13:33:57.714Z INFO  [gateway] req=req-3f6d28 GET /api/orders/o-9b2390 -> 200 (15ms) user=u-3987
2026-03-14T13:34:00.000Z INFO  [ledger] settlement batch progress 25%
2026-03-14T13:34:02.092Z INFO  [gateway] req=req-33465e GET /api/products/SKU-1203 -> 200 (20ms)
2026-03-14T13:34:05.002Z DEBUG [gateway] health inventory ok (9ms)
2026-03-14T13:34:05.020Z DEBUG [gateway] health orders ok (2ms)
2026-03-14T13:34:05.022Z DEBUG [gateway] health ledger ok (3ms)
2026-03-14T13:34:05.027Z DEBUG [gateway] health auth ok (8ms)
2026-03-14T13:34:05.040Z DEBUG [gateway] health payments ok (9ms)
2026-03-14T13:34:05.797Z INFO  [auth] req=req-9afc63 token ok user=u-2243
2026-03-14T13:34:05.811Z INFO  [gateway] req=req-9afc63 GET /api/orders/o-077b98 -> 200 (15ms) user=u-2243
2026-03-14T13:34:07.300Z INFO  [ledger-db] pool stats in_use=4 idle=4 max=40 waiters=0
2026-03-14T13:34:10.079Z INFO  [auth] req=req-57890a token ok user=u-2653
2026-03-14T13:34:10.093Z INFO  [gateway] req=req-57890a GET /api/orders/o-64df97 -> 200 (15ms) user=u-2653
2026-03-14T13:34:11.320Z INFO  [auth] req=req-b39b93 token ok user=u-8116
2026-03-14T13:34:11.328Z INFO  [orders] req=req-b39b93 cart validated items=2 total=EUR 142.76
2026-03-14T13:34:11.336Z INFO  [inventory] req=req-b39b93 reserved 2 items hold=h-f3dba
2026-03-14T13:34:11.343Z INFO  [payments] req=req-b39b93 authorising EUR 142.76 with psp
2026-03-14T13:34:11.494Z INFO  [payments] req=req-b39b93 psp authorised ref=psp_7abff858
2026-03-14T13:34:11.496Z INFO  [payments] req=req-b39b93 posting to ledger txn=lt-b3f98 (attempt 1/2)
2026-03-14T13:34:11.612Z INFO  [ledger] txn=lt-b3f98 posted 2 entries (114ms)
2026-03-14T13:34:11.614Z INFO  [payments] req=req-b39b93 charge captured txn=lt-b3f98
2026-03-14T13:34:11.618Z INFO  [orders] req=req-b39b93 order o-982caf confirmed
2026-03-14T13:34:11.621Z INFO  [gateway] req=req-b39b93 POST /api/checkout -> 201 (302ms) user=u-8116
2026-03-14T13:34:15.251Z INFO  [auth] req=req-66329a token ok user=u-1140
2026-03-14T13:34:15.259Z INFO  [orders] req=req-66329a cart validated items=4 total=EUR 88.51
2026-03-14T13:34:15.267Z INFO  [inventory] req=req-66329a reserved 4 items hold=h-0833f
2026-03-14T13:34:15.274Z INFO  [payments] req=req-66329a authorising EUR 88.51 with psp
2026-03-14T13:34:15.407Z INFO  [payments] req=req-66329a psp authorised ref=psp_0cc3d3ee
2026-03-14T13:34:15.409Z INFO  [payments] req=req-66329a posting to ledger txn=lt-0c996 (attempt 1/2)
2026-03-14T13:34:15.540Z INFO  [ledger] txn=lt-0c996 posted 2 entries (130ms)
2026-03-14T13:34:15.542Z INFO  [payments] req=req-66329a charge captured txn=lt-0c996
2026-03-14T13:34:15.546Z INFO  [orders] req=req-66329a order o-740827 confirmed
2026-03-14T13:34:15.549Z INFO  [gateway] req=req-66329a POST /api/checkout -> 201 (299ms) user=u-1140
2026-03-14T13:34:19.287Z INFO  [auth] req=req-949ecf token ok user=u-8076
2026-03-14T13:34:19.319Z INFO  [gateway] req=req-949ecf GET /api/cart -> 200 (18ms) user=u-8076
2026-03-14T13:34:19.609Z INFO  [gateway] req=req-a3fcdc GET /api/products/SKU-0318 -> 200 (17ms)
2026-03-14T13:34:21.959Z INFO  [auth] req=req-ea1c68 token ok user=u-6318
2026-03-14T13:34:21.967Z INFO  [orders] req=req-ea1c68 cart validated items=6 total=EUR 220.28
2026-03-14T13:34:21.975Z INFO  [inventory] req=req-ea1c68 reserved 6 items hold=h-547c1
2026-03-14T13:34:21.982Z INFO  [payments] req=req-ea1c68 authorising EUR 220.28 with psp
2026-03-14T13:34:22.120Z INFO  [payments] req=req-ea1c68 psp authorised ref=psp_7237c827
2026-03-14T13:34:22.122Z INFO  [payments] req=req-ea1c68 posting to ledger txn=lt-7b533 (attempt 1/2)
2026-03-14T13:34:22.253Z INFO  [ledger] txn=lt-7b533 posted 2 entries (129ms)
2026-03-14T13:34:22.255Z INFO  [payments] req=req-ea1c68 charge captured txn=lt-7b533
2026-03-14T13:34:22.259Z INFO  [orders] req=req-ea1c68 order o-242f4a confirmed
2026-03-14T13:34:22.262Z INFO  [gateway] req=req-ea1c68 POST /api/checkout -> 201 (304ms) user=u-6318
2026-03-14T13:34:22.336Z INFO  [gateway] req=req-ac057f GET /api/products/SKU-0404 -> 200 (12ms)
2026-03-14T13:34:23.986Z INFO  [gateway] req=req-2e0bc7 GET /api/products/SKU-1203 -> 200 (5ms)
2026-03-14T13:34:28.248Z INFO  [cache] stats hit_ratio=0.92 keys=18209 evictions/s=202
2026-03-14T13:34:28.251Z WARN  [cache] eviction rate high (457/s) - consider raising maxmemory
2026-03-14T13:34:29.377Z INFO  [auth] req=req-458864 token ok user=u-4260
2026-03-14T13:34:29.385Z INFO  [orders] req=req-458864 cart validated items=1 total=EUR 285.63
2026-03-14T13:34:29.393Z INFO  [inventory] req=req-458864 reserved 1 items hold=h-05ef8
2026-03-14T13:34:29.400Z INFO  [payments] req=req-458864 authorising EUR 285.63 with psp
2026-03-14T13:34:29.496Z INFO  [payments] req=req-458864 psp authorised ref=psp_1fbbed9f
2026-03-14T13:34:29.498Z INFO  [payments] req=req-458864 posting to ledger txn=lt-f1d98 (attempt 1/2)
2026-03-14T13:34:29.502Z DEBUG [ledger-db] acquire txn=lt-f1d98 waited=4ms in_use=3/40
2026-03-14T13:34:29.584Z INFO  [auth] req=req-96f97a login ok user=u-4066 session=s-74ed2b4d
2026-03-14T13:34:29.588Z INFO  [gateway] req=req-96f97a POST /api/login -> 200 (34ms) user=u-4066
2026-03-14T13:34:29.636Z INFO  [ledger] txn=lt-f1d98 posted 2 entries (134ms)
2026-03-14T13:34:29.638Z INFO  [payments] req=req-458864 charge captured txn=lt-f1d98
2026-03-14T13:34:29.642Z INFO  [orders] req=req-458864 order o-803132 confirmed
2026-03-14T13:34:29.645Z INFO  [gateway] req=req-458864 POST /api/checkout -> 201 (269ms) user=u-4260
2026-03-14T13:34:34.678Z INFO  [auth] req=req-1d6fff token ok user=u-6935
2026-03-14T13:34:34.686Z INFO  [orders] req=req-1d6fff cart validated items=5 total=EUR 240.91
2026-03-14T13:34:34.694Z INFO  [inventory] req=req-1d6fff reserved 5 items hold=h-2005e
2026-03-14T13:34:34.701Z INFO  [payments] req=req-1d6fff authorising EUR 240.91 with psp
2026-03-14T13:34:34.939Z INFO  [payments] req=req-1d6fff psp authorised ref=psp_6cc6b1d9
2026-03-14T13:34:34.941Z INFO  [payments] req=req-1d6fff posting to ledger txn=lt-b2d0b (attempt 1/2)
2026-03-14T13:34:35.032Z INFO  [ledger] txn=lt-b2d0b posted 2 entries (87ms)
2026-03-14T13:34:35.034Z INFO  [payments] req=req-1d6fff charge captured txn=lt-b2d0b
2026-03-14T13:34:35.038Z INFO  [orders] req=req-1d6fff order o-5b06f4 confirmed
2026-03-14T13:34:35.041Z INFO  [gateway] req=req-1d6fff POST /api/checkout -> 201 (364ms) user=u-6935
2026-03-14T13:34:37.300Z INFO  [ledger-db] pool stats in_use=4 idle=4 max=40 waiters=0
2026-03-14T13:34:39.697Z INFO  [auth] req=req-93ef02 token ok user=u-8739
2026-03-14T13:34:39.705Z INFO  [orders] req=req-93ef02 cart validated items=5 total=EUR 455.51
2026-03-14T13:34:39.713Z INFO  [inventory] req=req-93ef02 reserved 5 items hold=h-70fcc
2026-03-14T13:34:39.720Z INFO  [payments] req=req-93ef02 authorising EUR 455.51 with psp
2026-03-14T13:34:39.835Z INFO  [payments] req=req-93ef02 psp authorised ref=psp_7dce41b6
2026-03-14T13:34:39.837Z INFO  [payments] req=req-93ef02 posting to ledger txn=lt-69c78 (attempt 1/2)
2026-03-14T13:34:39.892Z INFO  [ledger] txn=lt-69c78 posted 2 entries (54ms)
2026-03-14T13:34:39.894Z INFO  [payments] req=req-93ef02 charge captured txn=lt-69c78
2026-03-14T13:34:39.898Z INFO  [orders] req=req-93ef02 order o-91bbe4 confirmed
2026-03-14T13:34:39.901Z INFO  [gateway] req=req-93ef02 POST /api/checkout -> 201 (205ms) user=u-8739
2026-03-14T13:34:40.592Z INFO  [auth] req=req-f4ebab token ok user=u-1321
2026-03-14T13:34:40.596Z WARN  [orders] req=req-f4ebab validation failed: cart is empty
2026-03-14T13:34:40.597Z INFO  [gateway] req=req-f4ebab POST /api/checkout -> 422 (6ms) user=u-1321
2026-03-14T13:34:49.551Z INFO  [auth] req=req-744164 token ok user=u-9567
2026-03-14T13:34:49.555Z WARN  [orders] req=req-744164 validation failed: cart is empty
2026-03-14T13:34:49.556Z INFO  [gateway] req=req-744164 POST /api/checkout -> 422 (6ms) user=u-9567
2026-03-14T13:34:49.826Z INFO  [auth] req=req-dfa8e2 token ok user=u-3207
2026-03-14T13:34:49.834Z INFO  [orders] req=req-dfa8e2 cart validated items=5 total=EUR 437.32
2026-03-14T13:34:49.842Z INFO  [inventory] req=req-dfa8e2 reserved 5 items hold=h-311e2
2026-03-14T13:34:49.849Z INFO  [payments] req=req-dfa8e2 authorising EUR 437.32 with psp
2026-03-14T13:34:50.053Z INFO  [payments] req=req-dfa8e2 psp authorised ref=psp_782bc82c
2026-03-14T13:34:50.055Z INFO  [payments] req=req-dfa8e2 posting to ledger txn=lt-91e03 (attempt 1/2)
2026-03-14T13:34:50.057Z DEBUG [ledger-db] acquire txn=lt-91e03 waited=2ms in_use=1/40
2026-03-14T13:34:50.085Z INFO  [ledger] txn=lt-91e03 posted 2 entries (28ms)
2026-03-14T13:34:50.087Z INFO  [payments] req=req-dfa8e2 charge captured txn=lt-91e03
2026-03-14T13:34:50.091Z INFO  [orders] req=req-dfa8e2 order o-ef08d3 confirmed
2026-03-14T13:34:50.094Z INFO  [gateway] req=req-dfa8e2 POST /api/checkout -> 201 (269ms) user=u-3207
2026-03-14T13:34:50.485Z INFO  [auth] req=req-dc8ee2 token ok user=u-3466
2026-03-14T13:34:50.493Z INFO  [orders] req=req-dc8ee2 cart validated items=1 total=EUR 364.72
2026-03-14T13:34:50.501Z INFO  [inventory] req=req-dc8ee2 reserved 1 items hold=h-ee3ee
2026-03-14T13:34:50.508Z INFO  [payments] req=req-dc8ee2 authorising EUR 364.72 with psp
2026-03-14T13:34:50.609Z INFO  [payments] req=req-dc8ee2 psp authorised ref=psp_43943505
2026-03-14T13:34:50.611Z INFO  [payments] req=req-dc8ee2 posting to ledger txn=lt-a47fc (attempt 1/2)
2026-03-14T13:34:50.742Z INFO  [ledger] txn=lt-a47fc posted 2 entries (130ms)
2026-03-14T13:34:50.744Z INFO  [payments] req=req-dc8ee2 charge captured txn=lt-a47fc
2026-03-14T13:34:50.748Z INFO  [orders] req=req-dc8ee2 order o-79ac53 confirmed
2026-03-14T13:34:50.751Z INFO  [gateway] req=req-dc8ee2 POST /api/checkout -> 201 (267ms) user=u-3466
2026-03-14T13:35:00.000Z INFO  [ledger] settlement batch progress 50%
2026-03-14T13:35:02.020Z INFO  [config-agent] fetched revision r1841 from config-service (1 keys changed)
2026-03-14T13:35:02.022Z DEBUG [config-agent] r1841 orders.max_items_per_cart: 50 -> 60
2026-03-14T13:35:02.035Z INFO  [config-agent] revision r1841 applied; notified 6 subscribers
2026-03-14T13:35:02.050Z INFO  [orders] limits updated: max_items_per_cart=60
2026-03-14T13:35:05.009Z DEBUG [gateway] health orders ok (7ms)
2026-03-14T13:35:05.011Z DEBUG [gateway] health ledger ok (6ms)
2026-03-14T13:35:05.019Z DEBUG [gateway] health auth ok (6ms)
2026-03-14T13:35:05.020Z DEBUG [gateway] health payments ok (3ms)
2026-03-14T13:35:05.022Z DEBUG [gateway] health inventory ok (1ms)
2026-03-14T13:35:07.300Z INFO  [ledger-db] pool stats in_use=4 idle=4 max=40 waiters=0
2026-03-14T13:35:10.938Z INFO  [auth] req=req-5c023b token ok user=u-6902
2026-03-14T13:35:10.952Z INFO  [gateway] req=req-5c023b GET /api/orders/o-e24eb5 -> 200 (15ms) user=u-6902
2026-03-14T13:35:12.410Z INFO  [auth] req=req-3e3428 token ok user=u-1299
2026-03-14T13:35:12.418Z INFO  [orders] req=req-3e3428 cart validated items=6 total=EUR 158.23
2026-03-14T13:35:12.426Z INFO  [inventory] req=req-3e3428 reserved 6 items hold=h-4fe79
2026-03-14T13:35:12.433Z INFO  [payments] req=req-3e3428 authorising EUR 158.23 with psp
2026-03-14T13:35:12.678Z INFO  [payments] req=req-3e3428 psp authorised ref=psp_ec73c8de
2026-03-14T13:35:12.680Z INFO  [payments] req=req-3e3428 posting to ledger txn=lt-0b880 (attempt 1/2)
2026-03-14T13:35:12.781Z INFO  [ledger] txn=lt-0b880 posted 2 entries (98ms)
2026-03-14T13:35:12.783Z INFO  [payments] req=req-3e3428 charge captured txn=lt-0b880
2026-03-14T13:35:12.787Z INFO  [orders] req=req-3e3428 order o-b17f31 confirmed
2026-03-14T13:35:12.790Z INFO  [gateway] req=req-3e3428 POST /api/checkout -> 201 (381ms) user=u-1299
2026-03-14T13:35:17.120Z WARN  [auth] req=req-1aca3a token expired user=u-1654
2026-03-14T13:35:17.121Z INFO  [gateway] req=req-1aca3a POST /api/checkout -> 401 (2ms)
2026-03-14T13:35:17.642Z INFO  [auth] req=req-105b0d token ok user=u-6810
2026-03-14T13:35:17.649Z INFO  [gateway] req=req-105b0d GET /api/cart -> 200 (13ms) user=u-6810
2026-03-14T13:35:18.226Z INFO  [auth] req=req-91eb40 token ok user=u-8451
2026-03-14T13:35:18.234Z INFO  [orders] req=req-91eb40 cart validated items=4 total=EUR 450.10
2026-03-14T13:35:18.242Z INFO  [inventory] req=req-91eb40 reserved 4 items hold=h-4a250
2026-03-14T13:35:18.249Z INFO  [payments] req=req-91eb40 authorising EUR 450.10 with psp
2026-03-14T13:35:18.446Z INFO  [payments] req=req-91eb40 psp authorised ref=psp_ab9929af
2026-03-14T13:35:18.448Z INFO  [payments] req=req-91eb40 posting to ledger txn=lt-6f927 (attempt 1/2)
2026-03-14T13:35:18.589Z INFO  [ledger] txn=lt-6f927 posted 2 entries (139ms)
2026-03-14T13:35:18.591Z INFO  [payments] req=req-91eb40 charge captured txn=lt-6f927
2026-03-14T13:35:18.595Z INFO  [orders] req=req-91eb40 order o-867e4e confirmed
2026-03-14T13:35:18.598Z INFO  [gateway] req=req-91eb40 POST /api/checkout -> 201 (373ms) user=u-8451
2026-03-14T13:35:23.809Z INFO  [auth] req=req-c4bff0 token ok user=u-7344
2026-03-14T13:35:23.823Z INFO  [gateway] req=req-c4bff0 GET /api/orders/o-de8fda -> 200 (15ms) user=u-7344
2026-03-14T13:35:31.989Z INFO  [auth] req=req-5e08f3 login ok user=u-3030 session=s-ec9d116a
2026-03-14T13:35:31.993Z INFO  [gateway] req=req-5e08f3 POST /api/login -> 200 (34ms) user=u-3030
2026-03-14T13:35:32.922Z INFO  [auth] req=req-aa3d8d token ok user=u-3717
2026-03-14T13:35:32.936Z INFO  [gateway] req=req-aa3d8d GET /api/orders/o-39b402 -> 200 (15ms) user=u-3717
2026-03-14T13:35:35.316Z INFO  [cache] stats hit_ratio=0.9 keys=20306 evictions/s=236
2026-03-14T13:35:35.819Z INFO  [auth] req=req-f892fa token ok user=u-5525
2026-03-14T13:35:35.843Z INFO  [gateway] req=req-f892fa GET /api/cart -> 200 (34ms) user=u-5525
2026-03-14T13:35:36.794Z INFO  [gateway] req=req-f36c09 GET /api/products/SKU-0404 -> 200 (25ms)
2026-03-14T13:35:37.300Z INFO  [ledger-db] pool stats in_use=5 idle=3 max=40 waiters=0
2026-03-14T13:35:41.000Z INFO  [scheduler] job=purge-expired-sessions started
2026-03-14T13:35:41.800Z INFO  [scheduler] job=purge-expired-sessions finished removed=251
2026-03-14T13:35:48.033Z INFO  [auth] req=req-58b29a token ok user=u-6511
2026-03-14T13:35:48.038Z INFO  [inventory] req=req-58b29a availability SKU-0512: 194 in stock
2026-03-14T13:35:48.041Z INFO  [gateway] req=req-58b29a GET /api/products/SKU-0512/availability -> 200 (9ms) user=u-6511
2026-03-14T13:35:48.097Z INFO  [auth] req=req-649f79 token ok user=u-8295
2026-03-14T13:35:48.105Z INFO  [orders] req=req-649f79 cart validated items=4 total=EUR 439.44
2026-03-14T13:35:48.113Z INFO  [inventory] req=req-649f79 reserved 4 items hold=h-184df
2026-03-14T13:35:48.120Z INFO  [payments] req=req-649f79 authorising EUR 439.44 with psp
2026-03-14T13:35:48.311Z INFO  [payments] req=req-649f79 psp authorised ref=psp_ed193902
2026-03-14T13:35:48.313Z INFO  [payments] req=req-649f79 posting to ledger txn=lt-957ca (attempt 1/2)
2026-03-14T13:35:48.451Z INFO  [ledger] txn=lt-957ca posted 2 entries (137ms)
2026-03-14T13:35:48.453Z INFO  [payments] req=req-649f79 charge captured txn=lt-957ca
2026-03-14T13:35:48.457Z INFO  [orders] req=req-649f79 order o-17ec0a confirmed
2026-03-14T13:35:48.460Z INFO  [gateway] req=req-649f79 POST /api/checkout -> 201 (364ms) user=u-8295
2026-03-14T13:35:52.723Z INFO  [gateway] req=req-822a3e GET /api/products/SKU-0230 -> 200 (4ms)
2026-03-14T13:35:54.680Z INFO  [gateway] req=req-045d6b GET /api/products/SKU-0404 -> 200 (10ms)
2026-03-14T13:35:58.688Z INFO  [auth] req=req-63adbf token ok user=u-9427
2026-03-14T13:35:58.702Z INFO  [gateway] req=req-63adbf GET /api/orders/o-9e5803 -> 200 (15ms) user=u-9427
2026-03-14T13:36:00.000Z INFO  [ledger] settlement batch progress 75%
2026-03-14T13:36:00.192Z INFO  [auth] req=req-ff2801 login ok user=u-1140 session=s-8b3dc684
2026-03-14T13:36:00.196Z INFO  [gateway] req=req-ff2801 POST /api/login -> 200 (34ms) user=u-1140
2026-03-14T13:36:01.170Z INFO  [auth] req=req-d9b8c0 token ok user=u-5443
2026-03-14T13:36:01.175Z INFO  [inventory] req=req-d9b8c0 availability SKU-0512: 276 in stock
2026-03-14T13:36:01.178Z INFO  [gateway] req=req-d9b8c0 GET /api/products/SKU-0512/availability -> 200 (9ms) user=u-5443
2026-03-14T13:36:02.014Z INFO  [auth] req=req-5d1d91 token ok user=u-9817
2026-03-14T13:36:02.028Z INFO  [gateway] req=req-5d1d91 GET /api/orders/o-f438d8 -> 200 (15ms) user=u-9817
2026-03-14T13:36:02.246Z INFO  [auth] req=req-e7cda2 login ok user=u-2192 session=s-06c50f3e
2026-03-14T13:36:02.250Z INFO  [gateway] req=req-e7cda2 POST /api/login -> 200 (34ms) user=u-2192
2026-03-14T13:36:04.372Z INFO  [gateway] req=req-90e3cc GET /api/products/SKU-0012 -> 200 (18ms)
2026-03-14T13:36:04.605Z INFO  [auth] req=req-aa81d9 token ok user=u-7915
2026-03-14T13:36:04.613Z INFO  [orders] req=req-aa81d9 cart validated items=1 total=EUR 280.11
2026-03-14T13:36:04.621Z INFO  [inventory] req=req-aa81d9 reserved 1 items hold=h-45d6c
2026-03-14T13:36:04.628Z INFO  [payments] req=req-aa81d9 authorising EUR 280.11 with psp
2026-03-14T13:36:04.735Z INFO  [payments] req=req-aa81d9 psp authorised ref=psp_9a6477bb
2026-03-14T13:36:04.737Z INFO  [payments] req=req-aa81d9 posting to ledger txn=lt-6d3b5 (attempt 1/2)
2026-03-14T13:36:04.860Z INFO  [ledger] txn=lt-6d3b5 posted 2 entries (123ms)
2026-03-14T13:36:04.862Z INFO  [payments] req=req-aa81d9 charge captured txn=lt-6d3b5
2026-03-14T13:36:04.866Z INFO  [orders] req=req-aa81d9 order o-6bc8d3 confirmed
2026-03-14T13:36:04.869Z INFO  [gateway] req=req-aa81d9 POST /api/checkout -> 201 (265ms) user=u-7915
2026-03-14T13:36:05.003Z DEBUG [gateway] health auth ok (6ms)
2026-03-14T13:36:05.006Z DEBUG [gateway] health payments ok (6ms)
2026-03-14T13:36:05.015Z DEBUG [gateway] health inventory ok (1ms)
2026-03-14T13:36:05.020Z DEBUG [gateway] health ledger ok (7ms)
2026-03-14T13:36:05.022Z DEBUG [gateway] health orders ok (7ms)
2026-03-14T13:36:06.665Z INFO  [gateway] req=req-0a59d5 GET /api/products/SKU-0077 -> 200 (20ms)
2026-03-14T13:36:07.300Z INFO  [ledger-db] pool stats in_use=3 idle=5 max=40 waiters=0
2026-03-14T13:36:07.445Z INFO  [auth] req=req-23b946 login ok user=u-2393 session=s-ff3610d9
2026-03-14T13:36:07.449Z INFO  [gateway] req=req-23b946 POST /api/login -> 200 (34ms) user=u-2393
2026-03-14T13:36:07.855Z INFO  [auth] req=req-f9a376 token ok user=u-4066
2026-03-14T13:36:07.860Z INFO  [inventory] req=req-f9a376 availability SKU-0777: 72 in stock
2026-03-14T13:36:07.863Z INFO  [gateway] req=req-f9a376 GET /api/products/SKU-0777/availability -> 200 (9ms) user=u-4066
2026-03-14T13:36:10.817Z INFO  [auth] req=req-aefd1d token ok user=u-8490
2026-03-14T13:36:10.825Z INFO  [orders] req=req-aefd1d cart validated items=5 total=EUR 309.73
2026-03-14T13:36:10.833Z INFO  [inventory] req=req-aefd1d reserved 5 items hold=h-67975
2026-03-14T13:36:10.840Z INFO  [payments] req=req-aefd1d authorising EUR 309.73 with psp
2026-03-14T13:36:10.938Z INFO  [payments] req=req-aefd1d psp authorised ref=psp_4e9e2a64
2026-03-14T13:36:10.940Z INFO  [payments] req=req-aefd1d posting to ledger txn=lt-fa5a2 (attempt 1/2)
2026-03-14T13:36:11.076Z INFO  [ledger] txn=lt-fa5a2 posted 2 entries (136ms)
2026-03-14T13:36:11.078Z INFO  [payments] req=req-aefd1d charge captured txn=lt-fa5a2
2026-03-14T13:36:11.082Z INFO  [orders] req=req-aefd1d order o-c55ed9 confirmed
2026-03-14T13:36:11.085Z INFO  [gateway] req=req-aefd1d POST /api/checkout -> 201 (269ms) user=u-8490
2026-03-14T13:36:12.961Z INFO  [auth] req=req-a206c0 login ok user=u-3569 session=s-879f3c14
2026-03-14T13:36:12.965Z INFO  [gateway] req=req-a206c0 POST /api/login -> 200 (34ms) user=u-3569
2026-03-14T13:36:23.382Z INFO  [auth] req=req-76a5ba token ok user=u-7552
2026-03-14T13:36:23.390Z INFO  [orders] req=req-76a5ba cart validated items=4 total=EUR 242.04
2026-03-14T13:36:23.398Z INFO  [inventory] req=req-76a5ba reserved 4 items hold=h-d18bb
2026-03-14T13:36:23.405Z INFO  [payments] req=req-76a5ba authorising EUR 242.04 with psp
2026-03-14T13:36:23.635Z INFO  [payments] req=req-76a5ba psp authorised ref=psp_04a92c8d
2026-03-14T13:36:23.637Z INFO  [payments] req=req-76a5ba posting to ledger txn=lt-04f58 (attempt 1/2)
2026-03-14T13:36:23.641Z DEBUG [ledger-db] acquire txn=lt-04f58 waited=4ms in_use=1/40
2026-03-14T13:36:23.695Z INFO  [ledger] txn=lt-04f58 posted 2 entries (54ms)
2026-03-14T13:36:23.697Z INFO  [payments] req=req-76a5ba charge captured txn=lt-04f58
2026-03-14T13:36:23.701Z INFO  [orders] req=req-76a5ba order o-b79ce8 confirmed
2026-03-14T13:36:23.704Z INFO  [gateway] req=req-76a5ba POST /api/checkout -> 201 (323ms) user=u-7552
2026-03-14T13:36:23.756Z INFO  [gateway] req=req-5a274f GET /api/products/SKU-0318 -> 200 (10ms)
2026-03-14T13:36:35.664Z INFO  [gateway] req=req-bd0266 GET /api/products/SKU-0318 -> 200 (20ms)
2026-03-14T13:36:37.300Z INFO  [ledger-db] pool stats in_use=5 idle=3 max=40 waiters=0
2026-03-14T13:36:38.677Z INFO  [gateway] req=req-6444ff GET /api/products/SKU-0230 -> 200 (28ms)
2026-03-14T13:36:40.895Z INFO  [auth] req=req-4ff2e2 token ok user=u-3417
2026-03-14T13:36:40.903Z INFO  [orders] req=req-4ff2e2 cart validated items=3 total=EUR 221.12
2026-03-14T13:36:40.911Z INFO  [inventory] req=req-4ff2e2 reserved 3 items hold=h-a4059
2026-03-14T13:36:40.918Z INFO  [payments] req=req-4ff2e2 authorising EUR 221.12 with psp
2026-03-14T13:36:40.953Z INFO  [auth] req=req-03424d token ok user=u-2796
2026-03-14T13:36:40.961Z INFO  [orders] req=req-03424d cart validated items=3 total=EUR 380.28
2026-03-14T13:36:40.969Z INFO  [inventory] req=req-03424d reserved 3 items hold=h-dba65
2026-03-14T13:36:40.976Z INFO  [payments] req=req-03424d authorising EUR 380.28 with psp
2026-03-14T13:36:41.153Z INFO  [payments] req=req-03424d psp authorised ref=psp_0dc1c900
2026-03-14T13:36:41.155Z INFO  [payments] req=req-03424d posting to ledger txn=lt-b6b29 (attempt 1/2)
2026-03-14T13:36:41.173Z INFO  [payments] req=req-4ff2e2 psp authorised ref=psp_f4f31844
2026-03-14T13:36:41.175Z INFO  [payments] req=req-4ff2e2 posting to ledger txn=lt-0f317 (attempt 1/2)
2026-03-14T13:36:41.274Z INFO  [ledger] txn=lt-b6b29 posted 2 entries (115ms)
2026-03-14T13:36:41.276Z INFO  [payments] req=req-03424d charge captured txn=lt-b6b29
2026-03-14T13:36:41.280Z INFO  [orders] req=req-03424d order o-5b352d confirmed
2026-03-14T13:36:41.283Z INFO  [gateway] req=req-03424d POST /api/checkout -> 201 (331ms) user=u-2796
2026-03-14T13:36:41.314Z INFO  [ledger] txn=lt-0f317 posted 2 entries (138ms)
2026-03-14T13:36:41.316Z INFO  [payments] req=req-4ff2e2 charge captured txn=lt-0f317
2026-03-14T13:36:41.320Z INFO  [orders] req=req-4ff2e2 order o-bdbcd6 confirmed
2026-03-14T13:36:41.323Z INFO  [gateway] req=req-4ff2e2 POST /api/checkout -> 201 (429ms) user=u-3417
2026-03-14T13:36:41.704Z INFO  [auth] req=req-01d958 token ok user=u-9957
2026-03-14T13:36:41.709Z INFO  [inventory] req=req-01d958 availability SKU-0404: 228 in stock
2026-03-14T13:36:41.712Z INFO  [gateway] req=req-01d958 GET /api/products/SKU-0404/availability -> 200 (9ms) user=u-9957
2026-03-14T13:36:42.454Z WARN  [auth] req=req-7914a7 token expired user=u-7745
2026-03-14T13:36:42.455Z INFO  [gateway] req=req-7914a7 POST /api/checkout -> 401 (2ms)
2026-03-14T13:36:43.273Z INFO  [gateway] req=req-bf9c42 GET /api/products/SKU-1203 -> 200 (4ms)
2026-03-14T13:36:44.609Z INFO  [auth] req=req-a0963e token ok user=u-4422
2026-03-14T13:36:44.632Z INFO  [gateway] req=req-a0963e GET /api/cart -> 200 (27ms) user=u-4422
2026-03-14T13:36:45.259Z INFO  [auth] req=req-5e7ef2 token ok user=u-8109
2026-03-14T13:36:45.267Z INFO  [orders] req=req-5e7ef2 cart validated items=6 total=EUR 320.78
2026-03-14T13:36:45.275Z INFO  [inventory] req=req-5e7ef2 reserved 6 items hold=h-e29a6
2026-03-14T13:36:45.282Z INFO  [payments] req=req-5e7ef2 authorising EUR 320.78 with psp
2026-03-14T13:36:45.535Z INFO  [payments] req=req-5e7ef2 psp authorised ref=psp_290b9598
2026-03-14T13:36:45.537Z INFO  [payments] req=req-5e7ef2 posting to ledger txn=lt-e234f (attempt 1/2)
2026-03-14T13:36:45.626Z INFO  [ledger] txn=lt-e234f posted 2 entries (87ms)
2026-03-14T13:36:45.628Z INFO  [payments] req=req-5e7ef2 charge captured txn=lt-e234f
2026-03-14T13:36:45.632Z INFO  [orders] req=req-5e7ef2 order o-d39979 confirmed
2026-03-14T13:36:45.635Z INFO  [gateway] req=req-5e7ef2 POST /api/checkout -> 201 (377ms) user=u-8109
2026-03-14T13:36:46.395Z INFO  [auth] req=req-3fc41d token ok user=u-4231
2026-03-14T13:36:46.403Z INFO  [orders] req=req-3fc41d cart validated items=5 total=EUR 468.57
2026-03-14T13:36:46.411Z INFO  [inventory] req=req-3fc41d reserved 5 items hold=h-370a2
2026-03-14T13:36:46.418Z INFO  [payments] req=req-3fc41d authorising EUR 468.57 with psp
2026-03-14T13:36:46.619Z INFO  [payments] req=req-3fc41d psp authorised ref=psp_a6ad0010
2026-03-14T13:36:46.621Z INFO  [payments] req=req-3fc41d posting to ledger txn=lt-9ca2d (attempt 1/2)
2026-03-14T13:36:46.668Z INFO  [ledger] txn=lt-9ca2d posted 2 entries (46ms)
2026-03-14T13:36:46.670Z INFO  [payments] req=req-3fc41d charge captured txn=lt-9ca2d
2026-03-14T13:36:46.674Z INFO  [orders] req=req-3fc41d order o-39ebc8 confirmed
2026-03-14T13:36:46.677Z INFO  [gateway] req=req-3fc41d POST /api/checkout -> 201 (283ms) user=u-4231
2026-03-14T13:36:47.757Z INFO  [cache] stats hit_ratio=0.91 keys=19615 evictions/s=393
2026-03-14T13:36:49.992Z INFO  [gateway] req=req-f6e3c1 GET /api/products/SKU-0777 -> 200 (12ms)
2026-03-14T13:36:51.019Z INFO  [auth] req=req-32713e login ok user=u-6318 session=s-ca64dd3f
2026-03-14T13:36:51.023Z INFO  [gateway] req=req-32713e POST /api/login -> 200 (34ms) user=u-6318
2026-03-14T13:36:51.617Z INFO  [auth] req=req-285a96 token ok user=u-3987
2026-03-14T13:36:51.625Z INFO  [orders] req=req-285a96 cart validated items=3 total=EUR 57.14
2026-03-14T13:36:51.633Z INFO  [inventory] req=req-285a96 reserved 3 items hold=h-f067b
2026-03-14T13:36:51.640Z INFO  [payments] req=req-285a96 authorising EUR 57.14 with psp
2026-03-14T13:36:51.756Z INFO  [payments] req=req-285a96 psp authorised ref=psp_377022f3
2026-03-14T13:36:51.758Z INFO  [payments] req=req-285a96 posting to ledger txn=lt-057eb (attempt 1/2)
2026-03-14T13:36:51.874Z INFO  [ledger] txn=lt-057eb posted 2 entries (116ms)
2026-03-14T13:36:51.876Z INFO  [payments] req=req-285a96 charge captured txn=lt-057eb
2026-03-14T13:36:51.880Z INFO  [orders] req=req-285a96 order o-45765e confirmed
2026-03-14T13:36:51.883Z INFO  [gateway] req=req-285a96 POST /api/checkout -> 201 (267ms) user=u-3987
2026-03-14T13:36:53.206Z INFO  [auth] req=req-faa4ff token ok user=u-5255
2026-03-14T13:36:53.214Z INFO  [orders] req=req-faa4ff cart validated items=2 total=EUR 77.54
2026-03-14T13:36:53.222Z INFO  [inventory] req=req-faa4ff reserved 2 items hold=h-566eb
2026-03-14T13:36:53.229Z INFO  [payments] req=req-faa4ff authorising EUR 77.54 with psp
2026-03-14T13:36:53.428Z INFO  [payments] req=req-faa4ff psp authorised ref=psp_9bfa209f
2026-03-14T13:36:53.430Z INFO  [payments] req=req-faa4ff posting to ledger txn=lt-a48e5 (attempt 1/2)
2026-03-14T13:36:53.525Z INFO  [ledger] txn=lt-a48e5 posted 2 entries (94ms)
2026-03-14T13:36:53.527Z INFO  [payments] req=req-faa4ff charge captured txn=lt-a48e5
2026-03-14T13:36:53.531Z INFO  [orders] req=req-faa4ff order o-c50aae confirmed
2026-03-14T13:36:53.534Z INFO  [gateway] req=req-faa4ff POST /api/checkout -> 201 (329ms) user=u-5255
2026-03-14T13:36:53.592Z INFO  [gateway] req=req-adc7e6 GET /api/products/SKU-0105 -> 200 (27ms)
2026-03-14T13:36:58.362Z INFO  [gateway] req=req-8bd3f4 GET /api/products/SKU-0318 -> 200 (18ms)
2026-03-14T13:37:02.268Z INFO  [gateway] req=req-00f546 GET /api/products/SKU-0105 -> 200 (14ms)
2026-03-14T13:37:02.661Z INFO  [auth] req=req-6f6679 token ok user=u-5246
2026-03-14T13:37:02.672Z INFO  [gateway] req=req-6f6679 GET /api/cart -> 200 (36ms) user=u-5246
2026-03-14T13:37:03.230Z INFO  [auth] req=req-df8a24 token ok user=u-1140
2026-03-14T13:37:03.238Z INFO  [orders] req=req-df8a24 cart validated items=6 total=EUR 444.56
2026-03-14T13:37:03.246Z INFO  [inventory] req=req-df8a24 reserved 6 items hold=h-832b3
2026-03-14T13:37:03.253Z INFO  [payments] req=req-df8a24 authorising EUR 444.56 with psp
2026-03-14T13:37:03.391Z INFO  [payments] req=req-df8a24 psp authorised ref=psp_b6718523
2026-03-14T13:37:03.393Z INFO  [payments] req=req-df8a24 posting to ledger txn=lt-db0df (attempt 1/2)
2026-03-14T13:37:03.445Z INFO  [ledger] txn=lt-db0df posted 2 entries (51ms)
2026-03-14T13:37:03.447Z INFO  [payments] req=req-df8a24 charge captured txn=lt-db0df
2026-03-14T13:37:03.451Z INFO  [orders] req=req-df8a24 order o-c98e99 confirmed
2026-03-14T13:37:03.454Z INFO  [gateway] req=req-df8a24 POST /api/checkout -> 201 (225ms) user=u-1140
2026-03-14T13:37:05.000Z DEBUG [gateway] health inventory ok (9ms)
2026-03-14T13:37:05.012Z DEBUG [gateway] health orders ok (9ms)
2026-03-14T13:37:05.014Z DEBUG [gateway] health auth ok (5ms)
2026-03-14T13:37:05.016Z DEBUG [gateway] health ledger ok (5ms)
2026-03-14T13:37:05.040Z DEBUG [gateway] health payments ok (1ms)
2026-03-14T13:37:05.905Z INFO  [auth] req=req-85fb3e token ok user=u-8541
2026-03-14T13:37:05.913Z INFO  [orders] req=req-85fb3e cart validated items=4 total=EUR 86.13
2026-03-14T13:37:05.921Z INFO  [inventory] req=req-85fb3e reserved 4 items hold=h-2f9fe
2026-03-14T13:37:05.928Z INFO  [payments] req=req-85fb3e authorising EUR 86.13 with psp
2026-03-14T13:37:06.170Z INFO  [payments] req=req-85fb3e psp authorised ref=psp_459af938
2026-03-14T13:37:06.172Z INFO  [payments] req=req-85fb3e posting to ledger txn=lt-cb848 (attempt 1/2)
2026-03-14T13:37:06.252Z INFO  [ledger] txn=lt-cb848 posted 2 entries (78ms)
2026-03-14T13:37:06.254Z INFO  [payments] req=req-85fb3e charge captured txn=lt-cb848
2026-03-14T13:37:06.258Z INFO  [orders] req=req-85fb3e order o-e58e37 confirmed
2026-03-14T13:37:06.261Z INFO  [gateway] req=req-85fb3e POST /api/checkout -> 201 (357ms) user=u-8541
2026-03-14T13:37:07.300Z INFO  [ledger-db] pool stats in_use=5 idle=3 max=40 waiters=0
2026-03-14T13:37:08.061Z INFO  [auth] req=req-5e6f4a token ok user=u-9819
2026-03-14T13:37:08.065Z WARN  [orders] req=req-5e6f4a validation failed: cart is empty
2026-03-14T13:37:08.066Z INFO  [gateway] req=req-5e6f4a POST /api/checkout -> 422 (6ms) user=u-9819
2026-03-14T13:37:10.000Z INFO  [ledger] settlement batch finished in 250s
2026-03-14T13:37:10.558Z INFO  [auth] req=req-dec8d4 token ok user=u-8977
2026-03-14T13:37:10.566Z INFO  [orders] req=req-dec8d4 cart validated items=2 total=EUR 71.02
2026-03-14T13:37:10.574Z INFO  [inventory] req=req-dec8d4 reserved 2 items hold=h-4ac25
2026-03-14T13:37:10.581Z INFO  [payments] req=req-dec8d4 authorising EUR 71.02 with psp
2026-03-14T13:37:10.685Z INFO  [payments] req=req-dec8d4 psp authorised ref=psp_6b2954d1
2026-03-14T13:37:10.687Z INFO  [payments] req=req-dec8d4 posting to ledger txn=lt-31e15 (attempt 1/2)
2026-03-14T13:37:10.804Z INFO  [ledger] txn=lt-31e15 posted 2 entries (116ms)
2026-03-14T13:37:10.806Z INFO  [payments] req=req-dec8d4 charge captured txn=lt-31e15
2026-03-14T13:37:10.810Z INFO  [orders] req=req-dec8d4 order o-342d06 confirmed
2026-03-14T13:37:10.813Z INFO  [gateway] req=req-dec8d4 POST /api/checkout -> 201 (256ms) user=u-8977
2026-03-14T13:37:10.953Z INFO  [auth] req=req-cf26ed token ok user=u-8359
2026-03-14T13:37:10.958Z INFO  [inventory] req=req-cf26ed availability SKU-1203: 44 in stock
2026-03-14T13:37:10.961Z INFO  [gateway] req=req-cf26ed GET /api/products/SKU-1203/availability -> 200 (9ms) user=u-8359
2026-03-14T13:37:11.924Z INFO  [auth] req=req-b7f247 token ok user=u-2796
2026-03-14T13:37:11.938Z INFO  [gateway] req=req-b7f247 GET /api/cart -> 200 (8ms) user=u-2796
2026-03-14T13:37:20.488Z INFO  [auth] req=req-e92741 token ok user=u-9737
2026-03-14T13:37:20.496Z INFO  [orders] req=req-e92741 cart validated items=2 total=EUR 15.12
2026-03-14T13:37:20.504Z INFO  [inventory] req=req-e92741 reserved 2 items hold=h-d14f1
2026-03-14T13:37:20.511Z INFO  [payments] req=req-e92741 authorising EUR 15.12 with psp
2026-03-14T13:37:20.633Z INFO  [payments] req=req-e92741 psp authorised ref=psp_c9e8f901
2026-03-14T13:37:20.635Z INFO  [payments] req=req-e92741 posting to ledger txn=lt-e198d (attempt 1/2)
2026-03-14T13:37:20.637Z DEBUG [ledger-db] acquire txn=lt-e198d waited=2ms in_use=5/40
2026-03-14T13:37:20.723Z INFO  [ledger] txn=lt-e198d posted 2 entries (86ms)
2026-03-14T13:37:20.725Z INFO  [payments] req=req-e92741 charge captured txn=lt-e198d
2026-03-14T13:37:20.729Z INFO  [orders] req=req-e92741 order o-5d90c5 confirmed
2026-03-14T13:37:20.732Z INFO  [gateway] req=req-e92741 POST /api/checkout -> 201 (245ms) user=u-9737
2026-03-14T13:37:20.832Z INFO  [gateway] req=req-ef8982 GET /api/products/SKU-0901 -> 200 (5ms)
2026-03-14T13:37:23.035Z INFO  [auth] req=req-1ce686 login ok user=u-6275 session=s-ec3c2c0c
2026-03-14T13:37:23.039Z INFO  [gateway] req=req-1ce686 POST /api/login -> 200 (34ms) user=u-6275
2026-03-14T13:37:23.611Z INFO  [gateway] req=req-1310fe GET /api/products/SKU-0404 -> 200 (20ms)
2026-03-14T13:37:23.851Z INFO  [auth] req=req-22a7ac token ok user=u-8109
2026-03-14T13:37:23.890Z INFO  [gateway] req=req-22a7ac GET /api/cart -> 200 (11ms) user=u-8109
2026-03-14T13:37:24.662Z INFO  [auth] req=req-92b4a2 token ok user=u-5255
2026-03-14T13:37:24.670Z INFO  [orders] req=req-92b4a2 cart validated items=3 total=EUR 202.39
2026-03-14T13:37:24.678Z INFO  [inventory] req=req-92b4a2 reserved 3 items hold=h-1c835
2026-03-14T13:37:24.685Z INFO  [payments] req=req-92b4a2 authorising EUR 202.39 with psp
2026-03-14T13:37:24.819Z INFO  [payments] req=req-92b4a2 psp authorised ref=psp_935b167a
2026-03-14T13:37:24.821Z INFO  [payments] req=req-92b4a2 posting to ledger txn=lt-655d1 (attempt 1/2)
2026-03-14T13:37:24.944Z INFO  [ledger] txn=lt-655d1 posted 2 entries (122ms)
2026-03-14T13:37:24.946Z INFO  [payments] req=req-92b4a2 charge captured txn=lt-655d1
2026-03-14T13:37:24.950Z INFO  [orders] req=req-92b4a2 order o-2c57f3 confirmed
2026-03-14T13:37:24.953Z INFO  [gateway] req=req-92b4a2 POST /api/checkout -> 201 (292ms) user=u-5255
2026-03-14T13:37:25.112Z INFO  [gateway] req=req-e01b2a GET /api/products/SKU-1203 -> 200 (20ms)
2026-03-14T13:37:25.502Z INFO  [auth] req=req-f1fdbc token ok user=u-8116
2026-03-14T13:37:25.510Z INFO  [orders] req=req-f1fdbc cart validated items=3 total=EUR 27.96
2026-03-14T13:37:25.518Z INFO  [inventory] req=req-f1fdbc reserved 3 items hold=h-c1697
2026-03-14T13:37:25.525Z INFO  [payments] req=req-f1fdbc authorising EUR 27.96 with psp
2026-03-14T13:37:25.746Z INFO  [payments] req=req-f1fdbc psp authorised ref=psp_63095136
2026-03-14T13:37:25.748Z INFO  [payments] req=req-f1fdbc posting to ledger txn=lt-9c9d0 (attempt 1/2)
2026-03-14T13:37:25.807Z INFO  [ledger] txn=lt-9c9d0 posted 2 entries (58ms)
2026-03-14T13:37:25.809Z INFO  [payments] req=req-f1fdbc charge captured txn=lt-9c9d0
2026-03-14T13:37:25.813Z INFO  [orders] req=req-f1fdbc order o-fea2f3 confirmed
2026-03-14T13:37:25.816Z INFO  [gateway] req=req-f1fdbc POST /api/checkout -> 201 (315ms) user=u-8116
2026-03-14T13:37:29.151Z INFO  [auth] req=req-0851be token ok user=u-3569
2026-03-14T13:37:29.165Z INFO  [gateway] req=req-0851be GET /api/orders/o-03daa8 -> 200 (15ms) user=u-3569
2026-03-14T13:37:33.224Z INFO  [gateway] req=req-a4a69f GET /api/products/SKU-0012 -> 200 (13ms)
2026-03-14T13:37:37.300Z INFO  [ledger-db] pool stats in_use=1 idle=7 max=40 waiters=0
2026-03-14T13:37:37.541Z INFO  [auth] req=req-edf0fd login ok user=u-5421 session=s-0a9188f5
2026-03-14T13:37:37.545Z INFO  [gateway] req=req-edf0fd POST /api/login -> 200 (34ms) user=u-5421
2026-03-14T13:37:37.674Z INFO  [auth] req=req-5abdb9 token ok user=u-3285
2026-03-14T13:37:37.695Z INFO  [gateway] req=req-5abdb9 GET /api/cart -> 200 (38ms) user=u-3285
2026-03-14T13:37:39.853Z INFO  [auth] req=req-52b6d0 token ok user=u-7344
2026-03-14T13:37:39.861Z INFO  [orders] req=req-52b6d0 cart validated items=2 total=EUR 235.25
2026-03-14T13:37:39.869Z INFO  [inventory] req=req-52b6d0 reserved 2 items hold=h-dbc44
2026-03-14T13:37:39.876Z INFO  [payments] req=req-52b6d0 authorising EUR 235.25 with psp
2026-03-14T13:37:40.024Z INFO  [payments] req=req-52b6d0 psp authorised ref=psp_118e5607
2026-03-14T13:37:40.026Z INFO  [payments] req=req-52b6d0 posting to ledger txn=lt-eb612 (attempt 1/2)
2026-03-14T13:37:40.111Z INFO  [ledger] txn=lt-eb612 posted 2 entries (85ms)
2026-03-14T13:37:40.113Z INFO  [payments] req=req-52b6d0 charge captured txn=lt-eb612
2026-03-14T13:37:40.117Z INFO  [orders] req=req-52b6d0 order o-d71fc4 confirmed
2026-03-14T13:37:40.120Z INFO  [gateway] req=req-52b6d0 POST /api/checkout -> 201 (268ms) user=u-7344
2026-03-14T13:37:43.649Z INFO  [auth] req=req-a3df0d token ok user=u-6315
2026-03-14T13:37:43.657Z INFO  [orders] req=req-a3df0d cart validated items=1 total=EUR 316.50
2026-03-14T13:37:43.665Z INFO  [inventory] req=req-a3df0d reserved 1 items hold=h-af7f7
2026-03-14T13:37:43.672Z INFO  [payments] req=req-a3df0d authorising EUR 316.50 with psp
2026-03-14T13:37:43.768Z INFO  [payments] req=req-a3df0d psp authorised ref=psp_957f53e6
2026-03-14T13:37:43.770Z INFO  [payments] req=req-a3df0d posting to ledger txn=lt-fdcec (attempt 1/2)
2026-03-14T13:37:43.771Z DEBUG [ledger-db] acquire txn=lt-fdcec waited=1ms in_use=3/40
2026-03-14T13:37:43.813Z INFO  [ledger] txn=lt-fdcec posted 2 entries (42ms)
2026-03-14T13:37:43.815Z INFO  [payments] req=req-a3df0d charge captured txn=lt-fdcec
2026-03-14T13:37:43.819Z INFO  [orders] req=req-a3df0d order o-ec45fc confirmed
2026-03-14T13:37:43.822Z INFO  [gateway] req=req-a3df0d POST /api/checkout -> 201 (174ms) user=u-6315
2026-03-14T13:37:46.782Z INFO  [auth] req=req-8df853 token ok user=u-3789
2026-03-14T13:37:46.790Z INFO  [orders] req=req-8df853 cart validated items=1 total=EUR 204.21
2026-03-14T13:37:46.798Z INFO  [inventory] req=req-8df853 reserved 1 items hold=h-e36e8
2026-03-14T13:37:46.805Z INFO  [payments] req=req-8df853 authorising EUR 204.21 with psp
2026-03-14T13:37:47.011Z INFO  [payments] req=req-8df853 psp authorised ref=psp_ba4bc2c7
2026-03-14T13:37:47.013Z INFO  [payments] req=req-8df853 posting to ledger txn=lt-efc22 (attempt 1/2)
2026-03-14T13:37:47.128Z INFO  [ledger] txn=lt-efc22 posted 2 entries (113ms)
2026-03-14T13:37:47.130Z INFO  [payments] req=req-8df853 charge captured txn=lt-efc22
2026-03-14T13:37:47.134Z INFO  [orders] req=req-8df853 order o-55188f confirmed
2026-03-14T13:37:47.137Z INFO  [gateway] req=req-8df853 POST /api/checkout -> 201 (356ms) user=u-3789
2026-03-14T13:37:48.007Z INFO  [auth] req=req-71af21 token ok user=u-9817
2026-03-14T13:37:48.012Z INFO  [inventory] req=req-71af21 availability SKU-0012: 6 in stock
2026-03-14T13:37:48.015Z INFO  [gateway] req=req-71af21 GET /api/products/SKU-0012/availability -> 200 (9ms) user=u-9817
2026-03-14T13:37:48.849Z INFO  [auth] req=req-8ec1b3 token ok user=u-5994
2026-03-14T13:37:48.857Z INFO  [orders] req=req-8ec1b3 cart validated items=1 total=EUR 39.66
2026-03-14T13:37:48.865Z INFO  [inventory] req=req-8ec1b3 reserved 1 items hold=h-3b066
2026-03-14T13:37:48.872Z INFO  [payments] req=req-8ec1b3 authorising EUR 39.66 with psp
2026-03-14T13:37:49.097Z INFO  [payments] req=req-8ec1b3 psp authorised ref=psp_aec63553
2026-03-14T13:37:49.099Z INFO  [payments] req=req-8ec1b3 posting to ledger txn=lt-d0268 (attempt 1/2)
2026-03-14T13:37:49.103Z DEBUG [ledger-db] acquire txn=lt-d0268 waited=4ms in_use=2/40
2026-03-14T13:37:49.130Z INFO  [ledger] txn=lt-d0268 posted 2 entries (27ms)
2026-03-14T13:37:49.132Z INFO  [payments] req=req-8ec1b3 charge captured txn=lt-d0268
2026-03-14T13:37:49.136Z INFO  [orders] req=req-8ec1b3 order o-11b0a3 confirmed
2026-03-14T13:37:49.139Z INFO  [gateway] req=req-8ec1b3 POST /api/checkout -> 201 (291ms) user=u-5994
2026-03-14T13:37:49.319Z INFO  [auth] req=req-886241 token ok user=u-1299
2026-03-14T13:37:49.327Z INFO  [orders] req=req-886241 cart validated items=4 total=EUR 178.99
2026-03-14T13:37:49.335Z INFO  [inventory] req=req-886241 reserved 4 items hold=h-993eb
2026-03-14T13:37:49.342Z INFO  [payments] req=req-886241 authorising EUR 178.99 with psp
2026-03-14T13:37:49.521Z INFO  [payments] req=req-886241 psp authorised ref=psp_b2b5b5ff
2026-03-14T13:37:49.523Z INFO  [payments] req=req-886241 posting to ledger txn=lt-7ff0a (attempt 1/2)
2026-03-14T13:37:49.550Z INFO  [ledger] txn=lt-7ff0a posted 2 entries (25ms)
2026-03-14T13:37:49.552Z INFO  [payments] req=req-886241 charge captured txn=lt-7ff0a
2026-03-14T13:37:49.556Z INFO  [orders] req=req-886241 order o-dc4410 confirmed
2026-03-14T13:37:49.559Z INFO  [gateway] req=req-886241 POST /api/checkout -> 201 (241ms) user=u-1299
2026-03-14T13:37:51.500Z INFO  [auth] req=req-e34378 token ok user=u-4260
2026-03-14T13:37:51.508Z INFO  [orders] req=req-e34378 cart validated items=4 total=EUR 93.70
2026-03-14T13:37:51.516Z INFO  [inventory] req=req-e34378 reserved 4 items hold=h-e5ddc
2026-03-14T13:37:51.523Z INFO  [payments] req=req-e34378 authorising EUR 93.70 with psp
2026-03-14T13:37:51.781Z INFO  [payments] req=req-e34378 psp authorised ref=psp_be86a8ef
2026-03-14T13:37:51.783Z INFO  [payments] req=req-e34378 posting to ledger txn=lt-19ccc (attempt 1/2)
2026-03-14T13:37:51.923Z INFO  [ledger] txn=lt-19ccc posted 2 entries (137ms)
2026-03-14T13:37:51.925Z INFO  [payments] req=req-e34378 charge captured txn=lt-19ccc
2026-03-14T13:37:51.929Z INFO  [orders] req=req-e34378 order o-a70806 confirmed
2026-03-14T13:37:51.932Z INFO  [gateway] req=req-e34378 POST /api/checkout -> 201 (433ms) user=u-4260
2026-03-14T13:37:56.338Z INFO  [auth] req=req-4e6a27 token ok user=u-4520
2026-03-14T13:37:56.346Z INFO  [orders] req=req-4e6a27 cart validated items=6 total=EUR 360.85
2026-03-14T13:37:56.354Z INFO  [inventory] req=req-4e6a27 reserved 6 items hold=h-f9072
2026-03-14T13:37:56.361Z INFO  [payments] req=req-4e6a27 authorising EUR 360.85 with psp
2026-03-14T13:37:56.419Z INFO  [cache] stats hit_ratio=0.92 keys=18778 evictions/s=392
2026-03-14T13:37:56.604Z INFO  [payments] req=req-4e6a27 psp authorised ref=psp_5496d11e
2026-03-14T13:37:56.606Z INFO  [payments] req=req-4e6a27 posting to ledger txn=lt-6f64d (attempt 1/2)
2026-03-14T13:37:56.701Z INFO  [ledger] txn=lt-6f64d posted 2 entries (93ms)
2026-03-14T13:37:56.703Z INFO  [payments] req=req-4e6a27 charge captured txn=lt-6f64d
2026-03-14T13:37:56.707Z INFO  [orders] req=req-4e6a27 order o-b99b7a confirmed
2026-03-14T13:37:56.710Z INFO  [gateway] req=req-4e6a27 POST /api/checkout -> 201 (373ms) user=u-4520
2026-03-14T13:37:59.622Z INFO  [auth] req=req-a103e2 token ok user=u-6412
2026-03-14T13:37:59.630Z INFO  [orders] req=req-a103e2 cart validated items=1 total=EUR 377.34
2026-03-14T13:37:59.638Z INFO  [inventory] req=req-a103e2 reserved 1 items hold=h-fd067
2026-03-14T13:37:59.645Z INFO  [payments] req=req-a103e2 authorising EUR 377.34 with psp
2026-03-14T13:37:59.895Z INFO  [payments] req=req-a103e2 psp authorised ref=psp_7d082f29
2026-03-14T13:37:59.897Z INFO  [payments] req=req-a103e2 posting to ledger txn=lt-eb2e1 (attempt 1/2)
2026-03-14T13:38:00.026Z INFO  [ledger] txn=lt-eb2e1 posted 2 entries (128ms)
2026-03-14T13:38:00.028Z INFO  [payments] req=req-a103e2 charge captured txn=lt-eb2e1
2026-03-14T13:38:00.032Z INFO  [orders] req=req-a103e2 order o-7b9ba4 confirmed
2026-03-14T13:38:00.035Z INFO  [gateway] req=req-a103e2 POST /api/checkout -> 201 (414ms) user=u-6412
2026-03-14T13:38:02.190Z INFO  [auth] req=req-d98fa1 login ok user=u-8954 session=s-f7f0f4da
2026-03-14T13:38:02.194Z INFO  [gateway] req=req-d98fa1 POST /api/login -> 200 (34ms) user=u-8954
2026-03-14T13:38:04.462Z INFO  [auth] req=req-e452ca token ok user=u-3093
2026-03-14T13:38:04.495Z INFO  [gateway] req=req-e452ca GET /api/cart -> 200 (10ms) user=u-3093
2026-03-14T13:38:05.002Z DEBUG [gateway] health inventory ok (1ms)
2026-03-14T13:38:05.006Z DEBUG [gateway] health orders ok (8ms)
2026-03-14T13:38:05.010Z DEBUG [gateway] health ledger ok (6ms)
2026-03-14T13:38:05.034Z DEBUG [gateway] health payments ok (1ms)
2026-03-14T13:38:05.037Z DEBUG [gateway] health auth ok (3ms)
2026-03-14T13:38:07.300Z INFO  [ledger-db] pool stats in_use=2 idle=6 max=40 waiters=0
2026-03-14T13:38:07.711Z INFO  [auth] req=req-1c4c13 token ok user=u-1178
2026-03-14T13:38:07.716Z INFO  [inventory] req=req-1c4c13 availability SKU-0901: 56 in stock
2026-03-14T13:38:07.719Z INFO  [gateway] req=req-1c4c13 GET /api/products/SKU-0901/availability -> 200 (9ms) user=u-1178
2026-03-14T13:38:12.500Z WARN  [gateway] upstream keepalive reset by peer (inventory:8443), reconnecting
2026-03-14T13:38:12.512Z INFO  [gateway] upstream inventory:8443 reconnected
2026-03-14T13:38:15.442Z INFO  [auth] req=req-ae27f7 token ok user=u-2699
2026-03-14T13:38:15.447Z INFO  [inventory] req=req-ae27f7 availability SKU-0777: 63 in stock
2026-03-14T13:38:15.450Z INFO  [gateway] req=req-ae27f7 GET /api/products/SKU-0777/availability -> 200 (9ms) user=u-2699
2026-03-14T13:38:15.861Z INFO  [auth] req=req-dd39f3 token ok user=u-1490
2026-03-14T13:38:15.875Z INFO  [gateway] req=req-dd39f3 GET /api/orders/o-7295ed -> 200 (15ms) user=u-1490
2026-03-14T13:38:17.616Z INFO  [auth] req=req-cd5a7f token ok user=u-1380
2026-03-14T13:38:17.651Z INFO  [gateway] req=req-cd5a7f GET /api/cart -> 200 (17ms) user=u-1380
2026-03-14T13:38:20.746Z INFO  [gateway] req=req-8b58cf GET /api/products/SKU-0777 -> 200 (4ms)
2026-03-14T13:38:23.689Z INFO  [auth] req=req-579a7f token ok user=u-3717
2026-03-14T13:38:23.697Z INFO  [orders] req=req-579a7f cart validated items=4 total=EUR 41.30
2026-03-14T13:38:23.705Z INFO  [inventory] req=req-579a7f reserved 4 items hold=h-1657f
2026-03-14T13:38:23.712Z INFO  [payments] req=req-579a7f authorising EUR 41.30 with psp
2026-03-14T13:38:23.952Z INFO  [payments] req=req-579a7f psp authorised ref=psp_924d7ce8
2026-03-14T13:38:23.954Z INFO  [payments] req=req-579a7f posting to ledger txn=lt-997d8 (attempt 1/2)
2026-03-14T13:38:24.009Z INFO  [ledger] txn=lt-997d8 posted 2 entries (54ms)
2026-03-14T13:38:24.011Z INFO  [payments] req=req-579a7f charge captured txn=lt-997d8
2026-03-14T13:38:24.015Z INFO  [orders] req=req-579a7f order o-a22ab0 confirmed
2026-03-14T13:38:24.018Z INFO  [gateway] req=req-579a7f POST /api/checkout -> 201 (330ms) user=u-3717
2026-03-14T13:38:27.149Z INFO  [gateway] req=req-6efe9c GET /api/products/SKU-0318 -> 200 (26ms)
2026-03-14T13:38:28.254Z INFO  [auth] req=req-1ef0e6 token ok user=u-3417
2026-03-14T13:38:28.286Z INFO  [gateway] req=req-1ef0e6 GET /api/cart -> 200 (23ms) user=u-3417
2026-03-14T13:38:33.682Z INFO  [auth] req=req-1a0a3d token ok user=u-9456
2026-03-14T13:38:33.711Z INFO  [gateway] req=req-1a0a3d GET /api/cart -> 200 (21ms) user=u-9456
2026-03-14T13:38:35.385Z INFO  [auth] req=req-f2fe92 token ok user=u-5876
2026-03-14T13:38:35.410Z INFO  [gateway] req=req-f2fe92 GET /api/cart -> 200 (23ms) user=u-5876
2026-03-14T13:38:35.778Z INFO  [auth] req=req-7065be token ok user=u-3207
2026-03-14T13:38:35.786Z INFO  [orders] req=req-7065be cart validated items=2 total=EUR 463.64
2026-03-14T13:38:35.794Z INFO  [inventory] req=req-7065be reserved 2 items hold=h-9f3ae
2026-03-14T13:38:35.801Z INFO  [payments] req=req-7065be authorising EUR 463.64 with psp
2026-03-14T13:38:36.052Z INFO  [payments] req=req-7065be psp authorised ref=psp_4268e3cf
2026-03-14T13:38:36.054Z INFO  [payments] req=req-7065be posting to ledger txn=lt-8ddb3 (attempt 1/2)
2026-03-14T13:38:36.092Z INFO  [ledger] txn=lt-8ddb3 posted 2 entries (36ms)
2026-03-14T13:38:36.094Z INFO  [payments] req=req-7065be charge captured txn=lt-8ddb3
2026-03-14T13:38:36.098Z INFO  [orders] req=req-7065be order o-57952d confirmed
2026-03-14T13:38:36.101Z INFO  [gateway] req=req-7065be POST /api/checkout -> 201 (324ms) user=u-3207
2026-03-14T13:38:36.365Z INFO  [auth] req=req-00cf8e token ok user=u-9760
2026-03-14T13:38:36.376Z INFO  [gateway] req=req-00cf8e GET /api/cart -> 200 (12ms) user=u-9760
2026-03-14T13:38:37.300Z INFO  [ledger-db] pool stats in_use=0 idle=8 max=40 waiters=0
2026-03-14T13:38:39.192Z INFO  [gateway] req=req-40e0fe GET /api/products/SKU-0318 -> 200 (14ms)
2026-03-14T13:38:39.357Z INFO  [gateway] req=req-eec6c5 GET /api/products/SKU-0512 -> 200 (14ms)
2026-03-14T13:38:39.584Z INFO  [auth] req=req-d8769a token ok user=u-4066
2026-03-14T13:38:39.592Z INFO  [orders] req=req-d8769a cart validated items=3 total=EUR 355.08
2026-03-14T13:38:39.600Z INFO  [inventory] req=req-d8769a reserved 3 items hold=h-68f9b
2026-03-14T13:38:39.607Z INFO  [payments] req=req-d8769a authorising EUR 355.08 with psp
2026-03-14T13:38:39.856Z INFO  [payments] req=req-d8769a psp authorised ref=psp_d9ae888b
2026-03-14T13:38:39.858Z INFO  [payments] req=req-d8769a posting to ledger txn=lt-08c6d (attempt 1/2)
2026-03-14T13:38:39.951Z INFO  [ledger] txn=lt-08c6d posted 2 entries (90ms)
2026-03-14T13:38:39.953Z INFO  [payments] req=req-d8769a charge captured txn=lt-08c6d
2026-03-14T13:38:39.957Z INFO  [orders] req=req-d8769a order o-07aae1 confirmed
2026-03-14T13:38:39.960Z INFO  [gateway] req=req-d8769a POST /api/checkout -> 201 (377ms) user=u-4066
2026-03-14T13:38:44.113Z INFO  [auth] req=req-961a87 token ok user=u-7770
2026-03-14T13:38:44.121Z INFO  [orders] req=req-961a87 cart validated items=5 total=EUR 323.49
2026-03-14T13:38:44.129Z INFO  [inventory] req=req-961a87 reserved 5 items hold=h-11648
2026-03-14T13:38:44.136Z INFO  [payments] req=req-961a87 authorising EUR 323.49 with psp
2026-03-14T13:38:44.374Z INFO  [payments] req=req-961a87 psp authorised ref=psp_777c10ee
2026-03-14T13:38:44.376Z INFO  [payments] req=req-961a87 posting to ledger txn=lt-8073f (attempt 1/2)
2026-03-14T13:38:44.479Z INFO  [ledger] txn=lt-8073f posted 2 entries (99ms)
2026-03-14T13:38:44.481Z INFO  [payments] req=req-961a87 charge captured txn=lt-8073f
2026-03-14T13:38:44.485Z INFO  [orders] req=req-961a87 order o-bd6081 confirmed
2026-03-14T13:38:44.488Z INFO  [gateway] req=req-961a87 POST /api/checkout -> 201 (376ms) user=u-7770
2026-03-14T13:38:46.608Z INFO  [auth] req=req-b1a2e3 token ok user=u-6743
2026-03-14T13:38:46.643Z INFO  [gateway] req=req-b1a2e3 GET /api/cart -> 200 (14ms) user=u-6743
2026-03-14T13:38:47.785Z INFO  [auth] req=req-2bf1c9 token ok user=u-1299
2026-03-14T13:38:47.793Z INFO  [orders] req=req-2bf1c9 cart validated items=1 total=EUR 429.03
2026-03-14T13:38:47.801Z INFO  [inventory] req=req-2bf1c9 reserved 1 items hold=h-7ab19
2026-03-14T13:38:47.808Z INFO  [payments] req=req-2bf1c9 authorising EUR 429.03 with psp
2026-03-14T13:38:48.064Z INFO  [payments] req=req-2bf1c9 psp authorised ref=psp_b3b7ac0f
2026-03-14T13:38:48.066Z INFO  [payments] req=req-2bf1c9 posting to ledger txn=lt-14c89 (attempt 1/2)
2026-03-14T13:38:48.160Z INFO  [ledger] txn=lt-14c89 posted 2 entries (92ms)
2026-03-14T13:38:48.162Z INFO  [payments] req=req-2bf1c9 charge captured txn=lt-14c89
2026-03-14T13:38:48.166Z INFO  [orders] req=req-2bf1c9 order o-919fca confirmed
2026-03-14T13:38:48.169Z INFO  [gateway] req=req-2bf1c9 POST /api/checkout -> 201 (385ms) user=u-1299
2026-03-14T13:38:59.036Z INFO  [cache] stats hit_ratio=0.94 keys=19082 evictions/s=256
2026-03-14T13:39:00.500Z INFO  [auth] req=req-867f19 token ok user=u-2243
2026-03-14T13:39:00.514Z INFO  [gateway] req=req-867f19 GET /api/orders/o-160d1a -> 200 (15ms) user=u-2243
2026-03-14T13:39:01.639Z INFO  [gateway] req=req-6fe451 GET /api/products/SKU-0077 -> 200 (7ms)
2026-03-14T13:39:05.007Z DEBUG [gateway] health orders ok (8ms)
2026-03-14T13:39:05.020Z DEBUG [gateway] health payments ok (9ms)
2026-03-14T13:39:05.026Z DEBUG [gateway] health auth ok (9ms)
2026-03-14T13:39:05.031Z DEBUG [gateway] health ledger ok (4ms)
2026-03-14T13:39:05.037Z DEBUG [gateway] health inventory ok (8ms)
2026-03-14T13:39:05.376Z INFO  [auth] req=req-c1d3b6 token ok user=u-6889
2026-03-14T13:39:05.391Z INFO  [gateway] req=req-c1d3b6 GET /api/cart -> 200 (30ms) user=u-6889
2026-03-14T13:39:05.595Z INFO  [auth] req=req-d2515d token ok user=u-5421
2026-03-14T13:39:05.600Z INFO  [inventory] req=req-d2515d availability SKU-0512: 253 in stock
2026-03-14T13:39:05.603Z INFO  [gateway] req=req-d2515d GET /api/products/SKU-0512/availability -> 200 (9ms) user=u-5421
2026-03-14T13:39:07.106Z INFO  [auth] req=req-432a06 token ok user=u-5443
2026-03-14T13:39:07.114Z INFO  [orders] req=req-432a06 cart validated items=5 total=EUR 194.89
2026-03-14T13:39:07.122Z INFO  [inventory] req=req-432a06 reserved 5 items hold=h-f035b
2026-03-14T13:39:07.129Z INFO  [payments] req=req-432a06 authorising EUR 194.89 with psp
2026-03-14T13:39:07.300Z INFO  [ledger-db] pool stats in_use=3 idle=5 max=40 waiters=0
2026-03-14T13:39:07.354Z INFO  [payments] req=req-432a06 psp authorised ref=psp_24992ef6
2026-03-14T13:39:07.356Z INFO  [payments] req=req-432a06 posting to ledger txn=lt-786b7 (attempt 1/2)
2026-03-14T13:39:07.356Z DEBUG [ledger-db] acquire txn=lt-786b7 waited=0ms in_use=2/40
2026-03-14T13:39:07.399Z INFO  [ledger] txn=lt-786b7 posted 2 entries (43ms)
2026-03-14T13:39:07.401Z INFO  [payments] req=req-432a06 charge captured txn=lt-786b7
2026-03-14T13:39:07.405Z INFO  [orders] req=req-432a06 order o-f191e8 confirmed
2026-03-14T13:39:07.408Z INFO  [gateway] req=req-432a06 POST /api/checkout -> 201 (303ms) user=u-5443
2026-03-14T13:39:09.192Z INFO  [auth] req=req-ec159c token ok user=u-8359
2026-03-14T13:39:09.200Z INFO  [orders] req=req-ec159c cart validated items=1 total=EUR 30.34
2026-03-14T13:39:09.208Z INFO  [inventory] req=req-ec159c reserved 1 items hold=h-9cc4d
2026-03-14T13:39:09.215Z INFO  [payments] req=req-ec159c authorising EUR 30.34 with psp
2026-03-14T13:39:09.382Z INFO  [payments] req=req-ec159c psp authorised ref=psp_47e915fd
2026-03-14T13:39:09.384Z INFO  [payments] req=req-ec159c posting to ledger txn=lt-52efb (attempt 1/2)
2026-03-14T13:39:09.444Z INFO  [ledger] txn=lt-52efb posted 2 entries (60ms)
2026-03-14T13:39:09.446Z INFO  [payments] req=req-ec159c charge captured txn=lt-52efb
2026-03-14T13:39:09.450Z INFO  [orders] req=req-ec159c order o-bccaf3 confirmed
2026-03-14T13:39:09.453Z INFO  [gateway] req=req-ec159c POST /api/checkout -> 201 (262ms) user=u-8359
2026-03-14T13:39:19.222Z INFO  [auth] req=req-8dfa3d login ok user=u-3466 session=s-0ff34aa0
2026-03-14T13:39:19.226Z INFO  [gateway] req=req-8dfa3d POST /api/login -> 200 (34ms) user=u-3466
2026-03-14T13:39:21.797Z INFO  [auth] req=req-471b08 login ok user=u-5876 session=s-25caeff5
2026-03-14T13:39:21.801Z INFO  [gateway] req=req-471b08 POST /api/login -> 200 (34ms) user=u-5876
2026-03-14T13:39:26.334Z INFO  [auth] req=req-65b458 token ok user=u-1654
2026-03-14T13:39:26.339Z INFO  [inventory] req=req-65b458 availability SKU-0404: 361 in stock
2026-03-14T13:39:26.342Z INFO  [gateway] req=req-65b458 GET /api/products/SKU-0404/availability -> 200 (9ms) user=u-1654
2026-03-14T13:39:27.333Z INFO  [gateway] req=req-8aec1a GET /api/products/SKU-0777 -> 200 (7ms)
2026-03-14T13:39:34.450Z INFO  [auth] req=req-307fdc token ok user=u-4543
2026-03-14T13:39:34.487Z INFO  [gateway] req=req-307fdc GET /api/cart -> 200 (18ms) user=u-4543
2026-03-14T13:39:36.726Z INFO  [gateway] req=req-257002 GET /api/products/SKU-0512 -> 200 (16ms)
2026-03-14T13:39:37.300Z INFO  [ledger-db] pool stats in_use=1 idle=7 max=40 waiters=0
2026-03-14T13:39:41.029Z INFO  [auth] req=req-fe7044 token ok user=u-3207
2026-03-14T13:39:41.034Z INFO  [inventory] req=req-fe7044 availability SKU-0318: 354 in stock
2026-03-14T13:39:41.037Z INFO  [gateway] req=req-fe7044 GET /api/products/SKU-0318/availability -> 200 (9ms) user=u-3207
2026-03-14T13:39:41.758Z INFO  [gateway] req=req-40b752 GET /api/products/SKU-1203 -> 200 (29ms)
2026-03-14T13:39:46.511Z INFO  [auth] req=req-0bcd5c token ok user=u-1299
2026-03-14T13:39:46.516Z INFO  [inventory] req=req-0bcd5c availability SKU-0318: 350 in stock
2026-03-14T13:39:46.519Z INFO  [gateway] req=req-0bcd5c GET /api/products/SKU-0318/availability -> 200 (9ms) user=u-1299
2026-03-14T13:39:47.430Z INFO  [gateway] req=req-c3955a GET /api/products/SKU-0901 -> 200 (5ms)
2026-03-14T13:39:48.618Z INFO  [auth] req=req-5d3b9e token ok user=u-7770
2026-03-14T13:39:48.626Z INFO  [orders] req=req-5d3b9e cart validated items=1 total=EUR 453.69
2026-03-14T13:39:48.634Z INFO  [inventory] req=req-5d3b9e reserved 1 items hold=h-2384e
2026-03-14T13:39:48.641Z INFO  [payments] req=req-5d3b9e authorising EUR 453.69 with psp
2026-03-14T13:39:48.735Z INFO  [payments] req=req-5d3b9e psp authorised ref=psp_3da85fab
2026-03-14T13:39:48.737Z INFO  [payments] req=req-5d3b9e posting to ledger txn=lt-6ec69 (attempt 1/2)
2026-03-14T13:39:48.739Z DEBUG [ledger-db] acquire txn=lt-6ec69 waited=2ms in_use=5/40
2026-03-14T13:39:48.778Z INFO  [ledger] txn=lt-6ec69 posted 2 entries (39ms)
2026-03-14T13:39:48.780Z INFO  [payments] req=req-5d3b9e charge captured txn=lt-6ec69
2026-03-14T13:39:48.784Z INFO  [orders] req=req-5d3b9e order o-02400b confirmed
2026-03-14T13:39:48.787Z INFO  [gateway] req=req-5d3b9e POST /api/checkout -> 201 (170ms) user=u-7770
2026-03-14T13:39:50.319Z INFO  [gateway] req=req-f117fd GET /api/products/SKU-0105 -> 200 (9ms)
2026-03-14T13:39:51.425Z INFO  [gateway] req=req-839f0c GET /api/products/SKU-0318 -> 200 (27ms)
2026-03-14T13:39:53.890Z INFO  [gateway] req=req-293bc6 GET /api/products/SKU-0105 -> 200 (10ms)
2026-03-14T13:40:03.968Z INFO  [gateway] req=req-583fe3 GET /api/products/SKU-0901 -> 200 (15ms)
2026-03-14T13:40:05.009Z DEBUG [gateway] health ledger ok (6ms)
2026-03-14T13:40:05.025Z DEBUG [gateway] health inventory ok (6ms)
2026-03-14T13:40:05.037Z DEBUG [gateway] health auth ok (3ms)
2026-03-14T13:40:05.039Z DEBUG [gateway] health orders ok (2ms)
2026-03-14T13:40:05.039Z DEBUG [gateway] health payments ok (2ms)
2026-03-14T13:40:07.300Z INFO  [ledger-db] pool stats in_use=0 idle=8 max=40 waiters=0
2026-03-14T13:40:09.540Z INFO  [auth] req=req-d0b43d token ok user=u-9957
2026-03-14T13:40:09.577Z INFO  [gateway] req=req-d0b43d GET /api/cart -> 200 (12ms) user=u-9957
2026-03-14T13:40:11.335Z INFO  [auth] req=req-2b3bfb token ok user=u-5772
2026-03-14T13:40:11.340Z INFO  [inventory] req=req-2b3bfb availability SKU-0901: 56 in stock
2026-03-14T13:40:11.343Z INFO  [gateway] req=req-2b3bfb GET /api/products/SKU-0901/availability -> 200 (9ms) user=u-5772
2026-03-14T13:40:12.671Z INFO  [cache] stats hit_ratio=0.91 keys=19874 evictions/s=179
2026-03-14T13:40:15.401Z INFO  [gateway] req=req-34d8ea GET /api/products/SKU-0077 -> 200 (7ms)
2026-03-14T13:40:18.004Z INFO  [auth] req=req-51547a login ok user=u-4442 session=s-efc764c3
2026-03-14T13:40:18.008Z INFO  [gateway] req=req-51547a POST /api/login -> 200 (34ms) user=u-4442
2026-03-14T13:40:18.986Z INFO  [auth] req=req-131cf4 token ok user=u-6810
2026-03-14T13:40:18.994Z INFO  [orders] req=req-131cf4 cart validated items=2 total=EUR 168.94
2026-03-14T13:40:19.002Z INFO  [inventory] req=req-131cf4 reserved 2 items hold=h-fce18
2026-03-14T13:40:19.009Z INFO  [payments] req=req-131cf4 authorising EUR 168.94 with psp
2026-03-14T13:40:19.145Z INFO  [payments] req=req-131cf4 psp authorised ref=psp_533cf919
2026-03-14T13:40:19.147Z INFO  [payments] req=req-131cf4 posting to ledger txn=lt-0699f (attempt 1/2)
2026-03-14T13:40:19.205Z INFO  [ledger] txn=lt-0699f posted 2 entries (56ms)
2026-03-14T13:40:19.207Z INFO  [payments] req=req-131cf4 charge captured txn=lt-0699f
2026-03-14T13:40:19.211Z INFO  [orders] req=req-131cf4 order o-71aaa4 confirmed
2026-03-14T13:40:19.214Z INFO  [gateway] req=req-131cf4 POST /api/checkout -> 201 (229ms) user=u-6810
2026-03-14T13:40:21.132Z INFO  [gateway] req=req-474429 GET /api/products/SKU-0012 -> 200 (15ms)
2026-03-14T13:40:22.602Z INFO  [auth] req=req-e8d1aa token ok user=u-3207
2026-03-14T13:40:22.610Z INFO  [orders] req=req-e8d1aa cart validated items=2 total=EUR 63.01
2026-03-14T13:40:22.618Z INFO  [inventory] req=req-e8d1aa reserved 2 items hold=h-217d4
2026-03-14T13:40:22.625Z INFO  [payments] req=req-e8d1aa authorising EUR 63.01 with psp
2026-03-14T13:40:22.794Z INFO  [payments] req=req-e8d1aa psp authorised ref=psp_d5727d8f
2026-03-14T13:40:22.796Z INFO  [payments] req=req-e8d1aa posting to ledger txn=lt-89365 (attempt 1/2)
2026-03-14T13:40:22.883Z INFO  [ledger] txn=lt-89365 posted 2 entries (83ms)
2026-03-14T13:40:22.885Z INFO  [payments] req=req-e8d1aa charge captured txn=lt-89365
2026-03-14T13:40:22.889Z INFO  [orders] req=req-e8d1aa order o-b2f13d confirmed
2026-03-14T13:40:22.892Z INFO  [gateway] req=req-e8d1aa POST /api/checkout -> 201 (291ms) user=u-3207
2026-03-14T13:40:23.226Z INFO  [auth] req=req-115c80 token ok user=u-6666
2026-03-14T13:40:23.240Z INFO  [gateway] req=req-115c80 GET /api/orders/o-86fb99 -> 200 (15ms) user=u-6666
2026-03-14T13:40:23.714Z INFO  [gateway] req=req-198030 GET /api/products/SKU-0512 -> 200 (9ms)
2026-03-14T13:40:25.685Z INFO  [auth] req=req-ed033b token ok user=u-9817
2026-03-14T13:40:25.693Z INFO  [orders] req=req-ed033b cart validated items=5 total=EUR 24.77
2026-03-14T13:40:25.701Z INFO  [inventory] req=req-ed033b reserved 5 items hold=h-4a91f
2026-03-14T13:40:25.708Z INFO  [payments] req=req-ed033b authorising EUR 24.77 with psp
2026-03-14T13:40:25.837Z INFO  [payments] req=req-ed033b psp authorised ref=psp_d61529b2
2026-03-14T13:40:25.839Z INFO  [payments] req=req-ed033b posting to ledger txn=lt-3c513 (attempt 1/2)
2026-03-14T13:40:25.965Z INFO  [ledger] txn=lt-3c513 posted 2 entries (122ms)
2026-03-14T13:40:25.967Z INFO  [payments] req=req-ed033b charge captured txn=lt-3c513
2026-03-14T13:40:25.971Z INFO  [orders] req=req-ed033b order o-866de2 confirmed
2026-03-14T13:40:25.974Z INFO  [gateway] req=req-ed033b POST /api/checkout -> 201 (290ms) user=u-9817
2026-03-14T13:40:29.500Z INFO  [gateway] req=req-a7b2dd GET /api/products/SKU-0077 -> 200 (18ms)
2026-03-14T13:40:29.647Z INFO  [auth] req=req-46ae77 token ok user=u-5255
2026-03-14T13:40:29.666Z INFO  [gateway] req=req-46ae77 GET /api/cart -> 200 (30ms) user=u-5255
2026-03-14T13:40:30.645Z INFO  [auth] req=req-5d748a token ok user=u-7745
2026-03-14T13:40:30.653Z INFO  [orders] req=req-5d748a cart validated items=3 total=EUR 114.11
2026-03-14T13:40:30.661Z INFO  [inventory] req=req-5d748a reserved 3 items hold=h-36ed6
2026-03-14T13:40:30.668Z INFO  [payments] req=req-5d748a authorising EUR 114.11 with psp
2026-03-14T13:40:30.781Z INFO  [auth] req=req-8b4808 token ok user=u-6743
2026-03-14T13:40:30.786Z INFO  [inventory] req=req-8b4808 availability SKU-0777: 49 in stock
2026-03-14T13:40:30.789Z INFO  [gateway] req=req-8b4808 GET /api/products/SKU-0777/availability -> 200 (9ms) user=u-6743
2026-03-14T13:40:30.876Z INFO  [payments] req=req-5d748a psp authorised ref=psp_6890bf85
2026-03-14T13:40:30.878Z INFO  [payments] req=req-5d748a posting to ledger txn=lt-c6b57 (attempt 1/2)
2026-03-14T13:40:31.003Z INFO  [ledger] txn=lt-c6b57 posted 2 entries (122ms)
2026-03-14T13:40:31.005Z INFO  [payments] req=req-5d748a charge captured txn=lt-c6b57
2026-03-14T13:40:31.009Z INFO  [orders] req=req-5d748a order o-2a3bdd confirmed
2026-03-14T13:40:31.012Z INFO  [gateway] req=req-5d748a POST /api/checkout -> 201 (368ms) user=u-7745
2026-03-14T13:40:34.045Z INFO  [auth] req=req-0a1df3 token ok user=u-3726
2026-03-14T13:40:34.053Z INFO  [orders] req=req-0a1df3 cart validated items=1 total=EUR 143.31
2026-03-14T13:40:34.061Z INFO  [inventory] req=req-0a1df3 reserved 1 items hold=h-24b6b
2026-03-14T13:40:34.068Z INFO  [payments] req=req-0a1df3 authorising EUR 143.31 with psp
2026-03-14T13:40:34.295Z INFO  [payments] req=req-0a1df3 psp authorised ref=psp_5205ad70
2026-03-14T13:40:34.297Z INFO  [payments] req=req-0a1df3 posting to ledger txn=lt-83f78 (attempt 1/2)
2026-03-14T13:40:34.426Z INFO  [ledger] txn=lt-83f78 posted 2 entries (127ms)
2026-03-14T13:40:34.428Z INFO  [payments] req=req-0a1df3 charge captured txn=lt-83f78
2026-03-14T13:40:34.432Z INFO  [orders] req=req-0a1df3 order o-169921 confirmed
2026-03-14T13:40:34.435Z INFO  [gateway] req=req-0a1df3 POST /api/checkout -> 201 (391ms) user=u-3726
2026-03-14T13:40:37.300Z INFO  [ledger-db] pool stats in_use=0 idle=8 max=40 waiters=0
2026-03-14T13:40:41.000Z INFO  [scheduler] job=purge-expired-sessions started
2026-03-14T13:40:41.821Z INFO  [scheduler] job=purge-expired-sessions finished removed=97
2026-03-14T13:40:43.478Z INFO  [auth] req=req-01c27e token ok user=u-2653
2026-03-14T13:40:43.500Z INFO  [gateway] req=req-01c27e GET /api/cart -> 200 (31ms) user=u-2653
2026-03-14T13:40:43.709Z INFO  [gateway] req=req-0b0c00 GET /api/products/SKU-0512 -> 200 (5ms)
2026-03-14T13:40:51.560Z INFO  [auth] req=req-05ea1e token ok user=u-4868
2026-03-14T13:40:51.579Z INFO  [gateway] req=req-05ea1e GET /api/cart -> 200 (24ms) user=u-4868
2026-03-14T13:40:52.876Z INFO  [gateway] req=req-b94442 GET /api/products/SKU-0404 -> 200 (11ms)
2026-03-14T13:40:57.755Z INFO  [auth] req=req-d61447 login ok user=u-9520 session=s-ead60648
2026-03-14T13:40:57.759Z INFO  [gateway] req=req-d61447 POST /api/login -> 200 (34ms) user=u-9520
2026-03-14T13:40:59.256Z INFO  [gateway] req=req-ad76ba GET /api/products/SKU-0230 -> 200 (21ms)
2026-03-14T13:41:01.817Z INFO  [auth] req=req-14e992 token ok user=u-4434
2026-03-14T13:41:01.826Z INFO  [gateway] req=req-14e992 GET /api/cart -> 200 (16ms) user=u-4434
2026-03-14T13:41:01.826Z INFO  [gateway] req=req-ad4652 GET /api/products/SKU-0777 -> 200 (5ms)
2026-03-14T13:41:05.002Z INFO  [reports] req=req-ab971b export started rows~43038 format=csv
2026-03-14T13:41:05.010Z DEBUG [gateway] health ledger ok (6ms)
2026-03-14T13:41:05.010Z DEBUG [gateway] health auth ok (5ms)
2026-03-14T13:41:05.011Z DEBUG [gateway] health orders ok (5ms)
2026-03-14T13:41:05.013Z DEBUG [gateway] health payments ok (1ms)
2026-03-14T13:41:05.029Z DEBUG [gateway] health inventory ok (6ms)
2026-03-14T13:41:07.300Z INFO  [ledger-db] pool stats in_use=2 idle=6 max=40 waiters=0
2026-03-14T13:41:12.083Z INFO  [cache] stats hit_ratio=0.94 keys=19815 evictions/s=418
2026-03-14T13:41:12.086Z WARN  [cache] eviction rate high (370/s) - consider raising maxmemory
2026-03-14T13:41:13.523Z INFO  [gateway] req=req-d37aa1 GET /api/products/SKU-0901 -> 200 (15ms)
2026-03-14T13:41:13.561Z INFO  [auth] req=req-f38180 token ok user=u-3789
2026-03-14T13:41:13.573Z INFO  [gateway] req=req-f38180 GET /api/cart -> 200 (23ms) user=u-3789
2026-03-14T13:41:14.181Z INFO  [auth] req=req-739a9e token ok user=u-6842
2026-03-14T13:41:14.189Z INFO  [orders] req=req-739a9e cart validated items=5 total=EUR 49.09
2026-03-14T13:41:14.197Z INFO  [inventory] req=req-739a9e reserved 5 items hold=h-372f8
2026-03-14T13:41:14.204Z INFO  [payments] req=req-739a9e authorising EUR 49.09 with psp
2026-03-14T13:41:14.433Z INFO  [payments] req=req-739a9e psp authorised ref=psp_87b3c80a
2026-03-14T13:41:14.435Z INFO  [payments] req=req-739a9e posting to ledger txn=lt-26793 (attempt 1/2)
2026-03-14T13:41:14.471Z INFO  [ledger] txn=lt-26793 posted 2 entries (34ms)
2026-03-14T13:41:14.473Z INFO  [payments] req=req-739a9e charge captured txn=lt-26793
2026-03-14T13:41:14.477Z INFO  [orders] req=req-739a9e order o-173476 confirmed
2026-03-14T13:41:14.480Z INFO  [gateway] req=req-739a9e POST /api/checkout -> 201 (300ms) user=u-6842
2026-03-14T13:41:14.987Z INFO  [gateway] req=req-c62667 GET /api/products/SKU-0901 -> 200 (22ms)
2026-03-14T13:41:21.928Z INFO  [auth] req=req-2534cb login ok user=u-8977 session=s-1e84566b
2026-03-14T13:41:21.932Z INFO  [gateway] req=req-2534cb POST /api/login -> 200 (34ms) user=u-8977
2026-03-14T13:41:22.073Z INFO  [auth] req=req-178e55 token ok user=u-1769
2026-03-14T13:41:22.081Z INFO  [orders] req=req-178e55 cart validated items=2 total=EUR 216.90
2026-03-14T13:41:22.089Z INFO  [inventory] req=req-178e55 reserved 2 items hold=h-54207
2026-03-14T13:41:22.096Z INFO  [payments] req=req-178e55 authorising EUR 216.90 with psp
2026-03-14T13:41:22.318Z INFO  [payments] req=req-178e55 psp authorised ref=psp_e46014df
2026-03-14T13:41:22.320Z INFO  [payments] req=req-178e55 posting to ledger txn=lt-83362 (attempt 1/2)
2026-03-14T13:41:22.385Z INFO  [ledger] txn=lt-83362 posted 2 entries (63ms)
2026-03-14T13:41:22.387Z INFO  [payments] req=req-178e55 charge captured txn=lt-83362
2026-03-14T13:41:22.391Z INFO  [orders] req=req-178e55 order o-978f99 confirmed
2026-03-14T13:41:22.394Z INFO  [gateway] req=req-178e55 POST /api/checkout -> 201 (322ms) user=u-1769
2026-03-14T13:41:33.074Z INFO  [auth] req=req-a00370 token ok user=u-1606
2026-03-14T13:41:33.098Z INFO  [gateway] req=req-a00370 GET /api/cart -> 200 (21ms) user=u-1606
2026-03-14T13:41:34.006Z INFO  [auth] req=req-ac14ac login ok user=u-3417 session=s-aeccca28
2026-03-14T13:41:34.010Z INFO  [gateway] req=req-ac14ac POST /api/login -> 200 (34ms) user=u-3417
2026-03-14T13:41:35.002Z ERROR [reports] req=req-ab971b export exceeded 30000ms budget; cancelled (known issue, see RPT-212)
2026-03-14T13:41:35.006Z ERROR [gateway] req=req-ab971b GET /api/reports/export -> 504 (30006ms) user=u-6463
2026-03-14T13:41:37.300Z INFO  [ledger-db] pool stats in_use=0 idle=8 max=40 waiters=0
2026-03-14T13:41:38.833Z INFO  [auth] req=req-f5c80c token ok user=u-3137
2026-03-14T13:41:38.851Z INFO  [gateway] req=req-f5c80c GET /api/cart -> 200 (29ms) user=u-3137
2026-03-14T13:41:43.544Z INFO  [auth] req=req-99f79f login ok user=u-5854 session=s-21492020
2026-03-14T13:41:43.548Z INFO  [gateway] req=req-99f79f POST /api/login -> 200 (34ms) user=u-5854
2026-03-14T13:41:46.813Z INFO  [auth] req=req-d43235 token ok user=u-9456
2026-03-14T13:41:46.821Z INFO  [orders] req=req-d43235 cart validated items=3 total=EUR 437.24
2026-03-14T13:41:46.829Z INFO  [inventory] req=req-d43235 reserved 3 items hold=h-8008f
2026-03-14T13:41:46.836Z INFO  [payments] req=req-d43235 authorising EUR 437.24 with psp
2026-03-14T13:41:47.094Z INFO  [payments] req=req-d43235 psp authorised ref=psp_9ea348f7
2026-03-14T13:41:47.096Z INFO  [payments] req=req-d43235 posting to ledger txn=lt-a580b (attempt 1/2)
2026-03-14T13:41:47.191Z INFO  [ledger] txn=lt-a580b posted 2 entries (94ms)
2026-03-14T13:41:47.193Z INFO  [payments] req=req-d43235 charge captured txn=lt-a580b
2026-03-14T13:41:47.197Z INFO  [orders] req=req-d43235 order o-b568a4 confirmed
2026-03-14T13:41:47.200Z INFO  [gateway] req=req-d43235 POST /api/checkout -> 201 (388ms) user=u-9456
2026-03-14T13:41:49.907Z WARN  [auth] req=req-e4a966 login failed for user=u-2866: bad password (attempt 1)
2026-03-14T13:41:49.945Z INFO  [gateway] req=req-e4a966 POST /api/login -> 401 (40ms)
2026-03-14T13:41:54.057Z INFO  [gateway] req=req-11db5f GET /api/products/SKU-0901 -> 200 (30ms)
2026-03-14T13:41:58.299Z INFO  [auth] req=req-dc6b90 login ok user=u-8842 session=s-d0ea9dcf
2026-03-14T13:41:58.303Z INFO  [gateway] req=req-dc6b90 POST /api/login -> 200 (34ms) user=u-8842
2026-03-14T13:42:01.426Z INFO  [auth] req=req-114b3a token ok user=u-2393
2026-03-14T13:42:01.434Z INFO  [orders] req=req-114b3a cart validated items=3 total=EUR 17.22
2026-03-14T13:42:01.442Z INFO  [inventory] req=req-114b3a reserved 3 items hold=h-5144d
2026-03-14T13:42:01.449Z INFO  [payments] req=req-114b3a authorising EUR 17.22 with psp
2026-03-14T13:42:01.547Z INFO  [payments] req=req-114b3a psp authorised ref=psp_4a2fddf7
2026-03-14T13:42:01.549Z INFO  [payments] req=req-114b3a posting to ledger txn=lt-8750f (attempt 1/2)
2026-03-14T13:42:01.672Z INFO  [ledger] txn=lt-8750f posted 2 entries (120ms)
2026-03-14T13:42:01.674Z INFO  [payments] req=req-114b3a charge captured txn=lt-8750f
2026-03-14T13:42:01.678Z INFO  [orders] req=req-114b3a order o-915472 confirmed
2026-03-14T13:42:01.681Z INFO  [gateway] req=req-114b3a POST /api/checkout -> 201 (256ms) user=u-2393
2026-03-14T13:42:03.000Z WARN  [scheduler] job=reindex-search skipped: lock held by node-b (this is expected on secondary nodes)
2026-03-14T13:42:04.358Z INFO  [auth] req=req-dc9fa0 token ok user=u-6647
2026-03-14T13:42:04.363Z INFO  [inventory] req=req-dc9fa0 availability SKU-0318: 369 in stock
2026-03-14T13:42:04.366Z INFO  [gateway] req=req-dc9fa0 GET /api/products/SKU-0318/availability -> 200 (9ms) user=u-6647
2026-03-14T13:42:05.000Z DEBUG [gateway] health ledger ok (1ms)
2026-03-14T13:42:05.001Z DEBUG [gateway] health inventory ok (7ms)
2026-03-14T13:42:05.012Z DEBUG [gateway] health orders ok (8ms)
2026-03-14T13:42:05.031Z DEBUG [gateway] health auth ok (6ms)
2026-03-14T13:42:05.038Z DEBUG [gateway] health payments ok (7ms)
2026-03-14T13:42:06.815Z INFO  [auth] req=req-350a02 token ok user=u-7344
2026-03-14T13:42:06.829Z INFO  [gateway] req=req-350a02 GET /api/orders/o-af18db -> 200 (15ms) user=u-7344
2026-03-14T13:42:07.300Z INFO  [ledger-db] pool stats in_use=3 idle=5 max=40 waiters=0
2026-03-14T13:42:10.381Z INFO  [auth] req=req-fece46 token ok user=u-1838
2026-03-14T13:42:10.389Z INFO  [orders] req=req-fece46 cart validated items=2 total=EUR 28.68
2026-03-14T13:42:10.397Z INFO  [inventory] req=req-fece46 reserved 2 items hold=h-1cf83
2026-03-14T13:42:10.404Z INFO  [payments] req=req-fece46 authorising EUR 28.68 with psp
2026-03-14T13:42:10.629Z INFO  [payments] req=req-fece46 psp authorised ref=psp_d30f3b93
2026-03-14T13:42:10.631Z INFO  [payments] req=req-fece46 posting to ledger txn=lt-522cf (attempt 1/2)
2026-03-14T13:42:10.747Z INFO  [ledger] txn=lt-522cf posted 2 entries (114ms)
2026-03-14T13:42:10.749Z INFO  [payments] req=req-fece46 charge captured txn=lt-522cf
2026-03-14T13:42:10.753Z INFO  [orders] req=req-fece46 order o-571044 confirmed
2026-03-14T13:42:10.756Z INFO  [gateway] req=req-fece46 POST /api/checkout -> 201 (376ms) user=u-1838
2026-03-14T13:42:14.111Z INFO  [gateway] req=req-d7990e GET /api/products/SKU-1203 -> 200 (20ms)
2026-03-14T13:42:19.764Z INFO  [gateway] req=req-2394ae GET /api/products/SKU-0012 -> 200 (7ms)
2026-03-14T13:42:23.686Z INFO  [gateway] req=req-edbdf0 GET /api/products/SKU-1203 -> 200 (5ms)
2026-03-14T13:42:25.638Z INFO  [auth] req=req-9f0099 login ok user=u-5255 session=s-3afb7163
2026-03-14T13:42:25.642Z INFO  [gateway] req=req-9f0099 POST /api/login -> 200 (34ms) user=u-5255
2026-03-14T13:42:25.966Z INFO  [cache] stats hit_ratio=0.94 keys=20304 evictions/s=405
2026-03-14T13:42:25.969Z WARN  [cache] eviction rate high (434/s) - consider raising maxmemory
2026-03-14T13:42:33.272Z INFO  [gateway] req=req-7fa850 GET /api/products/SKU-0012 -> 200 (28ms)
2026-03-14T13:42:33.645Z INFO  [auth] req=req-edb380 token ok user=u-5697
2026-03-14T13:42:33.653Z INFO  [orders] req=req-edb380 cart validated items=2 total=EUR 415.84
2026-03-14T13:42:33.661Z INFO  [inventory] req=req-edb380 reserved 2 items hold=h-1d4f9
2026-03-14T13:42:33.668Z INFO  [payments] req=req-edb380 authorising EUR 415.84 with psp
2026-03-14T13:42:33.781Z INFO  [payments] req=req-edb380 psp authorised ref=psp_e834fa6a
2026-03-14T13:42:33.783Z INFO  [payments] req=req-edb380 posting to ledger txn=lt-41078 (attempt 1/2)
2026-03-14T13:42:33.923Z INFO  [ledger] txn=lt-41078 posted 2 entries (140ms)
2026-03-14T13:42:33.925Z INFO  [payments] req=req-edb380 charge captured txn=lt-41078
2026-03-14T13:42:33.929Z INFO  [orders] req=req-edb380 order o-686831 confirmed
2026-03-14T13:42:33.932Z INFO  [gateway] req=req-edb380 POST /api/checkout -> 201 (288ms) user=u-5697
2026-03-14T13:42:36.115Z INFO  [auth] req=req-b29ce9 token ok user=u-2393
2026-03-14T13:42:36.123Z INFO  [orders] req=req-b29ce9 cart validated items=2 total=EUR 96.74
2026-03-14T13:42:36.131Z INFO  [inventory] req=req-b29ce9 reserved 2 items hold=h-98692
2026-03-14T13:42:36.138Z INFO  [payments] req=req-b29ce9 authorising EUR 96.74 with psp
2026-03-14T13:42:36.267Z INFO  [payments] req=req-b29ce9 psp authorised ref=psp_fbbc0588
2026-03-14T13:42:36.269Z INFO  [payments] req=req-b29ce9 posting to ledger txn=lt-5b8db (attempt 1/2)
2026-03-14T13:42:36.399Z INFO  [ledger] txn=lt-5b8db posted 2 entries (126ms)
2026-03-14T13:42:36.401Z INFO  [payments] req=req-b29ce9 charge captured txn=lt-5b8db
2026-03-14T13:42:36.405Z INFO  [orders] req=req-b29ce9 order o-30e110 confirmed
2026-03-14T13:42:36.408Z INFO  [gateway] req=req-b29ce9 POST /api/checkout -> 201 (294ms) user=u-2393
2026-03-14T13:42:37.300Z INFO  [ledger-db] pool stats in_use=3 idle=5 max=40 waiters=0
2026-03-14T13:42:37.961Z INFO  [auth] req=req-2dfb48 token ok user=u-3137
2026-03-14T13:42:37.969Z INFO  [orders] req=req-2dfb48 cart validated items=4 total=EUR 36.73
2026-03-14T13:42:37.977Z INFO  [inventory] req=req-2dfb48 reserved 4 items hold=h-429df
2026-03-14T13:42:37.984Z INFO  [payments] req=req-2dfb48 authorising EUR 36.73 with psp
2026-03-14T13:42:38.191Z INFO  [payments] req=req-2dfb48 psp authorised ref=psp_7f9958a0
2026-03-14T13:42:38.193Z INFO  [payments] req=req-2dfb48 posting to ledger txn=lt-0cadf (attempt 1/2)
2026-03-14T13:42:38.252Z INFO  [ledger] txn=lt-0cadf posted 2 entries (56ms)
2026-03-14T13:42:38.254Z INFO  [payments] req=req-2dfb48 charge captured txn=lt-0cadf
2026-03-14T13:42:38.258Z INFO  [orders] req=req-2dfb48 order o-0bbcac confirmed
2026-03-14T13:42:38.261Z INFO  [gateway] req=req-2dfb48 POST /api/checkout -> 201 (301ms) user=u-3137
2026-03-14T13:42:38.388Z INFO  [auth] req=req-25c0b9 token ok user=u-2947
2026-03-14T13:42:38.396Z INFO  [orders] req=req-25c0b9 cart validated items=2 total=EUR 252.21
2026-03-14T13:42:38.404Z INFO  [inventory] req=req-25c0b9 reserved 2 items hold=h-8c402
2026-03-14T13:42:38.411Z INFO  [payments] req=req-25c0b9 authorising EUR 252.21 with psp
2026-03-14T13:42:38.657Z INFO  [payments] req=req-25c0b9 psp authorised ref=psp_8366a403
2026-03-14T13:42:38.659Z INFO  [payments] req=req-25c0b9 posting to ledger txn=lt-47a52 (attempt 1/2)
2026-03-14T13:42:38.659Z DEBUG [ledger-db] acquire txn=lt-47a52 waited=0ms in_use=5/40
2026-03-14T13:42:38.688Z INFO  [ledger] txn=lt-47a52 posted 2 entries (29ms)
2026-03-14T13:42:38.690Z INFO  [payments] req=req-25c0b9 charge captured txn=lt-47a52
2026-03-14T13:42:38.694Z INFO  [orders] req=req-25c0b9 order o-2cd2ca confirmed
2026-03-14T13:42:38.697Z INFO  [gateway] req=req-25c0b9 POST /api/checkout -> 201 (310ms) user=u-2947
2026-03-14T13:42:39.232Z INFO  [auth] req=req-791cf7 token ok user=u-8954
2026-03-14T13:42:39.249Z INFO  [gateway] req=req-791cf7 GET /api/cart -> 200 (11ms) user=u-8954
2026-03-14T13:42:41.745Z INFO  [auth] req=req-7c1d3f token ok user=u-8842
2026-03-14T13:42:41.753Z INFO  [orders] req=req-7c1d3f cart validated items=5 total=EUR 56.33
2026-03-14T13:42:41.761Z INFO  [inventory] req=req-7c1d3f reserved 5 items hold=h-2a07c
2026-03-14T13:42:41.768Z INFO  [payments] req=req-7c1d3f authorising EUR 56.33 with psp
2026-03-14T13:42:41.934Z INFO  [payments] req=req-7c1d3f psp authorised ref=psp_8a9d9eb6
2026-03-14T13:42:41.936Z INFO  [payments] req=req-7c1d3f posting to ledger txn=lt-8f666 (attempt 1/2)
2026-03-14T13:42:41.938Z DEBUG [ledger-db] acquire txn=lt-8f666 waited=2ms in_use=4/40
2026-03-14T13:42:42.002Z INFO  [ledger] txn=lt-8f666 posted 2 entries (64ms)
2026-03-14T13:42:42.004Z INFO  [payments] req=req-7c1d3f charge captured txn=lt-8f666
2026-03-14T13:42:42.008Z INFO  [orders] req=req-7c1d3f order o-62fcbc confirmed
2026-03-14T13:42:42.011Z INFO  [gateway] req=req-7c1d3f POST /api/checkout -> 201 (267ms) user=u-8842
2026-03-14T13:42:43.690Z INFO  [auth] req=req-da5c59 token ok user=u-5854
2026-03-14T13:42:43.704Z INFO  [gateway] req=req-da5c59 GET /api/orders/o-ad70a6 -> 200 (15ms) user=u-5854
2026-03-14T13:42:46.835Z INFO  [auth] req=req-f8ee33 token ok user=u-6647
2026-03-14T13:42:46.843Z INFO  [orders] req=req-f8ee33 cart validated items=5 total=EUR 19.83
2026-03-14T13:42:46.851Z INFO  [inventory] req=req-f8ee33 reserved 5 items hold=h-15636
2026-03-14T13:42:46.858Z INFO  [payments] req=req-f8ee33 authorising EUR 19.83 with psp
2026-03-14T13:42:47.012Z INFO  [payments] req=req-f8ee33 psp authorised ref=psp_a1ab0c88
2026-03-14T13:42:47.014Z INFO  [payments] req=req-f8ee33 posting to ledger txn=lt-b65c0 (attempt 1/2)
2026-03-14T13:42:47.149Z INFO  [ledger] txn=lt-b65c0 posted 2 entries (131ms)
2026-03-14T13:42:47.151Z INFO  [payments] req=req-f8ee33 charge captured txn=lt-b65c0
2026-03-14T13:42:47.155Z INFO  [orders] req=req-f8ee33 order o-b96ac1 confirmed
2026-03-14T13:42:47.158Z INFO  [gateway] req=req-f8ee33 POST /api/checkout -> 201 (324ms) user=u-6647
2026-03-14T13:42:54.520Z INFO  [auth] req=req-05d936 login ok user=u-3371 session=s-eb001ae4
2026-03-14T13:42:54.524Z INFO  [gateway] req=req-05d936 POST /api/login -> 200 (34ms) user=u-3371
2026-03-14T13:42:58.246Z INFO  [auth] req=req-20bd40 token ok user=u-2243
2026-03-14T13:42:58.254Z INFO  [orders] req=req-20bd40 cart validated items=2 total=EUR 347.13
2026-03-14T13:42:58.262Z INFO  [inventory] req=req-20bd40 reserved 2 items hold=h-57df9
2026-03-14T13:42:58.269Z INFO  [payments] req=req-20bd40 authorising EUR 347.13 with psp
2026-03-14T13:42:58.489Z INFO  [payments] req=req-20bd40 psp authorised ref=psp_8b6736c0
2026-03-14T13:42:58.491Z INFO  [payments] req=req-20bd40 posting to ledger txn=lt-2fecc (attempt 1/2)
2026-03-14T13:42:58.518Z INFO  [ledger] txn=lt-2fecc posted 2 entries (26ms)
2026-03-14T13:42:58.520Z INFO  [payments] req=req-20bd40 charge captured txn=lt-2fecc
2026-03-14T13:42:58.524Z INFO  [orders] req=req-20bd40 order o-996ef8 confirmed
2026-03-14T13:42:58.527Z INFO  [gateway] req=req-20bd40 POST /api/checkout -> 201 (282ms) user=u-2243
2026-03-14T13:43:05.002Z DEBUG [gateway] health orders ok (6ms)
2026-03-14T13:43:05.026Z DEBUG [gateway] health inventory ok (4ms)
2026-03-14T13:43:05.030Z DEBUG [gateway] health auth ok (9ms)
2026-03-14T13:43:05.035Z DEBUG [gateway] health payments ok (4ms)
2026-03-14T13:43:05.036Z DEBUG [gateway] health ledger ok (9ms)
2026-03-14T13:43:07.300Z INFO  [ledger-db] pool stats in_use=0 idle=8 max=40 waiters=0
2026-03-14T13:43:09.032Z INFO  [auth] req=req-21a856 token ok user=u-4868
2026-03-14T13:43:09.040Z INFO  [orders] req=req-21a856 cart validated items=5 total=EUR 234.82
2026-03-14T13:43:09.048Z INFO  [inventory] req=req-21a856 reserved 5 items hold=h-85443
2026-03-14T13:43:09.055Z INFO  [payments] req=req-21a856 authorising EUR 234.82 with psp
2026-03-14T13:43:09.119Z INFO  [auth] req=req-dc8a1d token ok user=u-4422
2026-03-14T13:43:09.127Z INFO  [orders] req=req-dc8a1d cart validated items=5 total=EUR 150.28
2026-03-14T13:43:09.135Z INFO  [inventory] req=req-dc8a1d reserved 5 items hold=h-00f9c
2026-03-14T13:43:09.142Z INFO  [payments] req=req-dc8a1d authorising EUR 150.28 with psp
2026-03-14T13:43:09.250Z INFO  [payments] req=req-21a856 psp authorised ref=psp_a1c7a883
2026-03-14T13:43:09.252Z INFO  [payments] req=req-21a856 posting to ledger txn=lt-76885 (attempt 1/2)
2026-03-14T13:43:09.378Z INFO  [payments] req=req-dc8a1d psp authorised ref=psp_3ec374cb
2026-03-14T13:43:09.380Z INFO  [payments] req=req-dc8a1d posting to ledger txn=lt-c8708 (attempt 1/2)
2026-03-14T13:43:09.386Z INFO  [ledger] txn=lt-76885 posted 2 entries (134ms)
2026-03-14T13:43:09.388Z INFO  [payments] req=req-21a856 charge captured txn=lt-76885
2026-03-14T13:43:09.392Z INFO  [orders] req=req-21a856 order o-944013 confirmed
2026-03-14T13:43:09.395Z INFO  [gateway] req=req-21a856 POST /api/checkout -> 201 (364ms) user=u-4868
2026-03-14T13:43:09.409Z INFO  [ledger] txn=lt-c8708 posted 2 entries (29ms)
2026-03-14T13:43:09.411Z INFO  [payments] req=req-dc8a1d charge captured txn=lt-c8708
2026-03-14T13:43:09.415Z INFO  [orders] req=req-dc8a1d order o-fe5044 confirmed
2026-03-14T13:43:09.418Z INFO  [gateway] req=req-dc8a1d POST /api/checkout -> 201 (300ms) user=u-4422
2026-03-14T13:43:11.311Z INFO  [gateway] req=req-18690e GET /api/products/SKU-0318 -> 200 (9ms)
2026-03-14T13:43:12.400Z INFO  [auth] req=req-a28888 token ok user=u-9276
2026-03-14T13:43:12.414Z INFO  [gateway] req=req-a28888 GET /api/orders/o-7e323f -> 200 (15ms) user=u-9276
2026-03-14T13:43:12.593Z INFO  [auth] req=req-77d504 token ok user=u-3301
2026-03-14T13:43:12.601Z INFO  [orders] req=req-77d504 cart validated items=4 total=EUR 460.34
2026-03-14T13:43:12.609Z INFO  [inventory] req=req-77d504 reserved 4 items hold=h-774ab
2026-03-14T13:43:12.616Z INFO  [payments] req=req-77d504 authorising EUR 460.34 with psp
2026-03-14T13:43:12.711Z INFO  [payments] req=req-77d504 psp authorised ref=psp_bb672a23
2026-03-14T13:43:12.713Z INFO  [payments] req=req-77d504 posting to ledger txn=lt-1b06d (attempt 1/2)
2026-03-14T13:43:12.715Z DEBUG [ledger-db] acquire txn=lt-1b06d waited=2ms in_use=2/40
2026-03-14T13:43:12.754Z INFO  [ledger] txn=lt-1b06d posted 2 entries (39ms)
2026-03-14T13:43:12.756Z INFO  [payments] req=req-77d504 charge captured txn=lt-1b06d
2026-03-14T13:43:12.760Z INFO  [orders] req=req-77d504 order o-99fe5b confirmed
2026-03-14T13:43:12.763Z INFO  [gateway] req=req-77d504 POST /api/checkout -> 201 (171ms) user=u-3301
2026-03-14T13:43:13.182Z INFO  [auth] req=req-06075c token ok user=u-3207
2026-03-14T13:43:13.187Z INFO  [inventory] req=req-06075c availability SKU-0105: 237 in stock
2026-03-14T13:43:13.190Z INFO  [gateway] req=req-06075c GET /api/products/SKU-0105/availability -> 200 (9ms) user=u-3207
2026-03-14T13:43:14.005Z INFO  [gateway] req=req-6688fe GET /api/products/SKU-0404 -> 200 (19ms)
2026-03-14T13:43:15.594Z INFO  [auth] req=req-f48987 token ok user=u-1838
2026-03-14T13:43:15.602Z INFO  [orders] req=req-f48987 cart validated items=2 total=EUR 165.99
2026-03-14T13:43:15.610Z INFO  [inventory] req=req-f48987 reserved 2 items hold=h-9061e
2026-03-14T13:43:15.617Z INFO  [payments] req=req-f48987 authorising EUR 165.99 with psp
2026-03-14T13:43:15.758Z INFO  [payments] req=req-f48987 psp authorised ref=psp_a1e92442
2026-03-14T13:43:15.760Z INFO  [payments] req=req-f48987 posting to ledger txn=lt-745c7 (attempt 1/2)
2026-03-14T13:43:15.761Z DEBUG [ledger-db] acquire txn=lt-745c7 waited=1ms in_use=2/40
2026-03-14T13:43:15.787Z INFO  [ledger] txn=lt-745c7 posted 2 entries (26ms)
2026-03-14T13:43:15.789Z INFO  [payments] req=req-f48987 charge captured txn=lt-745c7
2026-03-14T13:43:15.793Z INFO  [orders] req=req-f48987 order o-bcfa22 confirmed
2026-03-14T13:43:15.796Z INFO  [gateway] req=req-f48987 POST /api/checkout -> 201 (203ms) user=u-1838
2026-03-14T13:43:16.712Z INFO  [auth] req=req-1ad259 token ok user=u-7745
2026-03-14T13:43:16.720Z INFO  [orders] req=req-1ad259 cart validated items=5 total=EUR 364.30
2026-03-14T13:43:16.728Z INFO  [inventory] req=req-1ad259 reserved 5 items hold=h-2c8cb
2026-03-14T13:43:16.735Z INFO  [payments] req=req-1ad259 authorising EUR 364.30 with psp
2026-03-14T13:43:16.987Z INFO  [payments] req=req-1ad259 psp authorised ref=psp_2e81e100
2026-03-14T13:43:16.989Z INFO  [payments] req=req-1ad259 posting to ledger txn=lt-844f5 (attempt 1/2)
2026-03-14T13:43:17.100Z INFO  [ledger] txn=lt-844f5 posted 2 entries (107ms)
2026-03-14T13:43:17.102Z INFO  [payments] req=req-1ad259 charge captured txn=lt-844f5
2026-03-14T13:43:17.106Z INFO  [orders] req=req-1ad259 order o-9385dd confirmed
2026-03-14T13:43:17.109Z INFO  [gateway] req=req-1ad259 POST /api/checkout -> 201 (398ms) user=u-7745
2026-03-14T13:43:17.423Z INFO  [auth] req=req-7dae9f login ok user=u-7272 session=s-6440d1a8
2026-03-14T13:43:17.427Z INFO  [gateway] req=req-7dae9f POST /api/login -> 200 (34ms) user=u-7272
2026-03-14T13:43:20.543Z INFO  [auth] req=req-b69e18 token ok user=u-8295
2026-03-14T13:43:20.551Z INFO  [orders] req=req-b69e18 cart validated items=2 total=EUR 455.28
2026-03-14T13:43:20.559Z INFO  [inventory] req=req-b69e18 reserved 2 items hold=h-7ecad
2026-03-14T13:43:20.566Z INFO  [payments] req=req-b69e18 authorising EUR 455.28 with psp
2026-03-14T13:43:20.701Z INFO  [payments] req=req-b69e18 psp authorised ref=psp_b36dc28c
2026-03-14T13:43:20.703Z INFO  [payments] req=req-b69e18 posting to ledger txn=lt-98e92 (attempt 1/2)
2026-03-14T13:43:20.755Z INFO  [ledger] txn=lt-98e92 posted 2 entries (52ms)
2026-03-14T13:43:20.757Z INFO  [payments] req=req-b69e18 charge captured txn=lt-98e92
2026-03-14T13:43:20.761Z INFO  [orders] req=req-b69e18 order o-498081 confirmed
2026-03-14T13:43:20.764Z INFO  [gateway] req=req-b69e18 POST /api/checkout -> 201 (222ms) user=u-8295
2026-03-14T13:43:22.022Z INFO  [auth] req=req-e3dcf8 token ok user=u-4911
2026-03-14T13:43:22.035Z INFO  [gateway] req=req-e3dcf8 GET /api/cart -> 200 (8ms) user=u-4911
2026-03-14T13:43:24.335Z INFO  [gateway] req=req-3f22df GET /api/products/SKU-0404 -> 200 (7ms)
2026-03-14T13:43:25.286Z INFO  [auth] req=req-014474 token ok user=u-6211
2026-03-14T13:43:25.294Z INFO  [orders] req=req-014474 cart validated items=3 total=EUR 463.68
2026-03-14T13:43:25.302Z INFO  [inventory] req=req-014474 reserved 3 items hold=h-655e4
2026-03-14T13:43:25.309Z INFO  [payments] req=req-014474 authorising EUR 463.68 with psp
2026-03-14T13:43:25.437Z INFO  [payments] req=req-014474 psp authorised ref=psp_22185bab
2026-03-14T13:43:25.439Z INFO  [payments] req=req-014474 posting to ledger txn=lt-3470f (attempt 1/2)
2026-03-14T13:43:25.528Z INFO  [ledger] txn=lt-3470f posted 2 entries (88ms)
2026-03-14T13:43:25.530Z INFO  [payments] req=req-014474 charge captured txn=lt-3470f
2026-03-14T13:43:25.534Z INFO  [orders] req=req-014474 order o-02e5bc confirmed
2026-03-14T13:43:25.537Z INFO  [gateway] req=req-014474 POST /api/checkout -> 201 (252ms) user=u-6211
2026-03-14T13:43:27.010Z INFO  [auth] req=req-c0c67f token ok user=u-6211
2026-03-14T13:43:27.020Z INFO  [gateway] req=req-c0c67f GET /api/cart -> 200 (40ms) user=u-6211
2026-03-14T13:43:31.185Z INFO  [auth] req=req-7b65ac token ok user=u-9719
2026-03-14T13:43:31.190Z INFO  [inventory] req=req-7b65ac availability SKU-0404: 317 in stock
2026-03-14T13:43:31.193Z INFO  [gateway] req=req-7b65ac GET /api/products/SKU-0404/availability -> 200 (9ms) user=u-9719
2026-03-14T13:43:32.543Z INFO  [auth] req=req-fc35d6 token ok user=u-9874
2026-03-14T13:43:32.551Z INFO  [orders] req=req-fc35d6 cart validated items=1 total=EUR 264.92
2026-03-14T13:43:32.559Z INFO  [inventory] req=req-fc35d6 reserved 1 items hold=h-f0a3a
2026-03-14T13:43:32.566Z INFO  [payments] req=req-fc35d6 authorising EUR 264.92 with psp
2026-03-14T13:43:32.780Z INFO  [payments] req=req-fc35d6 psp authorised ref=psp_6f4bf43e
2026-03-14T13:43:32.782Z INFO  [payments] req=req-fc35d6 posting to ledger txn=lt-f3061 (attempt 1/2)
2026-03-14T13:43:32.888Z INFO  [ledger] txn=lt-f3061 posted 2 entries (105ms)
2026-03-14T13:43:32.890Z INFO  [payments] req=req-fc35d6 charge captured txn=lt-f3061
2026-03-14T13:43:32.894Z INFO  [orders] req=req-fc35d6 order o-ad07bf confirmed
2026-03-14T13:43:32.897Z INFO  [gateway] req=req-fc35d6 POST /api/checkout -> 201 (355ms) user=u-9874
2026-03-14T13:43:33.132Z INFO  [gateway] req=req-54ea23 GET /api/products/SKU-0901 -> 200 (11ms)
2026-03-14T13:43:33.620Z INFO  [auth] req=req-e8055b token ok user=u-4422
2026-03-14T13:43:33.634Z INFO  [gateway] req=req-e8055b GET /api/orders/o-858eb8 -> 200 (15ms) user=u-4422
2026-03-14T13:43:36.545Z INFO  [cache] stats hit_ratio=0.95 keys=20614 evictions/s=369
2026-03-14T13:43:36.548Z WARN  [cache] eviction rate high (370/s) - consider raising maxmemory
2026-03-14T13:43:37.300Z INFO  [ledger-db] pool stats in_use=3 idle=5 max=40 waiters=0
2026-03-14T13:43:38.345Z INFO  [auth] req=req-06e8a3 token ok user=u-6889
2026-03-14T13:43:38.353Z INFO  [orders] req=req-06e8a3 cart validated items=2 total=EUR 429.74
2026-03-14T13:43:38.361Z INFO  [inventory] req=req-06e8a3 reserved 2 items hold=h-59e91
2026-03-14T13:43:38.368Z INFO  [payments] req=req-06e8a3 authorising EUR 429.74 with psp
2026-03-14T13:43:38.617Z INFO  [payments] req=req-06e8a3 psp authorised ref=psp_73d9ef86
2026-03-14T13:43:38.619Z INFO  [payments] req=req-06e8a3 posting to ledger txn=lt-13de7 (attempt 1/2)
2026-03-14T13:43:38.685Z INFO  [ledger] txn=lt-13de7 posted 2 entries (64ms)
2026-03-14T13:43:38.687Z INFO  [payments] req=req-06e8a3 charge captured txn=lt-13de7
2026-03-14T13:43:38.691Z INFO  [orders] req=req-06e8a3 order o-02405c confirmed
2026-03-14T13:43:38.694Z INFO  [gateway] req=req-06e8a3 POST /api/checkout -> 201 (350ms) user=u-6889
2026-03-14T13:43:39.128Z WARN  [auth] req=req-4c70d2 login failed for user=u-1838: bad password (attempt 1)
2026-03-14T13:43:39.166Z INFO  [gateway] req=req-4c70d2 POST /api/login -> 401 (40ms)
2026-03-14T13:43:39.816Z INFO  [auth] req=req-9bfdf6 token ok user=u-1838
2026-03-14T13:43:39.824Z INFO  [orders] req=req-9bfdf6 cart validated items=6 total=EUR 128.95
2026-03-14T13:43:39.832Z INFO  [inventory] req=req-9bfdf6 reserved 6 items hold=h-75a99
2026-03-14T13:43:39.839Z INFO  [payments] req=req-9bfdf6 authorising EUR 128.95 with psp
2026-03-14T13:43:40.080Z INFO  [payments] req=req-9bfdf6 psp authorised ref=psp_08decfa3
2026-03-14T13:43:40.082Z INFO  [payments] req=req-9bfdf6 posting to ledger txn=lt-d1aaf (attempt 1/2)
2026-03-14T13:43:40.164Z INFO  [ledger] txn=lt-d1aaf posted 2 entries (80ms)
2026-03-14T13:43:40.166Z INFO  [payments] req=req-9bfdf6 charge captured txn=lt-d1aaf
2026-03-14T13:43:40.170Z INFO  [orders] req=req-9bfdf6 order o-72b4db confirmed
2026-03-14T13:43:40.173Z INFO  [gateway] req=req-9bfdf6 POST /api/checkout -> 201 (358ms) user=u-1838
2026-03-14T13:43:47.559Z INFO  [auth] req=req-bf08a3 token ok user=u-6647
2026-03-14T13:43:47.585Z INFO  [gateway] req=req-bf08a3 GET /api/cart -> 200 (28ms) user=u-6647
2026-03-14T13:43:47.966Z INFO  [auth] req=req-67cac4 token ok user=u-6810
2026-03-14T13:43:47.974Z INFO  [orders] req=req-67cac4 cart validated items=1 total=EUR 95.50
2026-03-14T13:43:47.982Z INFO  [inventory] req=req-67cac4 reserved 1 items hold=h-e5c6b
2026-03-14T13:43:47.989Z INFO  [payments] req=req-67cac4 authorising EUR 95.50 with psp
2026-03-14T13:43:48.115Z INFO  [payments] req=req-67cac4 psp authorised ref=psp_761d79ff
2026-03-14T13:43:48.117Z INFO  [payments] req=req-67cac4 posting to ledger txn=lt-543b0 (attempt 1/2)
2026-03-14T13:43:48.247Z INFO  [ledger] txn=lt-543b0 posted 2 entries (130ms)
2026-03-14T13:43:48.249Z INFO  [payments] req=req-67cac4 charge captured txn=lt-543b0
2026-03-14T13:43:48.253Z INFO  [orders] req=req-67cac4 order o-23850e confirmed
2026-03-14T13:43:48.256Z INFO  [gateway] req=req-67cac4 POST /api/checkout -> 201 (291ms) user=u-6810
2026-03-14T13:43:50.306Z INFO  [auth] req=req-cd9ac7 token ok user=u-1632
2026-03-14T13:43:50.320Z INFO  [gateway] req=req-cd9ac7 GET /api/orders/o-6816cc -> 200 (15ms) user=u-1632
2026-03-14T13:43:58.035Z INFO  [auth] req=req-3c02b2 login ok user=u-7272 session=s-cde6b7e1
2026-03-14T13:43:58.039Z INFO  [gateway] req=req-3c02b2 POST /api/login -> 200 (34ms) user=u-7272
2026-03-14T13:44:00.291Z INFO  [auth] req=req-229e8e token ok user=u-7424
2026-03-14T13:44:00.299Z INFO  [orders] req=req-229e8e cart validated items=5 total=EUR 470.37
2026-03-14T13:44:00.307Z INFO  [inventory] req=req-229e8e reserved 5 items hold=h-a1e12
2026-03-14T13:44:00.314Z INFO  [payments] req=req-229e8e authorising EUR 470.37 with psp
2026-03-14T13:44:00.444Z INFO  [payments] req=req-229e8e psp authorised ref=psp_e24d5e6c
2026-03-14T13:44:00.446Z INFO  [payments] req=req-229e8e posting to ledger txn=lt-a6a37 (attempt 1/2)
2026-03-14T13:44:00.514Z INFO  [ledger] txn=lt-a6a37 posted 2 entries (67ms)
2026-03-14T13:44:00.516Z INFO  [payments] req=req-229e8e charge captured txn=lt-a6a37
2026-03-14T13:44:00.520Z INFO  [orders] req=req-229e8e order o-04080c confirmed
2026-03-14T13:44:00.523Z INFO  [gateway] req=req-229e8e POST /api/checkout -> 201 (233ms) user=u-7424
2026-03-14T13:44:02.700Z ERROR [mailer] SMTP 421 4.7.0 try again later (smtp-relay-2) message=m-51411f; queued for retry
2026-03-14T13:44:03.548Z WARN  [auth] req=req-50b07d login failed for user=u-6666: bad password (attempt 2)
2026-03-14T13:44:03.586Z INFO  [gateway] req=req-50b07d POST /api/login -> 401 (40ms)
2026-03-14T13:44:04.052Z INFO  [auth] req=req-6f16ce token ok user=u-6743
2026-03-14T13:44:04.073Z INFO  [gateway] req=req-6f16ce GET /api/cart -> 200 (35ms) user=u-6743
2026-03-14T13:44:05.002Z DEBUG [gateway] health payments ok (7ms)
2026-03-14T13:44:05.020Z DEBUG [gateway] health auth ok (7ms)
2026-03-14T13:44:05.021Z DEBUG [gateway] health orders ok (7ms)
2026-03-14T13:44:05.021Z DEBUG [gateway] health ledger ok (7ms)
2026-03-14T13:44:05.022Z DEBUG [gateway] health inventory ok (1ms)
2026-03-14T13:44:07.300Z INFO  [ledger-db] pool stats in_use=2 idle=6 max=40 waiters=0
2026-03-14T13:44:08.865Z INFO  [auth] req=req-ba1877 token ok user=u-4434
2026-03-14T13:44:08.877Z INFO  [gateway] req=req-ba1877 GET /api/cart -> 200 (40ms) user=u-4434
2026-03-14T13:44:21.365Z INFO  [auth] req=req-9f1e29 login ok user=u-9567 session=s-95991a3e
2026-03-14T13:44:21.369Z INFO  [gateway] req=req-9f1e29 POST /api/login -> 200 (34ms) user=u-9567
2026-03-14T13:44:22.579Z INFO  [auth] req=req-7680d2 token ok user=u-5357
2026-03-14T13:44:22.601Z INFO  [gateway] req=req-7680d2 GET /api/cart -> 200 (21ms) user=u-5357
2026-03-14T13:44:23.138Z INFO  [auth] req=req-dc073a token ok user=u-6957
2026-03-14T13:44:23.146Z INFO  [orders] req=req-dc073a cart validated items=4 total=EUR 334.71
2026-03-14T13:44:23.154Z INFO  [inventory] req=req-dc073a reserved 4 items hold=h-6cdb3
2026-03-14T13:44:23.161Z INFO  [payments] req=req-dc073a authorising EUR 334.71 with psp
2026-03-14T13:44:23.294Z INFO  [payments] req=req-dc073a psp authorised ref=psp_623f6ac1
2026-03-14T13:44:23.296Z INFO  [payments] req=req-dc073a posting to ledger txn=lt-b114c (attempt 1/2)
2026-03-14T13:44:23.394Z INFO  [ledger] txn=lt-b114c posted 2 entries (98ms)
2026-03-14T13:44:23.396Z INFO  [payments] req=req-dc073a charge captured txn=lt-b114c
2026-03-14T13:44:23.400Z INFO  [orders] req=req-dc073a order o-207bc6 confirmed
2026-03-14T13:44:23.403Z INFO  [gateway] req=req-dc073a POST /api/checkout -> 201 (266ms) user=u-6957
2026-03-14T13:44:26.394Z INFO  [gateway] req=req-746a92 GET /api/products/SKU-0777 -> 200 (9ms)
2026-03-14T13:44:26.536Z INFO  [gateway] req=req-f8d9db GET /api/products/SKU-0512 -> 200 (5ms)
2026-03-14T13:44:28.798Z INFO  [auth] req=req-d3e4bc login ok user=u-7394 session=s-b9d852e9
2026-03-14T13:44:28.802Z INFO  [gateway] req=req-d3e4bc POST /api/login -> 200 (34ms) user=u-7394
2026-03-14T13:44:32.020Z INFO  [gateway] req=req-936332 GET /api/products/SKU-0318 -> 200 (12ms)
2026-03-14T13:44:32.158Z INFO  [auth] req=req-4bfff7 login ok user=u-3593 session=s-aa3a5c9d
2026-03-14T13:44:32.162Z INFO  [gateway] req=req-4bfff7 POST /api/login -> 200 (34ms) user=u-3593
2026-03-14T13:44:32.700Z INFO  [mailer] message=m-51411f delivered after 1 retry
2026-03-14T13:44:37.300Z INFO  [ledger-db] pool stats in_use=2 idle=6 max=40 waiters=0
2026-03-14T13:44:37.959Z INFO  [gateway] req=req-ad1e93 GET /api/products/SKU-0512 -> 200 (11ms)
2026-03-14T13:44:42.916Z INFO  [gateway] req=req-295d7a GET /api/products/SKU-0230 -> 200 (9ms)
2026-03-14T13:44:44.684Z INFO  [gateway] req=req-7780de GET /api/products/SKU-0404 -> 200 (24ms)
2026-03-14T13:44:48.953Z INFO  [cache] stats hit_ratio=0.91 keys=20694 evictions/s=356
2026-03-14T13:44:48.956Z WARN  [cache] eviction rate high (449/s) - consider raising maxmemory
2026-03-14T13:44:51.732Z INFO  [gateway] req=req-2a8435 GET /api/products/SKU-0901 -> 200 (15ms)
2026-03-14T13:44:53.908Z INFO  [gateway] req=req-c022fa GET /api/products/SKU-0077 -> 200 (18ms)
2026-03-14T13:44:56.945Z INFO  [auth] req=req-281c57 token ok user=u-4422
2026-03-14T13:44:56.975Z INFO  [gateway] req=req-281c57 GET /api/cart -> 200 (28ms) user=u-4422
2026-03-14T13:44:59.796Z INFO  [auth] req=req-c7c652 token ok user=u-2192
2026-03-14T13:44:59.804Z INFO  [orders] req=req-c7c652 cart validated items=2 total=EUR 75.52
2026-03-14T13:44:59.812Z INFO  [inventory] req=req-c7c652 reserved 2 items hold=h-0bf26
2026-03-14T13:44:59.819Z INFO  [payments] req=req-c7c652 authorising EUR 75.52 with psp
2026-03-14T13:44:59.959Z INFO  [payments] req=req-c7c652 psp authorised ref=psp_5154adeb
2026-03-14T13:44:59.961Z INFO  [payments] req=req-c7c652 posting to ledger txn=lt-c48fd (attempt 1/2)
2026-03-14T13:45:00.024Z INFO  [ledger] txn=lt-c48fd posted 2 entries (60ms)
2026-03-14T13:45:00.026Z INFO  [payments] req=req-c7c652 charge captured txn=lt-c48fd
2026-03-14T13:45:00.030Z INFO  [orders] req=req-c7c652 order o-cbd427 confirmed
2026-03-14T13:45:00.033Z INFO  [gateway] req=req-c7c652 POST /api/checkout -> 201 (238ms) user=u-2192
2026-03-14T13:45:04.609Z INFO  [gateway] req=req-dc478f GET /api/products/SKU-0404 -> 200 (18ms)
2026-03-14T13:45:05.005Z DEBUG [gateway] health payments ok (6ms)
2026-03-14T13:45:05.008Z DEBUG [gateway] health inventory ok (2ms)
2026-03-14T13:45:05.018Z DEBUG [gateway] health ledger ok (9ms)
2026-03-14T13:45:05.023Z DEBUG [gateway] health auth ok (5ms)
2026-03-14T13:45:05.035Z DEBUG [gateway] health orders ok (1ms)
2026-03-14T13:45:05.788Z INFO  [auth] req=req-7fb424 login ok user=u-4569 session=s-63821a43
2026-03-14T13:45:05.792Z INFO  [gateway] req=req-7fb424 POST /api/login -> 200 (34ms) user=u-4569
2026-03-14T13:45:06.679Z INFO  [auth] req=req-2a9d3d token ok user=u-3030
2026-03-14T13:45:06.684Z INFO  [inventory] req=req-2a9d3d availability SKU-0777: 208 in stock
2026-03-14T13:45:06.687Z INFO  [gateway] req=req-2a9d3d GET /api/products/SKU-0777/availability -> 200 (9ms) user=u-3030
2026-03-14T13:45:07.300Z INFO  [ledger-db] pool stats in_use=2 idle=6 max=40 waiters=0
2026-03-14T13:45:09.432Z INFO  [auth] req=req-474c86 token ok user=u-5255
2026-03-14T13:45:09.437Z INFO  [inventory] req=req-474c86 availability SKU-0077: 155 in stock
2026-03-14T13:45:09.440Z INFO  [gateway] req=req-474c86 GET /api/products/SKU-0077/availability -> 200 (9ms) user=u-5255
2026-03-14T13:45:09.449Z INFO  [gateway] req=req-919657 GET /api/products/SKU-0105 -> 200 (21ms)
2026-03-14T13:45:12.926Z INFO  [auth] req=req-b1ed56 token ok user=u-5255
2026-03-14T13:45:12.934Z INFO  [orders] req=req-b1ed56 cart validated items=3 total=EUR 193.64
2026-03-14T13:45:12.942Z INFO  [inventory] req=req-b1ed56 reserved 3 items hold=h-a2ce9
2026-03-14T13:45:12.949Z INFO  [payments] req=req-b1ed56 authorising EUR 193.64 with psp
2026-03-14T13:45:13.090Z INFO  [payments] req=req-b1ed56 psp authorised ref=psp_e0d72dde
2026-03-14T13:45:13.092Z INFO  [payments] req=req-b1ed56 posting to ledger txn=lt-26696 (attempt 1/2)
2026-03-14T13:45:13.140Z INFO  [ledger] txn=lt-26696 posted 2 entries (44ms)
2026-03-14T13:45:13.142Z INFO  [payments] req=req-b1ed56 charge captured txn=lt-26696
2026-03-14T13:45:13.146Z INFO  [orders] req=req-b1ed56 order o-8f03d9 confirmed
2026-03-14T13:45:13.149Z INFO  [gateway] req=req-b1ed56 POST /api/checkout -> 201 (224ms) user=u-5255
2026-03-14T13:45:13.520Z INFO  [gateway] req=req-66dec2 GET /api/products/SKU-0230 -> 200 (29ms)
2026-03-14T13:45:16.743Z INFO  [gateway] req=req-98a288 GET /api/products/SKU-0512 -> 200 (30ms)
2026-03-14T13:45:17.509Z INFO  [gateway] req=req-52b79b GET /api/products/SKU-0901 -> 200 (24ms)
2026-03-14T13:45:17.676Z INFO  [auth] req=req-b6f441 token ok user=u-8451
2026-03-14T13:45:17.684Z INFO  [orders] req=req-b6f441 cart validated items=1 total=EUR 142.26
2026-03-14T13:45:17.692Z INFO  [inventory] req=req-b6f441 reserved 1 items hold=h-73c1f
2026-03-14T13:45:17.699Z INFO  [payments] req=req-b6f441 authorising EUR 142.26 with psp
2026-03-14T13:45:17.869Z INFO  [auth] req=req-efe860 token ok user=u-3651
2026-03-14T13:45:17.877Z INFO  [orders] req=req-efe860 cart validated items=2 total=EUR 443.61
2026-03-14T13:45:17.885Z INFO  [inventory] req=req-efe860 reserved 2 items hold=h-21357
2026-03-14T13:45:17.892Z INFO  [payments] req=req-efe860 authorising EUR 443.61 with psp
2026-03-14T13:45:17.950Z INFO  [payments] req=req-b6f441 psp authorised ref=psp_60bc8501
2026-03-14T13:45:17.952Z INFO  [payments] req=req-b6f441 posting to ledger txn=lt-a2f7e (attempt 1/2)
2026-03-14T13:45:18.004Z INFO  [payments] req=req-efe860 psp authorised ref=psp_73a88f81
2026-03-14T13:45:18.006Z INFO  [payments] req=req-efe860 posting to ledger txn=lt-8fa0d (attempt 1/2)
2026-03-14T13:45:18.043Z INFO  [ledger] txn=lt-a2f7e posted 2 entries (87ms)
2026-03-14T13:45:18.045Z INFO  [payments] req=req-b6f441 charge captured txn=lt-a2f7e
2026-03-14T13:45:18.049Z INFO  [orders] req=req-b6f441 order o-ec1ac7 confirmed
2026-03-14T13:45:18.052Z INFO  [gateway] req=req-b6f441 POST /api/checkout -> 201 (377ms) user=u-8451
2026-03-14T13:45:18.065Z INFO  [ledger] txn=lt-8fa0d posted 2 entries (59ms)
2026-03-14T13:45:18.067Z INFO  [payments] req=req-efe860 charge captured txn=lt-8fa0d
2026-03-14T13:45:18.071Z INFO  [orders] req=req-efe860 order o-0e544a confirmed
2026-03-14T13:45:18.074Z INFO  [gateway] req=req-efe860 POST /api/checkout -> 201 (206ms) user=u-3651
2026-03-14T13:45:19.994Z INFO  [auth] req=req-1da2bb login ok user=u-3987 session=s-cbc1d386
2026-03-14T13:45:19.998Z INFO  [gateway] req=req-1da2bb POST /api/login -> 200 (34ms) user=u-3987
2026-03-14T13:45:20.376Z INFO  [auth] req=req-d6512a token ok user=u-6810
2026-03-14T13:45:20.390Z INFO  [gateway] req=req-d6512a GET /api/orders/o-b2c8cc -> 200 (15ms) user=u-6810
2026-03-14T13:45:23.178Z INFO  [auth] req=req-a07f0e token ok user=u-4449
2026-03-14T13:45:23.186Z INFO  [orders] req=req-a07f0e cart validated items=5 total=EUR 194.18
2026-03-14T13:45:23.194Z INFO  [inventory] req=req-a07f0e reserved 5 items hold=h-b47cf
2026-03-14T13:45:23.201Z INFO  [payments] req=req-a07f0e authorising EUR 194.18 with psp
2026-03-14T13:45:23.419Z INFO  [payments] req=req-a07f0e psp authorised ref=psp_047a2d5d
2026-03-14T13:45:23.421Z INFO  [payments] req=req-a07f0e posting to ledger txn=lt-faabc (attempt 1/2)
2026-03-14T13:45:23.562Z INFO  [auth] req=req-e6e9f2 token ok user=u-5255
2026-03-14T13:45:23.563Z INFO  [ledger] txn=lt-faabc posted 2 entries (140ms)
2026-03-14T13:45:23.565Z INFO  [payments] req=req-a07f0e charge captured txn=lt-faabc
2026-03-14T13:45:23.569Z INFO  [orders] req=req-a07f0e order o-52c534 confirmed
2026-03-14T13:45:23.570Z INFO  [orders] req=req-e6e9f2 cart validated items=2 total=EUR 240.39
2026-03-14T13:45:23.572Z INFO  [gateway] req=req-a07f0e POST /api/checkout -> 201 (395ms) user=u-4449
2026-03-14T13:45:23.578Z INFO  [inventory] req=req-e6e9f2 reserved 2 items hold=h-d30c3
2026-03-14T13:45:23.585Z INFO  [payments] req=req-e6e9f2 authorising EUR 240.39 with psp
2026-03-14T13:45:23.804Z INFO  [payments] req=req-e6e9f2 psp authorised ref=psp_5e612748
2026-03-14T13:45:23.806Z INFO  [payments] req=req-e6e9f2 posting to ledger txn=lt-28223 (attempt 1/2)
2026-03-14T13:45:23.809Z DEBUG [ledger-db] acquire txn=lt-28223 waited=3ms in_use=5/40
2026-03-14T13:45:23.876Z INFO  [ledger] txn=lt-28223 posted 2 entries (67ms)
2026-03-14T13:45:23.878Z INFO  [payments] req=req-e6e9f2 charge captured txn=lt-28223
2026-03-14T13:45:23.882Z INFO  [orders] req=req-e6e9f2 order o-e12d33 confirmed
2026-03-14T13:45:23.885Z INFO  [gateway] req=req-e6e9f2 POST /api/checkout -> 201 (324ms) user=u-5255
2026-03-14T13:45:26.056Z INFO  [gateway] req=req-150246 GET /api/products/SKU-1203 -> 200 (4ms)
2026-03-14T13:45:27.428Z INFO  [auth] req=req-4a5dd8 token ok user=u-7816
2026-03-14T13:45:27.452Z INFO  [gateway] req=req-4a5dd8 GET /api/cart -> 200 (8ms) user=u-7816
2026-03-14T13:45:29.752Z INFO  [auth] req=req-93e4ff token ok user=u-6318
2026-03-14T13:45:29.760Z INFO  [orders] req=req-93e4ff cart validated items=2 total=EUR 99.24
2026-03-14T13:45:29.768Z INFO  [inventory] req=req-93e4ff reserved 2 items hold=h-257b1
2026-03-14T13:45:29.775Z INFO  [payments] req=req-93e4ff authorising EUR 99.24 with psp
2026-03-14T13:45:29.971Z INFO  [payments] req=req-93e4ff psp authorised ref=psp_8343ed57
2026-03-14T13:45:29.973Z INFO  [payments] req=req-93e4ff posting to ledger txn=lt-73e00 (attempt 1/2)
2026-03-14T13:45:30.087Z INFO  [ledger] txn=lt-73e00 posted 2 entries (114ms)
2026-03-14T13:45:30.089Z INFO  [payments] req=req-93e4ff charge captured txn=lt-73e00
2026-03-14T13:45:30.093Z INFO  [orders] req=req-93e4ff order o-ffde03 confirmed
2026-03-14T13:45:30.096Z INFO  [gateway] req=req-93e4ff POST /api/checkout -> 201 (345ms) user=u-6318
2026-03-14T13:45:31.316Z INFO  [gateway] req=req-f0adff GET /api/products/SKU-0512 -> 200 (11ms)
2026-03-14T13:45:31.611Z WARN  [auth] req=req-6f2c26 token expired user=u-3987
2026-03-14T13:45:31.612Z INFO  [gateway] req=req-6f2c26 POST /api/checkout -> 401 (2ms)
2026-03-14T13:45:33.538Z INFO  [auth] req=req-16a57d token ok user=u-5994
2026-03-14T13:45:33.543Z INFO  [inventory] req=req-16a57d availability SKU-0404: 204 in stock
2026-03-14T13:45:33.546Z INFO  [gateway] req=req-16a57d GET /api/products/SKU-0404/availability -> 200 (9ms) user=u-5994
2026-03-14T13:45:37.300Z INFO  [ledger-db] pool stats in_use=3 idle=5 max=40 waiters=0
2026-03-14T13:45:39.047Z INFO  [gateway] req=req-fa1345 GET /api/products/SKU-0105 -> 200 (4ms)
2026-03-14T13:45:41.000Z INFO  [scheduler] job=purge-expired-sessions started
2026-03-14T13:45:41.510Z INFO  [scheduler] job=purge-expired-sessions finished removed=282
2026-03-14T13:45:44.073Z INFO  [auth] req=req-b8c33a token ok user=u-7915
2026-03-14T13:45:44.083Z INFO  [gateway] req=req-b8c33a GET /api/cart -> 200 (13ms) user=u-7915
2026-03-14T13:45:44.261Z INFO  [auth] req=req-da29ef token ok user=u-8785
2026-03-14T13:45:44.274Z INFO  [gateway] req=req-da29ef GET /api/cart -> 200 (20ms) user=u-8785
2026-03-14T13:45:45.908Z INFO  [auth] req=req-8d9650 token ok user=u-7770
2026-03-14T13:45:45.916Z INFO  [orders] req=req-8d9650 cart validated items=5 total=EUR 249.87
2026-03-14T13:45:45.924Z INFO  [inventory] req=req-8d9650 reserved 5 items hold=h-00420
2026-03-14T13:45:45.931Z INFO  [payments] req=req-8d9650 authorising EUR 249.87 with psp
2026-03-14T13:45:46.072Z INFO  [payments] req=req-8d9650 psp authorised ref=psp_00ccb12f
2026-03-14T13:45:46.074Z INFO  [payments] req=req-8d9650 posting to ledger txn=lt-bdd90 (attempt 1/2)
2026-03-14T13:45:46.075Z DEBUG [ledger-db] acquire txn=lt-bdd90 waited=1ms in_use=4/40
2026-03-14T13:45:46.104Z INFO  [ledger] txn=lt-bdd90 posted 2 entries (29ms)
2026-03-14T13:45:46.106Z INFO  [payments] req=req-8d9650 charge captured txn=lt-bdd90
2026-03-14T13:45:46.110Z INFO  [orders] req=req-8d9650 order o-acd83f confirmed
2026-03-14T13:45:46.113Z INFO  [gateway] req=req-8d9650 POST /api/checkout -> 201 (206ms) user=u-7770
2026-03-14T13:45:49.169Z INFO  [cache] stats hit_ratio=0.92 keys=20866 evictions/s=235
2026-03-14T13:45:52.059Z INFO  [auth] req=req-9020ff token ok user=u-5416
2026-03-14T13:45:52.098Z INFO  [gateway] req=req-9020ff GET /api/cart -> 200 (28ms) user=u-5416
2026-03-14T13:45:56.862Z INFO  [auth] req=req-a841d3 token ok user=u-7745
2026-03-14T13:45:56.870Z INFO  [orders] req=req-a841d3 cart validated items=6 total=EUR 172.95
2026-03-14T13:45:56.878Z INFO  [inventory] req=req-a841d3 reserved 6 items hold=h-8179b
2026-03-14T13:45:56.885Z INFO  [payments] req=req-a841d3 authorising EUR 172.95 with psp
2026-03-14T13:45:57.081Z INFO  [payments] req=req-a841d3 psp authorised ref=psp_e884f8dd
2026-03-14T13:45:57.083Z INFO  [payments] req=req-a841d3 posting to ledger txn=lt-0b0c2 (attempt 1/2)
2026-03-14T13:45:57.163Z INFO  [ledger] txn=lt-0b0c2 posted 2 entries (77ms)
2026-03-14T13:45:57.165Z INFO  [payments] req=req-a841d3 charge captured txn=lt-0b0c2
2026-03-14T13:45:57.169Z INFO  [orders] req=req-a841d3 order o-adfa9e confirmed
2026-03-14T13:45:57.172Z INFO  [gateway] req=req-a841d3 POST /api/checkout -> 201 (311ms) user=u-7745
2026-03-14T13:45:57.177Z INFO  [gateway] req=req-b62511 GET /api/products/SKU-1203 -> 200 (28ms)
2026-03-14T13:45:58.883Z INFO  [gateway] req=req-3788ec GET /api/products/SKU-0512 -> 200 (10ms)
2026-03-14T13:46:05.006Z DEBUG [gateway] health payments ok (5ms)
2026-03-14T13:46:05.009Z DEBUG [gateway] health auth ok (4ms)
2026-03-14T13:46:05.019Z DEBUG [gateway] health inventory ok (6ms)
2026-03-14T13:46:05.023Z DEBUG [gateway] health orders ok (2ms)
2026-03-14T13:46:05.028Z DEBUG [gateway] health ledger ok (4ms)
2026-03-14T13:46:07.300Z INFO  [ledger-db] pool stats in_use=1 idle=7 max=40 waiters=0
2026-03-14T13:46:11.043Z WARN  [auth] req=req-fe1707 login failed for user=u-4442: bad password (attempt 3)
2026-03-14T13:46:11.081Z INFO  [gateway] req=req-fe1707 POST /api/login -> 401 (40ms)
2026-03-14T13:46:12.881Z INFO  [auth] req=req-1af072 token ok user=u-3717
2026-03-14T13:46:12.889Z INFO  [orders] req=req-1af072 cart validated items=4 total=EUR 386.72
2026-03-14T13:46:12.897Z INFO  [inventory] req=req-1af072 reserved 4 items hold=h-b181a
2026-03-14T13:46:12.904Z INFO  [payments] req=req-1af072 authorising EUR 386.72 with psp
2026-03-14T13:46:13.026Z INFO  [payments] req=req-1af072 psp authorised ref=psp_191bc65f
2026-03-14T13:46:13.028Z INFO  [payments] req=req-1af072 posting to ledger txn=lt-7dab1 (attempt 1/2)
2026-03-14T13:46:13.053Z INFO  [ledger] txn=lt-7dab1 posted 2 entries (25ms)
2026-03-14T13:46:13.055Z INFO  [payments] req=req-1af072 charge captured txn=lt-7dab1
2026-03-14T13:46:13.059Z INFO  [orders] req=req-1af072 order o-47536f confirmed
2026-03-14T13:46:13.062Z INFO  [gateway] req=req-1af072 POST /api/checkout -> 201 (182ms) user=u-3717
2026-03-14T13:46:17.460Z INFO  [auth] req=req-260c4b token ok user=u-7344
2026-03-14T13:46:17.483Z INFO  [gateway] req=req-260c4b GET /api/cart -> 200 (33ms) user=u-7344
2026-03-14T13:46:17.756Z INFO  [auth] req=req-bb8dba token ok user=u-9817
2026-03-14T13:46:17.771Z INFO  [gateway] req=req-bb8dba GET /api/cart -> 200 (12ms) user=u-9817
2026-03-14T13:46:21.993Z INFO  [auth] req=req-57d0db login ok user=u-2535 session=s-5b1b4a5c
2026-03-14T13:46:21.997Z INFO  [gateway] req=req-57d0db POST /api/login -> 200 (34ms) user=u-2535
2026-03-14T13:46:25.475Z INFO  [auth] req=req-a604de token ok user=u-1380
2026-03-14T13:46:25.483Z INFO  [orders] req=req-a604de cart validated items=6 total=EUR 51.62
2026-03-14T13:46:25.491Z INFO  [inventory] req=req-a604de reserved 6 items hold=h-ee805
2026-03-14T13:46:25.498Z INFO  [payments] req=req-a604de authorising EUR 51.62 with psp
2026-03-14T13:46:25.651Z INFO  [payments] req=req-a604de psp authorised ref=psp_19c63d0d
2026-03-14T13:46:25.653Z INFO  [payments] req=req-a604de posting to ledger txn=lt-eb6a1 (attempt 1/2)
2026-03-14T13:46:25.732Z INFO  [ledger] txn=lt-eb6a1 posted 2 entries (76ms)
2026-03-14T13:46:25.734Z INFO  [payments] req=req-a604de charge captured txn=lt-eb6a1
2026-03-14T13:46:25.738Z INFO  [orders] req=req-a604de order o-1f128b confirmed
2026-03-14T13:46:25.741Z INFO  [gateway] req=req-a604de POST /api/checkout -> 201 (267ms) user=u-1380
2026-03-14T13:46:27.484Z INFO  [auth] req=req-84195b token ok user=u-3093
2026-03-14T13:46:27.492Z INFO  [orders] req=req-84195b cart validated items=4 total=EUR 348.87
2026-03-14T13:46:27.500Z INFO  [inventory] req=req-84195b reserved 4 items hold=h-8573b
2026-03-14T13:46:27.507Z INFO  [payments] req=req-84195b authorising EUR 348.87 with psp
2026-03-14T13:46:27.655Z INFO  [payments] req=req-84195b psp authorised ref=psp_6021382b
2026-03-14T13:46:27.657Z INFO  [payments] req=req-84195b posting to ledger txn=lt-c5282 (attempt 1/2)
2026-03-14T13:46:27.688Z INFO  [ledger] txn=lt-c5282 posted 2 entries (30ms)
2026-03-14T13:46:27.690Z INFO  [payments] req=req-84195b charge captured txn=lt-c5282
2026-03-14T13:46:27.694Z INFO  [orders] req=req-84195b order o-b492b6 confirmed
2026-03-14T13:46:27.697Z INFO  [gateway] req=req-84195b POST /api/checkout -> 201 (214ms) user=u-3093
2026-03-14T13:46:34.199Z INFO  [auth] req=req-00c4ce token ok user=u-9549
2026-03-14T13:46:34.207Z INFO  [orders] req=req-00c4ce cart validated items=2 total=EUR 348.05
2026-03-14T13:46:34.215Z INFO  [inventory] req=req-00c4ce reserved 2 items hold=h-8c04b
2026-03-14T13:46:34.222Z INFO  [payments] req=req-00c4ce authorising EUR 348.05 with psp
2026-03-14T13:46:34.253Z WARN  [auth] req=req-5fd856 token expired user=u-9886
2026-03-14T13:46:34.254Z INFO  [gateway] req=req-5fd856 POST /api/checkout -> 401 (2ms)
2026-03-14T13:46:34.440Z INFO  [payments] req=req-00c4ce psp authorised ref=psp_2b4469b7
2026-03-14T13:46:34.442Z INFO  [payments] req=req-00c4ce posting to ledger txn=lt-08e17 (attempt 1/2)
2026-03-14T13:46:34.536Z INFO  [ledger] txn=lt-08e17 posted 2 entries (92ms)
2026-03-14T13:46:34.538Z INFO  [payments] req=req-00c4ce charge captured txn=lt-08e17
2026-03-14T13:46:34.542Z INFO  [orders] req=req-00c4ce order o-99eeb0 confirmed
2026-03-14T13:46:34.545Z INFO  [gateway] req=req-00c4ce POST /api/checkout -> 201 (347ms) user=u-9549
2026-03-14T13:46:35.034Z INFO  [gateway] req=req-913a07 GET /api/products/SKU-0318 -> 200 (30ms)
2026-03-14T13:46:35.547Z INFO  [auth] req=req-727b34 token ok user=u-4520
2026-03-14T13:46:35.555Z INFO  [orders] req=req-727b34 cart validated items=6 total=EUR 436.48
2026-03-14T13:46:35.563Z INFO  [inventory] req=req-727b34 reserved 6 items hold=h-bd74f
2026-03-14T13:46:35.570Z INFO  [payments] req=req-727b34 authorising EUR 436.48 with psp
2026-03-14T13:46:35.789Z INFO  [payments] req=req-727b34 psp authorised ref=psp_1560b9e3
2026-03-14T13:46:35.791Z INFO  [payments] req=req-727b34 posting to ledger txn=lt-9c088 (attempt 1/2)
2026-03-14T13:46:35.794Z DEBUG [ledger-db] acquire txn=lt-9c088 waited=3ms in_use=3/40
2026-03-14T13:46:35.838Z INFO  [ledger] txn=lt-9c088 posted 2 entries (44ms)
2026-03-14T13:46:35.840Z INFO  [payments] req=req-727b34 charge captured txn=lt-9c088
2026-03-14T13:46:35.844Z INFO  [orders] req=req-727b34 order o-e1149c confirmed
2026-03-14T13:46:35.847Z INFO  [gateway] req=req-727b34 POST /api/checkout -> 201 (301ms) user=u-4520
2026-03-14T13:46:37.296Z INFO  [auth] req=req-b624fd token ok user=u-1011
2026-03-14T13:46:37.300Z INFO  [ledger-db] pool stats in_use=2 idle=6 max=40 waiters=0
2026-03-14T13:46:37.301Z INFO  [inventory] req=req-b624fd availability SKU-0230: 28 in stock
2026-03-14T13:46:37.304Z INFO  [gateway] req=req-b624fd GET /api/products/SKU-0230/availability -> 200 (9ms) user=u-1011
2026-03-14T13:46:38.416Z INFO  [auth] req=req-50a80b token ok user=u-6842
2026-03-14T13:46:38.430Z INFO  [gateway] req=req-50a80b GET /api/orders/o-8d78b0 -> 200 (15ms) user=u-6842
2026-03-14T13:46:39.464Z INFO  [auth] req=req-2639fd token ok user=u-8739
2026-03-14T13:46:39.472Z INFO  [orders] req=req-2639fd cart validated items=5 total=EUR 17.65
2026-03-14T13:46:39.480Z INFO  [inventory] req=req-2639fd reserved 5 items hold=h-b8b5b
2026-03-14T13:46:39.487Z INFO  [payments] req=req-2639fd authorising EUR 17.65 with psp
2026-03-14T13:46:39.703Z INFO  [payments] req=req-2639fd psp authorised ref=psp_892c3d4a
2026-03-14T13:46:39.705Z INFO  [payments] req=req-2639fd posting to ledger txn=lt-9100c (attempt 1/2)
2026-03-14T13:46:39.708Z DEBUG [ledger-db] acquire txn=lt-9100c waited=3ms in_use=1/40
2026-03-14T13:46:39.767Z INFO  [ledger] txn=lt-9100c posted 2 entries (59ms)
2026-03-14T13:46:39.769Z INFO  [payments] req=req-2639fd charge captured txn=lt-9100c
2026-03-14T13:46:39.773Z INFO  [orders] req=req-2639fd order o-91fb83 confirmed
2026-03-14T13:46:39.776Z INFO  [gateway] req=req-2639fd POST /api/checkout -> 201 (313ms) user=u-8739
2026-03-14T13:46:41.870Z INFO  [auth] req=req-5c921d token ok user=u-3569
2026-03-14T13:46:41.884Z INFO  [gateway] req=req-5c921d GET /api/orders/o-616d88 -> 200 (15ms) user=u-3569
2026-03-14T13:46:42.818Z INFO  [auth] req=req-099e22 token ok user=u-8687
2026-03-14T13:46:42.826Z INFO  [orders] req=req-099e22 cart validated items=4 total=EUR 61.22
2026-03-14T13:46:42.834Z INFO  [inventory] req=req-099e22 reserved 4 items hold=h-42318
2026-03-14T13:46:42.841Z INFO  [payments] req=req-099e22 authorising EUR 61.22 with psp
2026-03-14T13:46:43.053Z INFO  [payments] req=req-099e22 psp authorised ref=psp_5518f824
2026-03-14T13:46:43.055Z INFO  [payments] req=req-099e22 posting to ledger txn=lt-7540b (attempt 1/2)
2026-03-14T13:46:43.132Z INFO  [ledger] txn=lt-7540b posted 2 entries (73ms)
2026-03-14T13:46:43.134Z INFO  [payments] req=req-099e22 charge captured txn=lt-7540b
2026-03-14T13:46:43.138Z INFO  [orders] req=req-099e22 order o-d195c7 confirmed
2026-03-14T13:46:43.141Z INFO  [gateway] req=req-099e22 POST /api/checkout -> 201 (324ms) user=u-8687
2026-03-14T13:46:45.529Z INFO  [auth] req=req-45bdee token ok user=u-4231
2026-03-14T13:46:45.537Z INFO  [orders] req=req-45bdee cart validated items=3 total=EUR 144.51
2026-03-14T13:46:45.545Z INFO  [inventory] req=req-45bdee reserved 3 items hold=h-2276c
2026-03-14T13:46:45.552Z INFO  [payments] req=req-45bdee authorising EUR 144.51 with psp
2026-03-14T13:46:45.809Z INFO  [payments] req=req-45bdee psp authorised ref=psp_868bfd91
2026-03-14T13:46:45.811Z INFO  [payments] req=req-45bdee posting to ledger txn=lt-3cf4a (attempt 1/2)
2026-03-14T13:46:45.910Z INFO  [ledger] txn=lt-3cf4a posted 2 entries (99ms)
2026-03-14T13:46:45.912Z INFO  [payments] req=req-45bdee charge captured txn=lt-3cf4a
2026-03-14T13:46:45.916Z INFO  [orders] req=req-45bdee order o-cf4590 confirmed
2026-03-14T13:46:45.919Z INFO  [gateway] req=req-45bdee POST /api/checkout -> 201 (391ms) user=u-4231
2026-03-14T13:46:48.185Z INFO  [gateway] req=req-bda541 GET /api/products/SKU-1203 -> 200 (6ms)
2026-03-14T13:46:48.536Z INFO  [auth] req=req-270cb3 token ok user=u-7033
2026-03-14T13:46:48.541Z INFO  [inventory] req=req-270cb3 availability SKU-1203: 46 in stock
2026-03-14T13:46:48.544Z INFO  [gateway] req=req-270cb3 GET /api/products/SKU-1203/availability -> 200 (9ms) user=u-7033
2026-03-14T13:46:51.397Z INFO  [gateway] req=req-471342 GET /api/products/SKU-0318 -> 200 (19ms)
2026-03-14T13:46:51.406Z INFO  [gateway] req=req-c8a80f GET /api/products/SKU-1203 -> 200 (30ms)
2026-03-14T13:46:51.875Z INFO  [auth] req=req-1168d7 login ok user=u-2778 session=s-520a8ec5
2026-03-14T13:46:51.879Z INFO  [gateway] req=req-1168d7 POST /api/login -> 200 (34ms) user=u-2778
2026-03-14T13:46:54.551Z INFO  [auth] req=req-b430a9 token ok user=u-8842
2026-03-14T13:46:54.588Z INFO  [gateway] req=req-b430a9 GET /api/cart -> 200 (14ms) user=u-8842
2026-03-14T13:46:55.400Z INFO  [auth] req=req-c71c88 token ok user=u-5443
2026-03-14T13:46:55.408Z INFO  [orders] req=req-c71c88 cart validated items=5 total=EUR 471.75
2026-03-14T13:46:55.416Z INFO  [inventory] req=req-c71c88 reserved 5 items hold=h-2d47d
2026-03-14T13:46:55.423Z INFO  [payments] req=req-c71c88 authorising EUR 471.75 with psp
2026-03-14T13:46:55.667Z INFO  [payments] req=req-c71c88 psp authorised ref=psp_c6fc0511
2026-03-14T13:46:55.669Z INFO  [payments] req=req-c71c88 posting to ledger txn=lt-fa03f (attempt 1/2)
2026-03-14T13:46:55.741Z INFO  [ledger] txn=lt-fa03f posted 2 entries (72ms)
2026-03-14T13:46:55.743Z INFO  [payments] req=req-c71c88 charge captured txn=lt-fa03f
2026-03-14T13:46:55.747Z INFO  [orders] req=req-c71c88 order o-954351 confirmed
2026-03-14T13:46:55.750Z INFO  [gateway] req=req-c71c88 POST /api/checkout -> 201 (351ms) user=u-5443
2026-03-14T13:46:59.165Z INFO  [cache] stats hit_ratio=0.93 keys=19730 evictions/s=250
2026-03-14T13:47:05.000Z DEBUG [gateway] health ledger ok (1ms)
2026-03-14T13:47:05.007Z DEBUG [gateway] health auth ok (2ms)
2026-03-14T13:47:05.018Z DEBUG [gateway] health inventory ok (7ms)
2026-03-14T13:47:05.022Z DEBUG [gateway] health orders ok (5ms)
2026-03-14T13:47:05.027Z DEBUG [gateway] health payments ok (4ms)
2026-03-14T13:47:06.561Z INFO  [auth] req=req-d3da72 token ok user=u-1632
2026-03-14T13:47:06.569Z INFO  [orders] req=req-d3da72 cart validated items=5 total=EUR 16.85
2026-03-14T13:47:06.577Z INFO  [inventory] req=req-d3da72 reserved 5 items hold=h-2189b
2026-03-14T13:47:06.584Z INFO  [payments] req=req-d3da72 authorising EUR 16.85 with psp
2026-03-14T13:47:06.751Z INFO  [payments] req=req-d3da72 psp authorised ref=psp_74c7d8c0
2026-03-14T13:47:06.753Z INFO  [payments] req=req-d3da72 posting to ledger txn=lt-44412 (attempt 1/2)
2026-03-14T13:47:06.835Z INFO  [ledger] txn=lt-44412 posted 2 entries (81ms)
2026-03-14T13:47:06.837Z INFO  [payments] req=req-d3da72 charge captured txn=lt-44412
2026-03-14T13:47:06.841Z INFO  [orders] req=req-d3da72 order o-c7706f confirmed
2026-03-14T13:47:06.844Z INFO  [gateway] req=req-d3da72 POST /api/checkout -> 201 (284ms) user=u-1632
2026-03-14T13:47:07.231Z INFO  [auth] req=req-9c9d23 token ok user=u-5525
2026-03-14T13:47:07.239Z INFO  [orders] req=req-9c9d23 cart validated items=1 total=EUR 315.68
2026-03-14T13:47:07.247Z INFO  [inventory] req=req-9c9d23 reserved 1 items hold=h-1a2d3
2026-03-14T13:47:07.254Z INFO  [payments] req=req-9c9d23 authorising EUR 315.68 with psp
2026-03-14T13:47:07.300Z INFO  [ledger-db] pool stats in_use=1 idle=7 max=40 waiters=0
2026-03-14T13:47:07.500Z INFO  [payments] req=req-9c9d23 psp authorised ref=psp_f2b4de94
2026-03-14T13:47:07.502Z INFO  [payments] req=req-9c9d23 posting to ledger txn=lt-3ab6b (attempt 1/2)
2026-03-14T13:47:07.578Z INFO  [ledger] txn=lt-3ab6b posted 2 entries (75ms)
2026-03-14T13:47:07.580Z INFO  [payments] req=req-9c9d23 charge captured txn=lt-3ab6b
2026-03-14T13:47:07.584Z INFO  [orders] req=req-9c9d23 order o-a349c2 confirmed
2026-03-14T13:47:07.587Z INFO  [gateway] req=req-9c9d23 POST /api/checkout -> 201 (357ms) user=u-5525
2026-03-14T13:47:13.001Z INFO  [auth] req=req-b84df6 token ok user=u-4912
2026-03-14T13:47:13.008Z ERROR [inventory] req=req-b84df6 unhandled KeyError: 'SKU-0000' not in warehouse map
2026-03-14T13:47:13.009Z ERROR [inventory] Traceback (most recent call last):
2026-03-14T13:47:13.009Z ERROR [inventory]   File "inventory/stock.py", line 88, in availability
2026-03-14T13:47:13.009Z ERROR [inventory]     return WAREHOUSE_MAP[sku].available
2026-03-14T13:47:13.009Z ERROR [inventory] KeyError: 'SKU-0000'
2026-03-14T13:47:13.011Z ERROR [gateway] req=req-b84df6 GET /api/products/SKU-0000/availability -> 500 (11ms) user=u-4912
2026-03-14T13:47:14.962Z INFO  [auth] req=req-09e46d token ok user=u-7033
2026-03-14T13:47:14.974Z INFO  [gateway] req=req-09e46d GET /api/cart -> 200 (11ms) user=u-7033
2026-03-14T13:47:18.721Z INFO  [gateway] req=req-14a1c2 GET /api/products/SKU-0318 -> 200 (16ms)
2026-03-14T13:47:18.726Z INFO  [auth] req=req-a07ccc token ok user=u-6810
2026-03-14T13:47:18.731Z INFO  [inventory] req=req-a07ccc availability SKU-0105: 307 in stock
2026-03-14T13:47:18.734Z INFO  [gateway] req=req-a07ccc GET /api/products/SKU-0105/availability -> 200 (9ms) user=u-6810
2026-03-14T13:47:18.976Z INFO  [auth] req=req-b5559b login ok user=u-5697 session=s-0077f3ed
2026-03-14T13:47:18.980Z INFO  [gateway] req=req-b5559b POST /api/login -> 200 (34ms) user=u-5697
2026-03-14T13:47:21.431Z INFO  [gateway] req=req-16cf47 GET /api/products/SKU-0012 -> 200 (29ms)
2026-03-14T13:47:24.465Z INFO  [auth] req=req-a7cac4 token ok user=u-9957
2026-03-14T13:47:24.473Z INFO  [orders] req=req-a7cac4 cart validated items=4 total=EUR 89.89
2026-03-14T13:47:24.481Z INFO  [inventory] req=req-a7cac4 reserved 4 items hold=h-3cbf2
2026-03-14T13:47:24.488Z INFO  [payments] req=req-a7cac4 authorising EUR 89.89 with psp
2026-03-14T13:47:24.641Z INFO  [payments] req=req-a7cac4 psp authorised ref=psp_3e8a34f0
2026-03-14T13:47:24.643Z INFO  [payments] req=req-a7cac4 posting to ledger txn=lt-eb24e (attempt 1/2)
2026-03-14T13:47:24.758Z INFO  [ledger] txn=lt-eb24e posted 2 entries (115ms)
2026-03-14T13:47:24.760Z INFO  [payments] req=req-a7cac4 charge captured txn=lt-eb24e
2026-03-14T13:47:24.764Z INFO  [orders] req=req-a7cac4 order o-34ef22 confirmed
2026-03-14T13:47:24.767Z INFO  [gateway] req=req-a7cac4 POST /api/checkout -> 201 (303ms) user=u-9957
2026-03-14T13:47:25.769Z INFO  [auth] req=req-6e56bb token ok user=u-8076
2026-03-14T13:47:25.776Z INFO  [gateway] req=req-6e56bb GET /api/cart -> 200 (16ms) user=u-8076
2026-03-14T13:47:27.054Z INFO  [auth] req=req-7154ef token ok user=u-5854
2026-03-14T13:47:27.059Z INFO  [inventory] req=req-7154ef availability SKU-0404: 392 in stock
2026-03-14T13:47:27.062Z INFO  [gateway] req=req-7154ef GET /api/products/SKU-0404/availability -> 200 (9ms) user=u-5854
2026-03-14T13:47:35.104Z INFO  [auth] req=req-a2d374 token ok user=u-3285
2026-03-14T13:47:35.112Z INFO  [orders] req=req-a2d374 cart validated items=6 total=EUR 203.98
2026-03-14T13:47:35.120Z INFO  [inventory] req=req-a2d374 reserved 6 items hold=h-6f2a5
2026-03-14T13:47:35.127Z INFO  [payments] req=req-a2d374 authorising EUR 203.98 with psp
2026-03-14T13:47:35.261Z INFO  [payments] req=req-a2d374 psp authorised ref=psp_2877fd2d
2026-03-14T13:47:35.263Z INFO  [payments] req=req-a2d374 posting to ledger txn=lt-6d43a (attempt 1/2)
2026-03-14T13:47:35.267Z DEBUG [ledger-db] acquire txn=lt-6d43a waited=4ms in_use=4/40
2026-03-14T13:47:35.385Z INFO  [ledger] txn=lt-6d43a posted 2 entries (118ms)
2026-03-14T13:47:35.387Z INFO  [payments] req=req-a2d374 charge captured txn=lt-6d43a
2026-03-14T13:47:35.391Z INFO  [orders] req=req-a2d374 order o-e2ae49 confirmed
2026-03-14T13:47:35.394Z INFO  [gateway] req=req-a2d374 POST /api/checkout -> 201 (291ms) user=u-3285
2026-03-14T13:47:35.725Z INFO  [auth] req=req-517f43 token ok user=u-6463
2026-03-14T13:47:35.744Z INFO  [gateway] req=req-517f43 GET /api/cart -> 200 (11ms) user=u-6463
2026-03-14T13:47:37.300Z INFO  [ledger-db] pool stats in_use=0 idle=8 max=40 waiters=0
2026-03-14T13:47:38.236Z INFO  [auth] req=req-718447 token ok user=u-1140
2026-03-14T13:47:38.261Z INFO  [gateway] req=req-718447 GET /api/cart -> 200 (29ms) user=u-1140
2026-03-14T13:47:39.567Z INFO  [auth] req=req-88c2b2 token ok user=u-1269
2026-03-14T13:47:39.581Z INFO  [gateway] req=req-88c2b2 GET /api/orders/o-42e412 -> 200 (15ms) user=u-1269
2026-03-14T13:47:39.953Z INFO  [auth] req=req-81ff04 token ok user=u-6315
2026-03-14T13:47:39.992Z INFO  [gateway] req=req-81ff04 GET /api/cart -> 200 (37ms) user=u-6315
2026-03-14T13:47:40.799Z INFO  [auth] req=req-7782cb token ok user=u-9819
2026-03-14T13:47:40.819Z INFO  [gateway] req=req-7782cb GET /api/cart -> 200 (33ms) user=u-9819
2026-03-14T13:47:41.799Z INFO  [auth] req=req-6850e4 token ok user=u-6902
2026-03-14T13:47:41.811Z INFO  [gateway] req=req-6850e4 GET /api/cart -> 200 (9ms) user=u-6902
2026-03-14T13:47:55.228Z INFO  [auth] req=req-8941e8 token ok user=u-2796
2026-03-14T13:47:55.236Z INFO  [orders] req=req-8941e8 cart validated items=2 total=EUR 128.34
2026-03-14T13:47:55.244Z INFO  [inventory] req=req-8941e8 reserved 2 items hold=h-71bd0
2026-03-14T13:47:55.251Z INFO  [payments] req=req-8941e8 authorising EUR 128.34 with psp
2026-03-14T13:47:55.378Z INFO  [payments] req=req-8941e8 psp authorised ref=psp_4b3a3b9c
2026-03-14T13:47:55.380Z INFO  [payments] req=req-8941e8 posting to ledger txn=lt-0eb2a (attempt 1/2)
2026-03-14T13:47:55.519Z INFO  [ledger] txn=lt-0eb2a posted 2 entries (135ms)
2026-03-14T13:47:55.521Z INFO  [payments] req=req-8941e8 charge captured txn=lt-0eb2a
2026-03-14T13:47:55.525Z INFO  [orders] req=req-8941e8 order o-a51a03 confirmed
2026-03-14T13:47:55.528Z INFO  [gateway] req=req-8941e8 POST /api/checkout -> 201 (301ms) user=u-2796
2026-03-14T13:48:05.000Z DEBUG [gateway] health inventory ok (1ms)
2026-03-14T13:48:05.003Z DEBUG [gateway] health orders ok (3ms)
2026-03-14T13:48:05.006Z DEBUG [gateway] health ledger ok (3ms)
2026-03-14T13:48:05.022Z DEBUG [gateway] health payments ok (1ms)
2026-03-14T13:48:05.023Z DEBUG [gateway] health auth ok (5ms)
2026-03-14T13:48:05.516Z INFO  [auth] req=req-5728fb token ok user=u-4395
2026-03-14T13:48:05.524Z INFO  [orders] req=req-5728fb cart validated items=1 total=EUR 230.96
2026-03-14T13:48:05.532Z INFO  [inventory] req=req-5728fb reserved 1 items hold=h-f3a09
2026-03-14T13:48:05.539Z INFO  [payments] req=req-5728fb authorising EUR 230.96 with psp
2026-03-14T13:48:05.683Z INFO  [payments] req=req-5728fb psp authorised ref=psp_790f4de7
2026-03-14T13:48:05.685Z INFO  [payments] req=req-5728fb posting to ledger txn=lt-47296 (attempt 1/2)
2026-03-14T13:48:05.737Z INFO  [ledger] txn=lt-47296 posted 2 entries (48ms)
2026-03-14T13:48:05.739Z INFO  [payments] req=req-5728fb charge captured txn=lt-47296
2026-03-14T13:48:05.743Z INFO  [orders] req=req-5728fb order o-de4a3a confirmed
2026-03-14T13:48:05.746Z INFO  [gateway] req=req-5728fb POST /api/checkout -> 201 (231ms) user=u-4395
2026-03-14T13:48:07.300Z INFO  [ledger-db] pool stats in_use=0 idle=8 max=40 waiters=0
2026-03-14T13:48:07.559Z INFO  [gateway] req=req-369d9c GET /api/products/SKU-0230 -> 200 (6ms)
2026-03-14T13:48:08.396Z INFO  [auth] req=req-a65bbd token ok user=u-6647
2026-03-14T13:48:08.410Z INFO  [gateway] req=req-a65bbd GET /api/orders/o-93f535 -> 200 (15ms) user=u-6647
2026-03-14T13:48:08.526Z INFO  [cache] stats hit_ratio=0.92 keys=20250 evictions/s=164
2026-03-14T13:48:09.146Z INFO  [auth] req=req-b22498 token ok user=u-1380
2026-03-14T13:48:09.154Z INFO  [orders] req=req-b22498 cart validated items=2 total=EUR 354.15
2026-03-14T13:48:09.162Z INFO  [inventory] req=req-b22498 reserved 2 items hold=h-94d05
2026-03-14T13:48:09.169Z INFO  [payments] req=req-b22498 authorising EUR 354.15 with psp
2026-03-14T13:48:09.284Z INFO  [payments] req=req-b22498 psp authorised ref=psp_1c0d0beb
2026-03-14T13:48:09.286Z INFO  [payments] req=req-b22498 posting to ledger txn=lt-9cdfc (attempt 1/2)
2026-03-14T13:48:09.409Z INFO  [ledger] txn=lt-9cdfc posted 2 entries (121ms)
2026-03-14T13:48:09.411Z INFO  [payments] req=req-b22498 charge captured txn=lt-9cdfc
2026-03-14T13:48:09.415Z INFO  [orders] req=req-b22498 order o-451903 confirmed
2026-03-14T13:48:09.418Z INFO  [gateway] req=req-b22498 POST /api/checkout -> 201 (273ms) user=u-1380
2026-03-14T13:48:09.445Z INFO  [auth] req=req-624af7 token ok user=u-9745
2026-03-14T13:48:09.453Z INFO  [orders] req=req-624af7 cart validated items=4 total=EUR 27.50
2026-03-14T13:48:09.461Z INFO  [inventory] req=req-624af7 reserved 4 items hold=h-662e6
2026-03-14T13:48:09.468Z INFO  [payments] req=req-624af7 authorising EUR 27.50 with psp
2026-03-14T13:48:09.685Z INFO  [payments] req=req-624af7 psp authorised ref=psp_fc638065
2026-03-14T13:48:09.687Z INFO  [payments] req=req-624af7 posting to ledger txn=lt-46317 (attempt 1/2)
2026-03-14T13:48:09.751Z INFO  [ledger] txn=lt-46317 posted 2 entries (61ms)
2026-03-14T13:48:09.753Z INFO  [payments] req=req-624af7 charge captured txn=lt-46317
2026-03-14T13:48:09.757Z INFO  [orders] req=req-624af7 order o-72efdc confirmed
2026-03-14T13:48:09.760Z INFO  [gateway] req=req-624af7 POST /api/checkout -> 201 (316ms) user=u-9745
2026-03-14T13:48:10.165Z INFO  [auth] req=req-fc077f login ok user=u-4520 session=s-6305f8fd
2026-03-14T13:48:10.169Z INFO  [gateway] req=req-fc077f POST /api/login -> 200 (34ms) user=u-4520
2026-03-14T13:48:20.179Z INFO  [auth] req=req-7a8152 login ok user=u-7552 session=s-4a06750d
2026-03-14T13:48:20.183Z INFO  [gateway] req=req-7a8152 POST /api/login -> 200 (34ms) user=u-7552
2026-03-14T13:48:21.018Z INFO  [gateway] req=req-0fe8d1 GET /api/products/SKU-0512 -> 200 (5ms)
2026-03-14T13:48:22.815Z INFO  [gateway] req=req-39bc96 GET /api/products/SKU-0012 -> 200 (25ms)
2026-03-14T13:48:23.094Z INFO  [auth] req=req-69f994 token ok user=u-7809
2026-03-14T13:48:23.108Z INFO  [gateway] req=req-69f994 GET /api/cart -> 200 (19ms) user=u-7809
2026-03-14T13:48:23.602Z INFO  [gateway] req=req-d74ccd GET /api/products/SKU-0105 -> 200 (5ms)
2026-03-14T13:48:23.618Z INFO  [auth] req=req-bdf6ff token ok user=u-7552
2026-03-14T13:48:23.626Z INFO  [orders] req=req-bdf6ff cart validated items=3 total=EUR 212.60
2026-03-14T13:48:23.634Z INFO  [inventory] req=req-bdf6ff reserved 3 items hold=h-8b27a
2026-03-14T13:48:23.641Z INFO  [payments] req=req-bdf6ff authorising EUR 212.60 with psp
2026-03-14T13:48:23.893Z INFO  [payments] req=req-bdf6ff psp authorised ref=psp_10aebbb4
2026-03-14T13:48:23.895Z INFO  [payments] req=req-bdf6ff posting to ledger txn=lt-b2fa1 (attempt 1/2)
2026-03-14T13:48:23.950Z INFO  [ledger] txn=lt-b2fa1 posted 2 entries (53ms)
2026-03-14T13:48:23.952Z INFO  [payments] req=req-bdf6ff charge captured txn=lt-b2fa1
2026-03-14T13:48:23.956Z INFO  [orders] req=req-bdf6ff order o-772766 confirmed
2026-03-14T13:48:23.959Z INFO  [gateway] req=req-bdf6ff POST /api/checkout -> 201 (342ms) user=u-7552
2026-03-14T13:48:28.930Z INFO  [auth] req=req-fe5a8f login ok user=u-3717 session=s-83bde5c3
2026-03-14T13:48:28.934Z INFO  [gateway] req=req-fe5a8f POST /api/login -> 200 (34ms) user=u-3717
2026-03-14T13:48:29.161Z INFO  [auth] req=req-f072c8 token ok user=u-5216
2026-03-14T13:48:29.169Z INFO  [orders] req=req-f072c8 cart validated items=6 total=EUR 465.85
2026-03-14T13:48:29.177Z INFO  [inventory] req=req-f072c8 reserved 6 items hold=h-c3f67
2026-03-14T13:48:29.184Z INFO  [payments] req=req-f072c8 authorising EUR 465.85 with psp
2026-03-14T13:48:29.435Z INFO  [payments] req=req-f072c8 psp authorised ref=psp_f8ed59e0
2026-03-14T13:48:29.437Z INFO  [payments] req=req-f072c8 posting to ledger txn=lt-28c18 (attempt 1/2)
2026-03-14T13:48:29.530Z INFO  [ledger] txn=lt-28c18 posted 2 entries (89ms)
2026-03-14T13:48:29.532Z INFO  [payments] req=req-f072c8 charge captured txn=lt-28c18
2026-03-14T13:48:29.536Z INFO  [orders] req=req-f072c8 order o-25d5b1 confirmed
2026-03-14T13:48:29.539Z INFO  [gateway] req=req-f072c8 POST /api/checkout -> 201 (379ms) user=u-5216
2026-03-14T13:48:35.398Z INFO  [auth] req=req-0964c6 token ok user=u-2778
2026-03-14T13:48:35.407Z INFO  [gateway] req=req-0964c6 GET /api/cart -> 200 (39ms) user=u-2778
2026-03-14T13:48:37.300Z INFO  [ledger-db] pool stats in_use=0 idle=8 max=40 waiters=0
2026-03-14T13:48:47.600Z INFO  [auth] req=req-bc2bd8 token ok user=u-3466
2026-03-14T13:48:47.608Z INFO  [orders] req=req-bc2bd8 cart validated items=5 total=EUR 264.19
2026-03-14T13:48:47.616Z INFO  [inventory] req=req-bc2bd8 reserved 5 items hold=h-ebbf8
2026-03-14T13:48:47.623Z INFO  [payments] req=req-bc2bd8 authorising EUR 264.19 with psp
2026-03-14T13:48:47.783Z INFO  [gateway] req=req-50e2e3 GET /api/products/SKU-0404 -> 200 (7ms)
2026-03-14T13:48:47.867Z INFO  [payments] req=req-bc2bd8 psp authorised ref=psp_553bc24e
2026-03-14T13:48:47.869Z INFO  [payments] req=req-bc2bd8 posting to ledger txn=lt-4e46c (attempt 1/2)
2026-03-14T13:48:47.870Z DEBUG [ledger-db] acquire txn=lt-4e46c waited=1ms in_use=1/40
2026-03-14T13:48:47.914Z INFO  [ledger] txn=lt-4e46c posted 2 entries (44ms)
2026-03-14T13:48:47.916Z INFO  [payments] req=req-bc2bd8 charge captured txn=lt-4e46c
2026-03-14T13:48:47.920Z INFO  [orders] req=req-bc2bd8 order o-d7128d confirmed
2026-03-14T13:48:47.923Z INFO  [gateway] req=req-bc2bd8 POST /api/checkout -> 201 (324ms) user=u-3466
2026-03-14T13:48:49.656Z INFO  [auth] req=req-112864 login ok user=u-6412 session=s-b3ed815e
2026-03-14T13:48:49.660Z INFO  [gateway] req=req-112864 POST /api/login -> 200 (34ms) user=u-6412
2026-03-14T13:48:50.462Z INFO  [auth] req=req-d71858 token ok user=u-8116
2026-03-14T13:48:50.470Z INFO  [orders] req=req-d71858 cart validated items=2 total=EUR 134.79
2026-03-14T13:48:50.478Z INFO  [inventory] req=req-d71858 reserved 2 items hold=h-8f7ba
2026-03-14T13:48:50.485Z INFO  [payments] req=req-d71858 authorising EUR 134.79 with psp
2026-03-14T13:48:50.707Z INFO  [payments] req=req-d71858 psp authorised ref=psp_82868939
2026-03-14T13:48:50.709Z INFO  [payments] req=req-d71858 posting to ledger txn=lt-7c930 (attempt 1/2)
2026-03-14T13:48:50.771Z INFO  [ledger] txn=lt-7c930 posted 2 entries (60ms)
2026-03-14T13:48:50.773Z INFO  [payments] req=req-d71858 charge captured txn=lt-7c930
2026-03-14T13:48:50.777Z INFO  [orders] req=req-d71858 order o-872ac2 confirmed
2026-03-14T13:48:50.780Z INFO  [gateway] req=req-d71858 POST /api/checkout -> 201 (319ms) user=u-8116
2026-03-14T13:48:51.894Z INFO  [auth] req=req-c5b0a8 token ok user=u-6266
2026-03-14T13:48:51.902Z INFO  [orders] req=req-c5b0a8 cart validated items=4 total=EUR 112.51
2026-03-14T13:48:51.910Z INFO  [inventory] req=req-c5b0a8 reserved 4 items hold=h-de4ed
2026-03-14T13:48:51.917Z INFO  [payments] req=req-c5b0a8 authorising EUR 112.51 with psp
2026-03-14T13:48:52.128Z INFO  [payments] req=req-c5b0a8 psp authorised ref=psp_5fa47775
2026-03-14T13:48:52.130Z INFO  [payments] req=req-c5b0a8 posting to ledger txn=lt-c7401 (attempt 1/2)
2026-03-14T13:48:52.245Z INFO  [ledger] txn=lt-c7401 posted 2 entries (111ms)
2026-03-14T13:48:52.247Z INFO  [payments] req=req-c5b0a8 charge captured txn=lt-c7401
2026-03-14T13:48:52.251Z INFO  [orders] req=req-c5b0a8 order o-ea1ee2 confirmed
2026-03-14T13:48:52.254Z INFO  [gateway] req=req-c5b0a8 POST /api/checkout -> 201 (361ms) user=u-6266
2026-03-14T13:48:59.362Z INFO  [gateway] req=req-71ad2c GET /api/products/SKU-0318 -> 200 (29ms)
2026-03-14T13:48:59.564Z INFO  [auth] req=req-6f69ca token ok user=u-9957
2026-03-14T13:48:59.599Z INFO  [gateway] req=req-6f69ca GET /api/cart -> 200 (22ms) user=u-9957
2026-03-14T13:49:03.981Z INFO  [auth] req=req-16094e token ok user=u-6805
2026-03-14T13:49:03.989Z INFO  [orders] req=req-16094e cart validated items=2 total=EUR 390.17
2026-03-14T13:49:03.997Z INFO  [inventory] req=req-16094e reserved 2 items hold=h-44830
2026-03-14T13:49:04.004Z INFO  [payments] req=req-16094e authorising EUR 390.17 with psp
2026-03-14T13:49:04.105Z INFO  [payments] req=req-16094e psp authorised ref=psp_a6c6a193
2026-03-14T13:49:04.107Z INFO  [payments] req=req-16094e posting to ledger txn=lt-260aa (attempt 1/2)
2026-03-14T13:49:04.111Z DEBUG [ledger-db] acquire txn=lt-260aa waited=4ms in_use=5/40
2026-03-14T13:49:04.161Z INFO  [ledger] txn=lt-260aa posted 2 entries (50ms)
2026-03-14T13:49:04.163Z INFO  [payments] req=req-16094e charge captured txn=lt-260aa
2026-03-14T13:49:04.167Z INFO  [orders] req=req-16094e order o-59768c confirmed
2026-03-14T13:49:04.170Z INFO  [gateway] req=req-16094e POST /api/checkout -> 201 (190ms) user=u-6805
2026-03-14T13:49:05.002Z DEBUG [gateway] health auth ok (9ms)
2026-03-14T13:49:05.003Z DEBUG [gateway] health inventory ok (9ms)
2026-03-14T13:49:05.010Z DEBUG [gateway] health orders ok (7ms)
2026-03-14T13:49:05.032Z DEBUG [gateway] health payments ok (8ms)
2026-03-14T13:49:05.039Z DEBUG [gateway] health ledger ok (6ms)
2026-03-14T13:49:05.227Z INFO  [auth] req=req-d4ceb4 token ok user=u-7809
2026-03-14T13:49:05.232Z INFO  [inventory] req=req-d4ceb4 availability SKU-0318: 286 in stock
2026-03-14T13:49:05.235Z INFO  [gateway] req=req-d4ceb4 GET /api/products/SKU-0318/availability -> 200 (9ms) user=u-7809
2026-03-14T13:49:07.300Z INFO  [ledger-db] pool stats in_use=1 idle=7 max=40 waiters=0
2026-03-14T13:49:14.749Z INFO  [cache] stats hit_ratio=0.93 keys=18054 evictions/s=220
2026-03-14T13:49:15.775Z INFO  [auth] req=req-058002 token ok user=u-1632
2026-03-14T13:49:15.789Z INFO  [gateway] req=req-058002 GET /api/orders/o-d1f6b5 -> 200 (15ms) user=u-1632
2026-03-14T13:49:15.930Z INFO  [auth] req=req-72620b token ok user=u-4543
2026-03-14T13:49:15.938Z INFO  [orders] req=req-72620b cart validated items=1 total=EUR 200.86
2026-03-14T13:49:15.946Z INFO  [inventory] req=req-72620b reserved 1 items hold=h-506a6
2026-03-14T13:49:15.953Z INFO  [payments] req=req-72620b authorising EUR 200.86 with psp
2026-03-14T13:49:16.053Z INFO  [payments] req=req-72620b psp authorised ref=psp_96b36de1
2026-03-14T13:49:16.055Z INFO  [payments] req=req-72620b posting to ledger txn=lt-70a4e (attempt 1/2)
2026-03-14T13:49:16.097Z INFO  [ledger] txn=lt-70a4e posted 2 entries (39ms)
2026-03-14T13:49:16.099Z INFO  [payments] req=req-72620b charge captured txn=lt-70a4e
2026-03-14T13:49:16.103Z INFO  [orders] req=req-72620b order o-f2b062 confirmed
2026-03-14T13:49:16.106Z INFO  [gateway] req=req-72620b POST /api/checkout -> 201 (177ms) user=u-4543
2026-03-14T13:49:17.856Z INFO  [auth] req=req-61e374 login ok user=u-6774 session=s-e0f4d44a
2026-03-14T13:49:17.860Z INFO  [gateway] req=req-61e374 POST /api/login -> 200 (34ms) user=u-6774
2026-03-14T13:49:18.705Z INFO  [auth] req=req-ea12e0 token ok user=u-6774
2026-03-14T13:49:18.710Z INFO  [inventory] req=req-ea12e0 availability SKU-0318: 20 in stock
2026-03-14T13:49:18.713Z INFO  [gateway] req=req-ea12e0 GET /api/products/SKU-0318/availability -> 200 (9ms) user=u-6774
2026-03-14T13:49:25.306Z INFO  [auth] req=req-40ad48 token ok user=u-1632
2026-03-14T13:49:25.314Z INFO  [orders] req=req-40ad48 cart validated items=5 total=EUR 23.07
2026-03-14T13:49:25.322Z INFO  [inventory] req=req-40ad48 reserved 5 items hold=h-78e46
2026-03-14T13:49:25.329Z INFO  [payments] req=req-40ad48 authorising EUR 23.07 with psp
2026-03-14T13:49:25.419Z INFO  [payments] req=req-40ad48 psp authorised ref=psp_65278e37
2026-03-14T13:49:25.421Z INFO  [payments] req=req-40ad48 posting to ledger txn=lt-3448c (attempt 1/2)
2026-03-14T13:49:25.557Z INFO  [ledger] txn=lt-3448c posted 2 entries (134ms)
2026-03-14T13:49:25.559Z INFO  [payments] req=req-40ad48 charge captured txn=lt-3448c
2026-03-14T13:49:25.563Z INFO  [orders] req=req-40ad48 order o-cb41dd confirmed
2026-03-14T13:49:25.566Z INFO  [gateway] req=req-40ad48 POST /api/checkout -> 201 (261ms) user=u-1632
2026-03-14T13:49:26.319Z INFO  [gateway] req=req-2a8137 GET /api/products/SKU-0077 -> 200 (17ms)
2026-03-14T13:49:28.995Z INFO  [auth] req=req-67d8ab token ok user=u-8977
2026-03-14T13:49:29.003Z INFO  [orders] req=req-67d8ab cart validated items=5 total=EUR 429.99
2026-03-14T13:49:29.011Z INFO  [inventory] req=req-67d8ab reserved 5 items hold=h-152bf
2026-03-14T13:49:29.018Z INFO  [payments] req=req-67d8ab authorising EUR 429.99 with psp
2026-03-14T13:49:29.164Z INFO  [payments] req=req-67d8ab psp authorised ref=psp_c208a5b5
2026-03-14T13:49:29.166Z INFO  [payments] req=req-67d8ab posting to ledger txn=lt-a8671 (attempt 1/2)
2026-03-14T13:49:29.167Z DEBUG [ledger-db] acquire txn=lt-a8671 waited=1ms in_use=5/40
2026-03-14T13:49:29.261Z INFO  [ledger] txn=lt-a8671 posted 2 entries (94ms)
2026-03-14T13:49:29.263Z INFO  [payments] req=req-67d8ab charge captured txn=lt-a8671
2026-03-14T13:49:29.267Z INFO  [orders] req=req-67d8ab order o-f009c3 confirmed
2026-03-14T13:49:29.270Z INFO  [gateway] req=req-67d8ab POST /api/checkout -> 201 (276ms) user=u-8977
2026-03-14T13:49:29.592Z INFO  [auth] req=req-ff0f95 token ok user=u-9567
2026-03-14T13:49:29.600Z INFO  [orders] req=req-ff0f95 cart validated items=3 total=EUR 418.58
2026-03-14T13:49:29.608Z INFO  [inventory] req=req-ff0f95 reserved 3 items hold=h-79464
2026-03-14T13:49:29.615Z INFO  [payments] req=req-ff0f95 authorising EUR 418.58 with psp
2026-03-14T13:49:29.753Z INFO  [gateway] req=req-766d10 GET /api/products/SKU-0105 -> 200 (17ms)
2026-03-14T13:49:29.862Z INFO  [payments] req=req-ff0f95 psp authorised ref=psp_faa2d620
2026-03-14T13:49:29.864Z INFO  [payments] req=req-ff0f95 posting to ledger txn=lt-5bb68 (attempt 1/2)
2026-03-14T13:49:29.909Z INFO  [ledger] txn=lt-5bb68 posted 2 entries (42ms)
2026-03-14T13:49:29.911Z INFO  [payments] req=req-ff0f95 charge captured txn=lt-5bb68
2026-03-14T13:49:29.915Z INFO  [orders] req=req-ff0f95 order o-51ef72 confirmed
2026-03-14T13:49:29.918Z INFO  [gateway] req=req-ff0f95 POST /api/checkout -> 201 (327ms) user=u-9567
2026-03-14T13:49:33.176Z INFO  [auth] req=req-eae0e4 token ok user=u-3301
2026-03-14T13:49:33.198Z INFO  [gateway] req=req-eae0e4 GET /api/cart -> 200 (23ms) user=u-3301
2026-03-14T13:49:37.300Z INFO  [ledger-db] pool stats in_use=3 idle=5 max=40 waiters=0
2026-03-14T13:49:40.465Z INFO  [gateway] req=req-6c30e6 GET /api/products/SKU-0318 -> 200 (12ms)
2026-03-14T13:49:44.820Z INFO  [auth] req=req-a6370e login ok user=u-8851 session=s-780f1c27
2026-03-14T13:49:44.824Z INFO  [gateway] req=req-a6370e POST /api/login -> 200 (34ms) user=u-8851
2026-03-14T13:49:45.878Z INFO  [gateway] req=req-108dfb GET /api/products/SKU-0512 -> 200 (7ms)
2026-03-14T13:49:49.754Z INFO  [auth] req=req-02a937 token ok user=u-4422
2026-03-14T13:49:49.762Z INFO  [orders] req=req-02a937 cart validated items=3 total=EUR 332.73
2026-03-14T13:49:49.770Z INFO  [inventory] req=req-02a937 reserved 3 items hold=h-b32f4
2026-03-14T13:49:49.777Z INFO  [payments] req=req-02a937 authorising EUR 332.73 with psp
2026-03-14T13:49:49.874Z INFO  [payments] req=req-02a937 psp authorised ref=psp_96bd6b4a
2026-03-14T13:49:49.876Z INFO  [payments] req=req-02a937 posting to ledger txn=lt-53606 (attempt 1/2)
2026-03-14T13:49:49.988Z INFO  [ledger] txn=lt-53606 posted 2 entries (109ms)
2026-03-14T13:49:49.990Z INFO  [payments] req=req-02a937 charge captured txn=lt-53606
2026-03-14T13:49:49.994Z INFO  [orders] req=req-02a937 order o-c1a6ff confirmed
2026-03-14T13:49:49.997Z INFO  [gateway] req=req-02a937 POST /api/checkout -> 201 (244ms) user=u-4422
2026-03-14T13:49:55.557Z INFO  [auth] req=req-1bcfab token ok user=u-5357
2026-03-14T13:49:55.565Z INFO  [orders] req=req-1bcfab cart validated items=6 total=EUR 453.80
2026-03-14T13:49:55.573Z INFO  [inventory] req=req-1bcfab reserved 6 items hold=h-05665
2026-03-14T13:49:55.580Z INFO  [payments] req=req-1bcfab authorising EUR 453.80 with psp
2026-03-14T13:49:55.836Z INFO  [payments] req=req-1bcfab psp authorised ref=psp_3fa9f6aa
2026-03-14T13:49:55.838Z INFO  [payments] req=req-1bcfab posting to ledger txn=lt-8048c (attempt 1/2)
2026-03-14T13:49:55.943Z INFO  [ledger] txn=lt-8048c posted 2 entries (101ms)
2026-03-14T13:49:55.945Z INFO  [payments] req=req-1bcfab charge captured txn=lt-8048c
2026-03-14T13:49:55.949Z INFO  [orders] req=req-1bcfab order o-6d5172 confirmed
2026-03-14T13:49:55.952Z INFO  [gateway] req=req-1bcfab POST /api/checkout -> 201 (396ms) user=u-5357
2026-03-14T13:49:56.049Z INFO  [auth] req=req-bbfd23 token ok user=u-9886
2026-03-14T13:49:56.053Z WARN  [orders] req=req-bbfd23 validation failed: cart is empty
2026-03-14T13:49:56.054Z INFO  [gateway] req=req-bbfd23 POST /api/checkout -> 422 (6ms) user=u-9886
2026-03-14T13:49:56.192Z INFO  [auth] req=req-92db45 token ok user=u-5279
2026-03-14T13:49:56.203Z INFO  [gateway] req=req-92db45 GET /api/cart -> 200 (16ms) user=u-5279
2026-03-14T13:49:57.728Z INFO  [auth] req=req-7d8629 token ok user=u-8954
2026-03-14T13:49:57.733Z INFO  [inventory] req=req-7d8629 availability SKU-0077: 46 in stock
2026-03-14T13:49:57.736Z INFO  [gateway] req=req-7d8629 GET /api/products/SKU-0077/availability -> 200 (9ms) user=u-8954
2026-03-14T13:50:01.037Z INFO  [gateway] req=req-b75ef8 GET /api/products/SKU-0512 -> 200 (18ms)
2026-03-14T13:50:02.448Z INFO  [gateway] req=req-cfbcbf GET /api/products/SKU-1203 -> 200 (18ms)
2026-03-14T13:50:05.007Z DEBUG [gateway] health inventory ok (7ms)
2026-03-14T13:50:05.011Z DEBUG [gateway] health auth ok (3ms)
2026-03-14T13:50:05.012Z DEBUG [gateway] health ledger ok (7ms)
2026-03-14T13:50:05.019Z DEBUG [gateway] health payments ok (5ms)
2026-03-14T13:50:05.025Z DEBUG [gateway] health orders ok (5ms)
2026-03-14T13:50:05.574Z INFO  [auth] req=req-f540cf token ok user=u-9760
2026-03-14T13:50:05.579Z INFO  [inventory] req=req-f540cf availability SKU-0404: 195 in stock
2026-03-14T13:50:05.582Z INFO  [gateway] req=req-f540cf GET /api/products/SKU-0404/availability -> 200 (9ms) user=u-9760
2026-03-14T13:50:07.300Z INFO  [ledger-db] pool stats in_use=3 idle=5 max=40 waiters=0
2026-03-14T13:50:13.123Z INFO  [auth] req=req-a09e43 token ok user=u-8977
2026-03-14T13:50:13.131Z INFO  [orders] req=req-a09e43 cart validated items=1 total=EUR 469.09
2026-03-14T13:50:13.139Z INFO  [inventory] req=req-a09e43 reserved 1 items hold=h-e0d62
2026-03-14T13:50:13.146Z INFO  [payments] req=req-a09e43 authorising EUR 469.09 with psp
2026-03-14T13:50:13.293Z INFO  [payments] req=req-a09e43 psp authorised ref=psp_cdbb309e
2026-03-14T13:50:13.295Z INFO  [payments] req=req-a09e43 posting to ledger txn=lt-2382e (attempt 1/2)
2026-03-14T13:50:13.359Z INFO  [ledger] txn=lt-2382e posted 2 entries (61ms)
2026-03-14T13:50:13.361Z INFO  [payments] req=req-a09e43 charge captured txn=lt-2382e
2026-03-14T13:50:13.365Z INFO  [orders] req=req-a09e43 order o-9bafee confirmed
2026-03-14T13:50:13.368Z INFO  [gateway] req=req-a09e43 POST /api/checkout -> 201 (246ms) user=u-8977
2026-03-14T13:50:15.476Z INFO  [cache] stats hit_ratio=0.94 keys=20862 evictions/s=243
2026-03-14T13:50:18.457Z INFO  [auth] req=req-e5c7d6 token ok user=u-7770
2026-03-14T13:50:18.465Z INFO  [orders] req=req-e5c7d6 cart validated items=1 total=EUR 468.80
2026-03-14T13:50:18.473Z INFO  [inventory] req=req-e5c7d6 reserved 1 items hold=h-40673
2026-03-14T13:50:18.480Z INFO  [payments] req=req-e5c7d6 authorising EUR 468.80 with psp
2026-03-14T13:50:18.591Z INFO  [payments] req=req-e5c7d6 psp authorised ref=psp_17d8125c
2026-03-14T13:50:18.593Z INFO  [payments] req=req-e5c7d6 posting to ledger txn=lt-1382f (attempt 1/2)
2026-03-14T13:50:18.637Z INFO  [ledger] txn=lt-1382f posted 2 entries (44ms)
2026-03-14T13:50:18.639Z INFO  [payments] req=req-e5c7d6 charge captured txn=lt-1382f
2026-03-14T13:50:18.643Z INFO  [orders] req=req-e5c7d6 order o-71504a confirmed
2026-03-14T13:50:18.646Z INFO  [gateway] req=req-e5c7d6 POST /api/checkout -> 201 (190ms) user=u-7770
2026-03-14T13:50:23.384Z INFO  [auth] req=req-b31689 token ok user=u-8541
2026-03-14T13:50:23.392Z INFO  [orders] req=req-b31689 cart validated items=4 total=EUR 363.11
2026-03-14T13:50:23.400Z INFO  [inventory] req=req-b31689 reserved 4 items hold=h-f1a79
2026-03-14T13:50:23.407Z INFO  [payments] req=req-b31689 authorising EUR 363.11 with psp
2026-03-14T13:50:23.624Z INFO  [payments] req=req-b31689 psp authorised ref=psp_a8109632
2026-03-14T13:50:23.626Z INFO  [payments] req=req-b31689 posting to ledger txn=lt-4858f (attempt 1/2)
2026-03-14T13:50:23.748Z INFO  [ledger] txn=lt-4858f posted 2 entries (122ms)
2026-03-14T13:50:23.750Z INFO  [payments] req=req-b31689 charge captured txn=lt-4858f
2026-03-14T13:50:23.754Z INFO  [orders] req=req-b31689 order o-4fba03 confirmed
2026-03-14T13:50:23.757Z INFO  [gateway] req=req-b31689 POST /api/checkout -> 201 (374ms) user=u-8541
2026-03-14T13:50:24.689Z INFO  [gateway] req=req-eab8ec GET /api/products/SKU-0230 -> 200 (25ms)
2026-03-14T13:50:25.897Z INFO  [gateway] req=req-050653 GET /api/products/SKU-0318 -> 200 (4ms)
2026-03-14T13:50:35.812Z INFO  [auth] req=req-f42aa4 token ok user=u-7033
2026-03-14T13:50:35.820Z INFO  [orders] req=req-f42aa4 cart validated items=5 total=EUR 83.87
2026-03-14T13:50:35.828Z INFO  [inventory] req=req-f42aa4 reserved 5 items hold=h-ce1f8
2026-03-14T13:50:35.835Z INFO  [payments] req=req-f42aa4 authorising EUR 83.87 with psp
2026-03-14T13:50:36.073Z INFO  [payments] req=req-f42aa4 psp authorised ref=psp_b6cf81cc
2026-03-14T13:50:36.075Z INFO  [payments] req=req-f42aa4 posting to ledger txn=lt-3d303 (attempt 1/2)
2026-03-14T13:50:36.076Z DEBUG [ledger-db] acquire txn=lt-3d303 waited=1ms in_use=5/40
2026-03-14T13:50:36.150Z INFO  [ledger] txn=lt-3d303 posted 2 entries (74ms)
2026-03-14T13:50:36.152Z INFO  [payments] req=req-f42aa4 charge captured txn=lt-3d303
2026-03-14T13:50:36.156Z INFO  [orders] req=req-f42aa4 order o-1c1663 confirmed
2026-03-14T13:50:36.159Z INFO  [gateway] req=req-f42aa4 POST /api/checkout -> 201 (348ms) user=u-7033
2026-03-14T13:50:36.595Z INFO  [auth] req=req-336cf8 token ok user=u-9719
2026-03-14T13:50:36.603Z INFO  [orders] req=req-336cf8 cart validated items=2 total=EUR 66.57
2026-03-14T13:50:36.611Z INFO  [inventory] req=req-336cf8 reserved 2 items hold=h-c40f6
2026-03-14T13:50:36.618Z INFO  [payments] req=req-336cf8 authorising EUR 66.57 with psp
2026-03-14T13:50:36.748Z INFO  [payments] req=req-336cf8 psp authorised ref=psp_adf68ab5
2026-03-14T13:50:36.750Z INFO  [payments] req=req-336cf8 posting to ledger txn=lt-9383a (attempt 1/2)
2026-03-14T13:50:36.841Z INFO  [ledger] txn=lt-9383a posted 2 entries (88ms)
2026-03-14T13:50:36.843Z INFO  [payments] req=req-336cf8 charge captured txn=lt-9383a
2026-03-14T13:50:36.847Z INFO  [orders] req=req-336cf8 order o-fd20a5 confirmed
2026-03-14T13:50:36.850Z INFO  [gateway] req=req-336cf8 POST /api/checkout -> 201 (256ms) user=u-9719
2026-03-14T13:50:37.300Z INFO  [ledger-db] pool stats in_use=0 idle=8 max=40 waiters=0
2026-03-14T13:50:37.503Z INFO  [auth] req=req-16dc0f token ok user=u-8109
2026-03-14T13:50:37.511Z INFO  [orders] req=req-16dc0f cart validated items=3 total=EUR 404.80
2026-03-14T13:50:37.519Z INFO  [inventory] req=req-16dc0f reserved 3 items hold=h-4652b
2026-03-14T13:50:37.526Z INFO  [payments] req=req-16dc0f authorising EUR 404.80 with psp
2026-03-14T13:50:37.652Z INFO  [payments] req=req-16dc0f psp authorised ref=psp_96d7a8cf
2026-03-14T13:50:37.654Z INFO  [payments] req=req-16dc0f posting to ledger txn=lt-4eeca (attempt 1/2)
2026-03-14T13:50:37.742Z INFO  [ledger] txn=lt-4eeca posted 2 entries (87ms)
2026-03-14T13:50:37.744Z INFO  [payments] req=req-16dc0f charge captured txn=lt-4eeca
2026-03-14T13:50:37.748Z INFO  [orders] req=req-16dc0f order o-86dd9d confirmed
2026-03-14T13:50:37.751Z INFO  [gateway] req=req-16dc0f POST /api/checkout -> 201 (249ms) user=u-8109
2026-03-14T13:50:39.104Z INFO  [auth] req=req-bf160a login ok user=u-5994 session=s-11057c91
2026-03-14T13:50:39.108Z INFO  [gateway] req=req-bf160a POST /api/login -> 200 (34ms) user=u-5994
2026-03-14T13:50:40.896Z INFO  [gateway] req=req-8f0f1b GET /api/products/SKU-0901 -> 200 (22ms)
2026-03-14T13:50:41.000Z INFO  [scheduler] job=purge-expired-sessions started
2026-03-14T13:50:41.791Z INFO  [scheduler] job=purge-expired-sessions finished removed=297
2026-03-14T13:50:42.575Z INFO  [auth] req=req-1c387b token ok user=u-4422
2026-03-14T13:50:42.580Z INFO  [inventory] req=req-1c387b availability SKU-0105: 381 in stock
2026-03-14T13:50:42.583Z INFO  [gateway] req=req-1c387b GET /api/products/SKU-0105/availability -> 200 (9ms) user=u-4422
2026-03-14T13:50:52.031Z INFO  [gateway] req=req-b1ad26 GET /api/products/SKU-1203 -> 200 (17ms)
2026-03-14T13:50:58.257Z INFO  [auth] req=req-aa59a8 login ok user=u-3030 session=s-c8c539e1
2026-03-14T13:50:58.261Z INFO  [gateway] req=req-aa59a8 POST /api/login -> 200 (34ms) user=u-3030
2026-03-14T13:51:00.748Z INFO  [auth] req=req-ceb04f token ok user=u-3569
2026-03-14T13:51:00.784Z INFO  [gateway] req=req-ceb04f GET /api/cart -> 200 (16ms) user=u-3569
2026-03-14T13:51:01.670Z INFO  [gateway] req=req-2bafac GET /api/products/SKU-0105 -> 200 (11ms)
2026-03-14T13:51:05.004Z DEBUG [gateway] health auth ok (6ms)
2026-03-14T13:51:05.005Z DEBUG [gateway] health orders ok (4ms)
2026-03-14T13:51:05.018Z DEBUG [gateway] health inventory ok (3ms)
2026-03-14T13:51:05.035Z DEBUG [gateway] health ledger ok (3ms)
2026-03-14T13:51:05.037Z DEBUG [gateway] health payments ok (8ms)
2026-03-14T13:51:07.300Z INFO  [ledger-db] pool stats in_use=0 idle=8 max=40 waiters=0
2026-03-14T13:51:15.133Z INFO  [cache] stats hit_ratio=0.91 keys=20848 evictions/s=256
2026-03-14T13:51:17.462Z INFO  [gateway] req=req-dd61bf GET /api/products/SKU-0512 -> 200 (20ms)
2026-03-14T13:51:19.714Z INFO  [auth] req=req-1665b0 token ok user=u-6266
2026-03-14T13:51:19.718Z WARN  [orders] req=req-1665b0 validation failed: cart is empty
2026-03-14T13:51:19.719Z INFO  [gateway] req=req-1665b0 POST /api/checkout -> 422 (6ms) user=u-6266
2026-03-14T13:51:20.240Z INFO  [auth] req=req-0a989d token ok user=u-7809
2026-03-14T13:51:20.251Z INFO  [gateway] req=req-0a989d GET /api/cart -> 200 (22ms) user=u-7809
2026-03-14T13:51:25.903Z INFO  [gateway] req=req-bd4681 GET /api/products/SKU-0901 -> 200 (25ms)
2026-03-14T13:51:26.957Z INFO  [auth] req=req-b45660 token ok user=u-6647
2026-03-14T13:51:26.965Z INFO  [orders] req=req-b45660 cart validated items=1 total=EUR 349.56
2026-03-14T13:51:26.973Z INFO  [inventory] req=req-b45660 reserved 1 items hold=h-2463f
2026-03-14T13:51:26.980Z INFO  [payments] req=req-b45660 authorising EUR 349.56 with psp
2026-03-14T13:51:27.119Z INFO  [payments] req=req-b45660 psp authorised ref=psp_42d58290
2026-03-14T13:51:27.121Z INFO  [payments] req=req-b45660 posting to ledger txn=lt-1380e (attempt 1/2)
2026-03-14T13:51:27.217Z INFO  [ledger] txn=lt-1380e posted 2 entries (94ms)
2026-03-14T13:51:27.219Z INFO  [payments] req=req-b45660 charge captured txn=lt-1380e
2026-03-14T13:51:27.223Z INFO  [orders] req=req-b45660 order o-8cfa53 confirmed
2026-03-14T13:51:27.226Z INFO  [gateway] req=req-b45660 POST /api/checkout -> 201 (270ms) user=u-6647
2026-03-14T13:51:27.270Z INFO  [auth] req=req-fcd931 token ok user=u-9485
2026-03-14T13:51:27.293Z INFO  [gateway] req=req-fcd931 GET /api/cart -> 200 (36ms) user=u-9485
2026-03-14T13:51:32.430Z INFO  [gateway] req=req-7a9cbf GET /api/products/SKU-0512 -> 200 (10ms)
2026-03-14T13:51:33.838Z INFO  [gateway] req=req-6c22a4 GET /api/products/SKU-0012 -> 200 (22ms)
2026-03-14T13:51:34.806Z INFO  [auth] req=req-f069a0 token ok user=u-5175
2026-03-14T13:51:34.834Z INFO  [gateway] req=req-f069a0 GET /api/cart -> 200 (33ms) user=u-5175
2026-03-14T13:51:37.274Z INFO  [gateway] req=req-8b5fe3 GET /api/products/SKU-0318 -> 200 (16ms)
2026-03-14T13:51:37.300Z INFO  [ledger-db] pool stats in_use=1 idle=7 max=40 waiters=0
2026-03-14T13:51:39.630Z INFO  [auth] req=req-15ca28 token ok user=u-1269
2026-03-14T13:51:39.648Z INFO  [gateway] req=req-15ca28 GET /api/cart -> 200 (28ms) user=u-1269
2026-03-14T13:51:40.100Z WARN  [gateway] upstream keepalive reset by peer (inventory:8443), reconnecting
2026-03-14T13:51:40.112Z INFO  [gateway] upstream inventory:8443 reconnected
2026-03-14T13:51:42.245Z INFO  [auth] req=req-d67d55 token ok user=u-3301
2026-03-14T13:51:42.253Z INFO  [orders] req=req-d67d55 cart validated items=1 total=EUR 68.59
2026-03-14T13:51:42.261Z INFO  [inventory] req=req-d67d55 reserved 1 items hold=h-97294
2026-03-14T13:51:42.268Z INFO  [payments] req=req-d67d55 authorising EUR 68.59 with psp
2026-03-14T13:51:42.380Z INFO  [payments] req=req-d67d55 psp authorised ref=psp_2caa68c0
2026-03-14T13:51:42.382Z INFO  [payments] req=req-d67d55 posting to ledger txn=lt-fab19 (attempt 1/2)
2026-03-14T13:51:42.386Z DEBUG [ledger-db] acquire txn=lt-fab19 waited=4ms in_use=2/40
2026-03-14T13:51:42.425Z INFO  [ledger] txn=lt-fab19 posted 2 entries (39ms)
2026-03-14T13:51:42.427Z INFO  [payments] req=req-d67d55 charge captured txn=lt-fab19
2026-03-14T13:51:42.431Z INFO  [orders] req=req-d67d55 order o-a88d9a confirmed
2026-03-14T13:51:42.434Z INFO  [gateway] req=req-d67d55 POST /api/checkout -> 201 (190ms) user=u-3301
2026-03-14T13:51:44.185Z INFO  [gateway] req=req-b09897 GET /api/products/SKU-0105 -> 200 (15ms)
2026-03-14T13:51:45.998Z INFO  [auth] req=req-b84e3c login ok user=u-8739 session=s-5c9ff58a
2026-03-14T13:51:46.002Z INFO  [gateway] req=req-b84e3c POST /api/login -> 200 (34ms) user=u-8739
2026-03-14T13:51:50.846Z INFO  [auth] req=req-d8fdfc token ok user=u-9874
2026-03-14T13:51:50.851Z INFO  [inventory] req=req-d8fdfc availability SKU-0230: 193 in stock
2026-03-14T13:51:50.854Z INFO  [gateway] req=req-d8fdfc GET /api/products/SKU-0230/availability -> 200 (9ms) user=u-9874
2026-03-14T13:51:52.040Z WARN  [auth] req=req-9fdf8a token expired user=u-2653
2026-03-14T13:51:52.041Z INFO  [gateway] req=req-9fdf8a POST /api/checkout -> 401 (2ms)
2026-03-14T13:51:58.581Z INFO  [auth] req=req-2381b3 token ok user=u-1769
2026-03-14T13:51:58.589Z INFO  [orders] req=req-2381b3 cart validated items=1 total=EUR 406.80
2026-03-14T13:51:58.597Z INFO  [inventory] req=req-2381b3 reserved 1 items hold=h-78466
2026-03-14T13:51:58.604Z INFO  [payments] req=req-2381b3 authorising EUR 406.80 with psp
2026-03-14T13:51:58.805Z INFO  [payments] req=req-2381b3 psp authorised ref=psp_771fb232
2026-03-14T13:51:58.807Z INFO  [payments] req=req-2381b3 posting to ledger txn=lt-cbab2 (attempt 1/2)
2026-03-14T13:51:58.884Z INFO  [ledger] txn=lt-cbab2 posted 2 entries (74ms)
2026-03-14T13:51:58.886Z INFO  [payments] req=req-2381b3 charge captured txn=lt-cbab2
2026-03-14T13:51:58.890Z INFO  [orders] req=req-2381b3 order o-ce5d06 confirmed
2026-03-14T13:51:58.893Z INFO  [gateway] req=req-2381b3 POST /api/checkout -> 201 (313ms) user=u-1769
2026-03-14T13:52:02.606Z INFO  [auth] req=req-18a589 token ok user=u-4066
2026-03-14T13:52:02.614Z INFO  [orders] req=req-18a589 cart validated items=6 total=EUR 161.61
2026-03-14T13:52:02.622Z INFO  [inventory] req=req-18a589 reserved 6 items hold=h-0fe10
2026-03-14T13:52:02.629Z INFO  [payments] req=req-18a589 authorising EUR 161.61 with psp
2026-03-14T13:52:02.879Z INFO  [payments] req=req-18a589 psp authorised ref=psp_d62d01e3
2026-03-14T13:52:02.881Z INFO  [payments] req=req-18a589 posting to ledger txn=lt-46e40 (attempt 1/2)
2026-03-14T13:52:02.972Z INFO  [ledger] txn=lt-46e40 posted 2 entries (89ms)
2026-03-14T13:52:02.974Z INFO  [payments] req=req-18a589 charge captured txn=lt-46e40
2026-03-14T13:52:02.978Z INFO  [orders] req=req-18a589 order o-8df5d3 confirmed
2026-03-14T13:52:02.981Z INFO  [gateway] req=req-18a589 POST /api/checkout -> 201 (376ms) user=u-4066
2026-03-14T13:52:03.000Z WARN  [scheduler] job=reindex-search skipped: lock held by node-b (this is expected on secondary nodes)
2026-03-14T13:52:05.003Z DEBUG [gateway] health auth ok (3ms)
2026-03-14T13:52:05.010Z DEBUG [gateway] health ledger ok (7ms)
2026-03-14T13:52:05.024Z DEBUG [gateway] health orders ok (2ms)
2026-03-14T13:52:05.035Z DEBUG [gateway] health payments ok (6ms)
2026-03-14T13:52:05.038Z DEBUG [gateway] health inventory ok (3ms)
2026-03-14T13:52:05.630Z INFO  [auth] req=req-8459c7 token ok user=u-3987
2026-03-14T13:52:05.638Z INFO  [orders] req=req-8459c7 cart validated items=3 total=EUR 423.60
2026-03-14T13:52:05.646Z INFO  [inventory] req=req-8459c7 reserved 3 items hold=h-fdd49
2026-03-14T13:52:05.653Z INFO  [payments] req=req-8459c7 authorising EUR 423.60 with psp
2026-03-14T13:52:05.872Z INFO  [auth] req=req-a7a94d token ok user=u-7394
2026-03-14T13:52:05.878Z INFO  [payments] req=req-8459c7 psp authorised ref=psp_8ad0f160
2026-03-14T13:52:05.880Z INFO  [payments] req=req-8459c7 posting to ledger txn=lt-1190b (attempt 1/2)
2026-03-14T13:52:05.880Z INFO  [orders] req=req-a7a94d cart validated items=2 total=EUR 157.23
2026-03-14T13:52:05.888Z INFO  [inventory] req=req-a7a94d reserved 2 items hold=h-bdafc
2026-03-14T13:52:05.895Z INFO  [payments] req=req-a7a94d authorising EUR 157.23 with psp
2026-03-14T13:52:05.957Z INFO  [ledger] txn=lt-1190b posted 2 entries (73ms)
2026-03-14T13:52:05.959Z INFO  [payments] req=req-8459c7 charge captured txn=lt-1190b
2026-03-14T13:52:05.963Z INFO  [orders] req=req-8459c7 order o-1b5689 confirmed
2026-03-14T13:52:05.966Z INFO  [gateway] req=req-8459c7 POST /api/checkout -> 201 (337ms) user=u-3987
2026-03-14T13:52:05.999Z INFO  [payments] req=req-a7a94d psp authorised ref=psp_8404f1e0
2026-03-14T13:52:06.001Z INFO  [payments] req=req-a7a94d posting to ledger txn=lt-40ce9 (attempt 1/2)
2026-03-14T13:52:06.004Z DEBUG [ledger-db] acquire txn=lt-40ce9 waited=3ms in_use=1/40
2026-03-14T13:52:06.130Z INFO  [ledger] txn=lt-40ce9 posted 2 entries (126ms)
2026-03-14T13:52:06.132Z INFO  [payments] req=req-a7a94d charge captured txn=lt-40ce9
2026-03-14T13:52:06.136Z INFO  [orders] req=req-a7a94d order o-4a2968 confirmed
2026-03-14T13:52:06.139Z INFO  [gateway] req=req-a7a94d POST /api/checkout -> 201 (268ms) user=u-7394
2026-03-14T13:52:07.300Z INFO  [ledger-db] pool stats in_use=2 idle=6 max=40 waiters=0
2026-03-14T13:52:07.900Z WARN  [payments] psp latency high: p99=1840ms over last 60s (threshold 1500ms)
2026-03-14T13:52:08.027Z INFO  [auth] req=req-413a6c token ok user=u-6743
2026-03-14T13:52:08.041Z INFO  [gateway] req=req-413a6c GET /api/orders/o-87748b -> 200 (15ms) user=u-6743
2026-03-14T13:52:09.540Z INFO  [auth] req=req-4e3ca8 token ok user=u-6810
2026-03-14T13:52:09.545Z INFO  [inventory] req=req-4e3ca8 availability SKU-0404: 378 in stock
2026-03-14T13:52:09.548Z INFO  [gateway] req=req-4e3ca8 GET /api/products/SKU-0404/availability -> 200 (9ms) user=u-6810
2026-03-14T13:52:09.800Z INFO  [gateway] req=req-b2d716 GET /api/products/SKU-0318 -> 200 (29ms)
2026-03-14T13:52:16.103Z INFO  [auth] req=req-ed8af8 token ok user=u-3593
2026-03-14T13:52:16.108Z INFO  [inventory] req=req-ed8af8 availability SKU-0404: 165 in stock
2026-03-14T13:52:16.111Z INFO  [gateway] req=req-ed8af8 GET /api/products/SKU-0404/availability -> 200 (9ms) user=u-3593
2026-03-14T13:52:23.674Z INFO  [auth] req=req-1b31ae token ok user=u-7444
2026-03-14T13:52:23.682Z INFO  [orders] req=req-1b31ae cart validated items=6 total=EUR 316.55
2026-03-14T13:52:23.690Z INFO  [inventory] req=req-1b31ae reserved 6 items hold=h-2c968
2026-03-14T13:52:23.697Z INFO  [payments] req=req-1b31ae authorising EUR 316.55 with psp
2026-03-14T13:52:23.872Z INFO  [payments] req=req-1b31ae psp authorised ref=psp_218c2ad0
2026-03-14T13:52:23.874Z INFO  [payments] req=req-1b31ae posting to ledger txn=lt-ab985 (attempt 1/2)
2026-03-14T13:52:23.902Z INFO  [ledger] txn=lt-ab985 posted 2 entries (27ms)
2026-03-14T13:52:23.904Z INFO  [payments] req=req-1b31ae charge captured txn=lt-ab985
2026-03-14T13:52:23.908Z INFO  [orders] req=req-1b31ae order o-244758 confirmed
2026-03-14T13:52:23.911Z INFO  [gateway] req=req-1b31ae POST /api/checkout -> 201 (238ms) user=u-7444
2026-03-14T13:52:24.320Z INFO  [cache] stats hit_ratio=0.94 keys=20392 evictions/s=161
2026-03-14T13:52:24.323Z WARN  [cache] eviction rate high (472/s) - consider raising maxmemory
2026-03-14T13:52:26.756Z INFO  [auth] req=req-d332a6 token ok user=u-1460
2026-03-14T13:52:26.773Z INFO  [gateway] req=req-d332a6 GET /api/cart -> 200 (36ms) user=u-1460
2026-03-14T13:52:31.589Z INFO  [auth] req=req-81b5b8 token ok user=u-4543
2026-03-14T13:52:31.597Z INFO  [orders] req=req-81b5b8 cart validated items=3 total=EUR 77.80
2026-03-14T13:52:31.605Z INFO  [inventory] req=req-81b5b8 reserved 3 items hold=h-4c21b
2026-03-14T13:52:31.612Z INFO  [payments] req=req-81b5b8 authorising EUR 77.80 with psp
2026-03-14T13:52:31.865Z INFO  [payments] req=req-81b5b8 psp authorised ref=psp_b4b3fa4f
2026-03-14T13:52:31.867Z INFO  [payments] req=req-81b5b8 posting to ledger txn=lt-530c5 (attempt 1/2)
2026-03-14T13:52:31.906Z INFO  [ledger] txn=lt-530c5 posted 2 entries (38ms)
2026-03-14T13:52:31.908Z INFO  [payments] req=req-81b5b8 charge captured txn=lt-530c5
2026-03-14T13:52:31.912Z INFO  [orders] req=req-81b5b8 order o-430b74 confirmed
2026-03-14T13:52:31.915Z INFO  [gateway] req=req-81b5b8 POST /api/checkout -> 201 (327ms) user=u-4543
2026-03-14T13:52:37.300Z INFO  [ledger-db] pool stats in_use=3 idle=5 max=40 waiters=0
2026-03-14T13:52:39.720Z INFO  [auth] req=req-1706c4 token ok user=u-5847
2026-03-14T13:52:39.725Z INFO  [inventory] req=req-1706c4 availability SKU-0901: 294 in stock
2026-03-14T13:52:39.728Z INFO  [gateway] req=req-1706c4 GET /api/products/SKU-0901/availability -> 200 (9ms) user=u-5847
2026-03-14T13:52:41.040Z INFO  [auth] req=req-2e98d8 token ok user=u-5424
2026-03-14T13:52:41.048Z INFO  [orders] req=req-2e98d8 cart validated items=3 total=EUR 310.77
2026-03-14T13:52:41.056Z INFO  [inventory] req=req-2e98d8 reserved 3 items hold=h-2572f
2026-03-14T13:52:41.063Z INFO  [payments] req=req-2e98d8 authorising EUR 310.77 with psp
2026-03-14T13:52:41.192Z INFO  [payments] req=req-2e98d8 psp authorised ref=psp_d6e8a6fb
2026-03-14T13:52:41.194Z INFO  [payments] req=req-2e98d8 posting to ledger txn=lt-b8952 (attempt 1/2)
2026-03-14T13:52:41.248Z INFO  [ledger] txn=lt-b8952 posted 2 entries (54ms)
2026-03-14T13:52:41.250Z INFO  [payments] req=req-2e98d8 charge captured txn=lt-b8952
2026-03-14T13:52:41.254Z INFO  [orders] req=req-2e98d8 order o-30ec6f confirmed
2026-03-14T13:52:41.257Z INFO  [gateway] req=req-2e98d8 POST /api/checkout -> 201 (218ms) user=u-5424
2026-03-14T13:52:42.533Z INFO  [auth] req=req-0db2d5 token ok user=u-3137
2026-03-14T13:52:42.568Z INFO  [gateway] req=req-0db2d5 GET /api/cart -> 200 (32ms) user=u-3137
2026-03-14T13:52:42.822Z INFO  [auth] req=req-554f0e token ok user=u-1632
2026-03-14T13:52:42.827Z INFO  [inventory] req=req-554f0e availability SKU-0077: 306 in stock
2026-03-14T13:52:42.830Z INFO  [gateway] req=req-554f0e GET /api/products/SKU-0077/availability -> 200 (9ms) user=u-1632
2026-03-14T13:52:46.219Z INFO  [gateway] req=req-c22a55 GET /api/products/SKU-0404 -> 200 (14ms)
2026-03-14T13:52:47.849Z INFO  [auth] req=req-ba17f5 token ok user=u-3285
2026-03-14T13:52:47.863Z INFO  [gateway] req=req-ba17f5 GET /api/orders/o-e5acb7 -> 200 (15ms) user=u-3285
2026-03-14T13:52:49.080Z INFO  [gateway] req=req-c3b067 GET /api/products/SKU-0077 -> 200 (7ms)
2026-03-14T13:52:52.937Z INFO  [auth] req=req-e2dab9 login ok user=u-3555 session=s-0fb68ea0
2026-03-14T13:52:52.941Z INFO  [gateway] req=req-e2dab9 POST /api/login -> 200 (34ms) user=u-3555
2026-03-14T13:52:57.977Z INFO  [auth] req=req-92908f login ok user=u-7809 session=s-77fac8c1
2026-03-14T13:52:57.981Z INFO  [gateway] req=req-92908f POST /api/login -> 200 (34ms) user=u-7809
2026-03-14T13:52:58.654Z INFO  [gateway] req=req-9aaa22 GET /api/products/SKU-1203 -> 200 (30ms)
2026-03-14T13:53:05.004Z DEBUG [gateway] health auth ok (6ms)
2026-03-14T13:53:05.008Z DEBUG [gateway] health ledger ok (3ms)
2026-03-14T13:53:05.018Z DEBUG [gateway] health orders ok (5ms)
2026-03-14T13:53:05.027Z DEBUG [gateway] health payments ok (8ms)
2026-03-14T13:53:05.033Z DEBUG [gateway] health inventory ok (2ms)
2026-03-14T13:53:07.300Z INFO  [ledger-db] pool stats in_use=3 idle=5 max=40 waiters=0
2026-03-14T13:53:08.400Z INFO  [payments] psp latency back to normal: p99=620ms
2026-03-14T13:53:08.446Z INFO  [gateway] req=req-ce07e9 GET /api/products/SKU-0318 -> 200 (10ms)
2026-03-14T13:53:08.885Z INFO  [gateway] req=req-89b7ad GET /api/products/SKU-0512 -> 200 (30ms)
2026-03-14T13:53:13.596Z INFO  [gateway] req=req-d9fdd4 GET /api/products/SKU-0230 -> 200 (8ms)
2026-03-14T13:53:18.251Z INFO  [auth] req=req-85c0f8 token ok user=u-3789
2026-03-14T13:53:18.271Z INFO  [gateway] req=req-85c0f8 GET /api/cart -> 200 (38ms) user=u-3789
2026-03-14T13:53:19.129Z INFO  [auth] req=req-13e934 token ok user=u-9745
2026-03-14T13:53:19.137Z INFO  [orders] req=req-13e934 cart validated items=2 total=EUR 148.12
2026-03-14T13:53:19.145Z INFO  [inventory] req=req-13e934 reserved 2 items hold=h-7e75c
2026-03-14T13:53:19.152Z INFO  [payments] req=req-13e934 authorising EUR 148.12 with psp
2026-03-14T13:53:19.409Z INFO  [payments] req=req-13e934 psp authorised ref=psp_4a6597c7
2026-03-14T13:53:19.411Z INFO  [payments] req=req-13e934 posting to ledger txn=lt-2ca11 (attempt 1/2)
2026-03-14T13:53:19.454Z INFO  [ledger] txn=lt-2ca11 posted 2 entries (41ms)
2026-03-14T13:53:19.456Z INFO  [payments] req=req-13e934 charge captured txn=lt-2ca11
2026-03-14T13:53:19.460Z INFO  [orders] req=req-13e934 order o-ea1bbe confirmed
2026-03-14T13:53:19.463Z INFO  [gateway] req=req-13e934 POST /api/checkout -> 201 (335ms) user=u-9745
2026-03-14T13:53:21.958Z INFO  [auth] req=req-a15d6f token ok user=u-5876
2026-03-14T13:53:21.966Z INFO  [orders] req=req-a15d6f cart validated items=3 total=EUR 189.92
2026-03-14T13:53:21.974Z INFO  [inventory] req=req-a15d6f reserved 3 items hold=h-e315b
2026-03-14T13:53:21.981Z INFO  [payments] req=req-a15d6f authorising EUR 189.92 with psp
2026-03-14T13:53:22.083Z INFO  [payments] req=req-a15d6f psp authorised ref=psp_6935147e
2026-03-14T13:53:22.085Z INFO  [payments] req=req-a15d6f posting to ledger txn=lt-0d0c1 (attempt 1/2)
2026-03-14T13:53:22.137Z INFO  [ledger] txn=lt-0d0c1 posted 2 entries (51ms)
2026-03-14T13:53:22.139Z INFO  [payments] req=req-a15d6f charge captured txn=lt-0d0c1
2026-03-14T13:53:22.143Z INFO  [orders] req=req-a15d6f order o-eef0df confirmed
2026-03-14T13:53:22.146Z INFO  [gateway] req=req-a15d6f POST /api/checkout -> 201 (189ms) user=u-5876
2026-03-14T13:53:23.792Z INFO  [cache] stats hit_ratio=0.93 keys=19472 evictions/s=246
2026-03-14T13:53:29.696Z INFO  [auth] req=req-6d75c9 token ok user=u-6511
2026-03-14T13:53:29.704Z INFO  [orders] req=req-6d75c9 cart validated items=5 total=EUR 354.33
2026-03-14T13:53:29.712Z INFO  [inventory] req=req-6d75c9 reserved 5 items hold=h-c7d91
2026-03-14T13:53:29.719Z INFO  [payments] req=req-6d75c9 authorising EUR 354.33 with psp
2026-03-14T13:53:29.858Z INFO  [payments] req=req-6d75c9 psp authorised ref=psp_3f68526e
2026-03-14T13:53:29.860Z INFO  [payments] req=req-6d75c9 posting to ledger txn=lt-fbe60 (attempt 1/2)
2026-03-14T13:53:29.947Z INFO  [ledger] txn=lt-fbe60 posted 2 entries (87ms)
2026-03-14T13:53:29.949Z INFO  [payments] req=req-6d75c9 charge captured txn=lt-fbe60
2026-03-14T13:53:29.953Z INFO  [orders] req=req-6d75c9 order o-d51611 confirmed
2026-03-14T13:53:29.956Z INFO  [gateway] req=req-6d75c9 POST /api/checkout -> 201 (261ms) user=u-6511
2026-03-14T13:53:34.639Z INFO  [gateway] req=req-087d27 GET /api/products/SKU-0512 -> 200 (19ms)
2026-03-14T13:53:35.444Z INFO  [auth] req=req-e1fb36 token ok user=u-9520
2026-03-14T13:53:35.468Z INFO  [gateway] req=req-e1fb36 GET /api/cart -> 200 (18ms) user=u-9520
2026-03-14T13:53:36.402Z INFO  [auth] req=req-4cfb17 token ok user=u-8295
2026-03-14T13:53:36.410Z INFO  [orders] req=req-4cfb17 cart validated items=5 total=EUR 339.17
2026-03-14T13:53:36.418Z INFO  [inventory] req=req-4cfb17 reserved 5 items hold=h-50a4b
2026-03-14T13:53:36.425Z INFO  [payments] req=req-4cfb17 authorising EUR 339.17 with psp
2026-03-14T13:53:36.679Z INFO  [payments] req=req-4cfb17 psp authorised ref=psp_a39583fc
2026-03-14T13:53:36.681Z INFO  [payments] req=req-4cfb17 posting to ledger txn=lt-8e165 (attempt 1/2)
2026-03-14T13:53:36.684Z DEBUG [ledger-db] acquire txn=lt-8e165 waited=3ms in_use=4/40
2026-03-14T13:53:36.806Z INFO  [ledger] txn=lt-8e165 posted 2 entries (122ms)
2026-03-14T13:53:36.808Z INFO  [payments] req=req-4cfb17 charge captured txn=lt-8e165
2026-03-14T13:53:36.812Z INFO  [orders] req=req-4cfb17 order o-6dde5c confirmed
2026-03-14T13:53:36.815Z INFO  [gateway] req=req-4cfb17 POST /api/checkout -> 201 (414ms) user=u-8295
2026-03-14T13:53:37.300Z INFO  [ledger-db] pool stats in_use=0 idle=8 max=40 waiters=0
2026-03-14T13:53:41.664Z INFO  [auth] req=req-d82124 token ok user=u-8636
2026-03-14T13:53:41.672Z INFO  [orders] req=req-d82124 cart validated items=6 total=EUR 158.81
2026-03-14T13:53:41.680Z INFO  [inventory] req=req-d82124 reserved 6 items hold=h-27b27
2026-03-14T13:53:41.687Z INFO  [payments] req=req-d82124 authorising EUR 158.81 with psp
2026-03-14T13:53:41.841Z INFO  [payments] req=req-d82124 psp authorised ref=psp_dd83d3c2
2026-03-14T13:53:41.843Z INFO  [payments] req=req-d82124 posting to ledger txn=lt-44446 (attempt 1/2)
2026-03-14T13:53:41.978Z INFO  [ledger] txn=lt-44446 posted 2 entries (135ms)
2026-03-14T13:53:41.980Z INFO  [payments] req=req-d82124 charge captured txn=lt-44446
2026-03-14T13:53:41.984Z INFO  [orders] req=req-d82124 order o-4b7a22 confirmed
2026-03-14T13:53:41.987Z INFO  [gateway] req=req-d82124 POST /api/checkout -> 201 (324ms) user=u-8636
2026-03-14T13:53:42.424Z INFO  [auth] req=req-527baf token ok user=u-2866
2026-03-14T13:53:42.438Z INFO  [gateway] req=req-527baf GET /api/orders/o-ccca59 -> 200 (15ms) user=u-2866
2026-03-14T13:53:43.233Z INFO  [auth] req=req-360248 token ok user=u-5255
2026-03-14T13:53:43.241Z INFO  [orders] req=req-360248 cart validated items=3 total=EUR 79.01
2026-03-14T13:53:43.249Z INFO  [inventory] req=req-360248 reserved 3 items hold=h-f3207
2026-03-14T13:53:43.256Z INFO  [payments] req=req-360248 authorising EUR 79.01 with psp
2026-03-14T13:53:43.369Z INFO  [auth] req=req-6e36f1 token ok user=u-9760
2026-03-14T13:53:43.380Z INFO  [gateway] req=req-6e36f1 GET /api/cart -> 200 (20ms) user=u-9760
2026-03-14T13:53:43.463Z INFO  [payments] req=req-360248 psp authorised ref=psp_b132ffbf
2026-03-14T13:53:43.465Z INFO  [payments] req=req-360248 posting to ledger txn=lt-02668 (attempt 1/2)
2026-03-14T13:53:43.528Z INFO  [ledger] txn=lt-02668 posted 2 entries (61ms)
2026-03-14T13:53:43.530Z INFO  [payments] req=req-360248 charge captured txn=lt-02668
2026-03-14T13:53:43.534Z INFO  [orders] req=req-360248 order o-6ec479 confirmed
2026-03-14T13:53:43.537Z INFO  [gateway] req=req-360248 POST /api/checkout -> 201 (305ms) user=u-5255
2026-03-14T13:53:46.680Z INFO  [auth] req=req-922d15 token ok user=u-5854
2026-03-14T13:53:46.688Z INFO  [orders] req=req-922d15 cart validated items=4 total=EUR 226.50
2026-03-14T13:53:46.696Z INFO  [inventory] req=req-922d15 reserved 4 items hold=h-462a6
2026-03-14T13:53:46.703Z INFO  [payments] req=req-922d15 authorising EUR 226.50 with psp
2026-03-14T13:53:46.852Z INFO  [payments] req=req-922d15 psp authorised ref=psp_3e6ca788
2026-03-14T13:53:46.854Z INFO  [payments] req=req-922d15 posting to ledger txn=lt-81246 (attempt 1/2)
2026-03-14T13:53:46.989Z INFO  [ledger] txn=lt-81246 posted 2 entries (132ms)
2026-03-14T13:53:46.991Z INFO  [payments] req=req-922d15 charge captured txn=lt-81246
2026-03-14T13:53:46.995Z INFO  [orders] req=req-922d15 order o-0616db confirmed
2026-03-14T13:53:46.998Z INFO  [gateway] req=req-922d15 POST /api/checkout -> 201 (319ms) user=u-5854
2026-03-14T13:53:51.495Z INFO  [auth] req=req-38e5c0 token ok user=u-8687
2026-03-14T13:53:51.503Z INFO  [orders] req=req-38e5c0 cart validated items=3 total=EUR 329.09
2026-03-14T13:53:51.511Z INFO  [inventory] req=req-38e5c0 reserved 3 items hold=h-84693
2026-03-14T13:53:51.518Z INFO  [payments] req=req-38e5c0 authorising EUR 329.09 with psp
2026-03-14T13:53:51.633Z INFO  [payments] req=req-38e5c0 psp authorised ref=psp_8cb274b0
2026-03-14T13:53:51.635Z INFO  [payments] req=req-38e5c0 posting to ledger txn=lt-0dddb (attempt 1/2)
2026-03-14T13:53:51.733Z INFO  [ledger] txn=lt-0dddb posted 2 entries (94ms)
2026-03-14T13:53:51.735Z INFO  [payments] req=req-38e5c0 charge captured txn=lt-0dddb
2026-03-14T13:53:51.739Z INFO  [orders] req=req-38e5c0 order o-971dc9 confirmed
2026-03-14T13:53:51.742Z INFO  [gateway] req=req-38e5c0 POST /api/checkout -> 201 (248ms) user=u-8687
2026-03-14T13:53:53.133Z INFO  [auth] req=req-1d6d56 token ok user=u-3093
2026-03-14T13:53:53.147Z INFO  [gateway] req=req-1d6d56 GET /api/orders/o-a3e5c0 -> 200 (15ms) user=u-3093
2026-03-14T13:53:53.930Z INFO  [auth] req=req-329437 token ok user=u-5697
2026-03-14T13:53:53.966Z INFO  [gateway] req=req-329437 GET /api/cart -> 200 (37ms) user=u-5697
2026-03-14T13:53:57.359Z INFO  [auth] req=req-6bf5ec token ok user=u-9276
2026-03-14T13:53:57.383Z INFO  [gateway] req=req-6bf5ec GET /api/cart -> 200 (19ms) user=u-9276
2026-03-14T13:53:59.415Z INFO  [auth] req=req-4799ed token ok user=u-5772
2026-03-14T13:53:59.429Z INFO  [gateway] req=req-4799ed GET /api/orders/o-e8bbfd -> 200 (15ms) user=u-5772
2026-03-14T13:54:02.745Z INFO  [gateway] req=req-e31efc GET /api/products/SKU-0077 -> 200 (7ms)
2026-03-14T13:54:05.002Z DEBUG [gateway] health ledger ok (1ms)
2026-03-14T13:54:05.011Z DEBUG [gateway] health auth ok (8ms)
2026-03-14T13:54:05.017Z DEBUG [gateway] health orders ok (7ms)
2026-03-14T13:54:05.028Z DEBUG [gateway] health inventory ok (5ms)
2026-03-14T13:54:05.032Z DEBUG [gateway] health payments ok (4ms)
2026-03-14T13:54:05.417Z INFO  [auth] req=req-db52a6 login ok user=u-2530 session=s-c1d73a23
2026-03-14T13:54:05.421Z INFO  [gateway] req=req-db52a6 POST /api/login -> 200 (34ms) user=u-2530
2026-03-14T13:54:07.300Z INFO  [ledger-db] pool stats in_use=2 idle=6 max=40 waiters=0
2026-03-14T13:54:16.155Z INFO  [auth] req=req-751032 token ok user=u-9874
2026-03-14T13:54:16.163Z INFO  [orders] req=req-751032 cart validated items=6 total=EUR 187.86
2026-03-14T13:54:16.171Z INFO  [inventory] req=req-751032 reserved 6 items hold=h-5ab36
2026-03-14T13:54:16.178Z INFO  [payments] req=req-751032 authorising EUR 187.86 with psp
2026-03-14T13:54:16.305Z INFO  [payments] req=req-751032 psp authorised ref=psp_6d9e3e99
2026-03-14T13:54:16.307Z INFO  [payments] req=req-751032 posting to ledger txn=lt-9c4e0 (attempt 1/2)
2026-03-14T13:54:16.394Z INFO  [ledger] txn=lt-9c4e0 posted 2 entries (85ms)
2026-03-14T13:54:16.396Z INFO  [payments] req=req-751032 charge captured txn=lt-9c4e0
2026-03-14T13:54:16.400Z INFO  [orders] req=req-751032 order o-b39874 confirmed
2026-03-14T13:54:16.403Z INFO  [gateway] req=req-751032 POST /api/checkout -> 201 (249ms) user=u-9874
2026-03-14T13:54:17.150Z INFO  [auth] req=req-78c9c2 token ok user=u-9760
2026-03-14T13:54:17.159Z INFO  [gateway] req=req-78c9c2 GET /api/cart -> 200 (37ms) user=u-9760
2026-03-14T13:54:24.763Z INFO  [auth] req=req-afb90d token ok user=u-7816
2026-03-14T13:54:24.771Z INFO  [orders] req=req-afb90d cart validated items=2 total=EUR 218.25
2026-03-14T13:54:24.779Z INFO  [inventory] req=req-afb90d reserved 2 items hold=h-6db0a
2026-03-14T13:54:24.786Z INFO  [payments] req=req-afb90d authorising EUR 218.25 with psp
2026-03-14T13:54:24.963Z INFO  [payments] req=req-afb90d psp authorised ref=psp_51e68341
2026-03-14T13:54:24.965Z INFO  [payments] req=req-afb90d posting to ledger txn=lt-6de56 (attempt 1/2)
2026-03-14T13:54:24.968Z DEBUG [ledger-db] acquire txn=lt-6de56 waited=3ms in_use=2/40
2026-03-14T13:54:25.084Z INFO  [ledger] txn=lt-6de56 posted 2 entries (116ms)
2026-03-14T13:54:25.086Z INFO  [payments] req=req-afb90d charge captured txn=lt-6de56
2026-03-14T13:54:25.090Z INFO  [orders] req=req-afb90d order o-91f1f0 confirmed
2026-03-14T13:54:25.093Z INFO  [gateway] req=req-afb90d POST /api/checkout -> 201 (331ms) user=u-7816
2026-03-14T13:54:26.229Z INFO  [auth] req=req-24f307 token ok user=u-8490
2026-03-14T13:54:26.237Z INFO  [orders] req=req-24f307 cart validated items=4 total=EUR 303.75
2026-03-14T13:54:26.245Z INFO  [inventory] req=req-24f307 reserved 4 items hold=h-0f6d4
2026-03-14T13:54:26.252Z INFO  [payments] req=req-24f307 authorising EUR 303.75 with psp
2026-03-14T13:54:26.372Z INFO  [payments] req=req-24f307 psp authorised ref=psp_d64943a6
2026-03-14T13:54:26.374Z INFO  [payments] req=req-24f307 posting to ledger txn=lt-c3fd2 (attempt 1/2)
2026-03-14T13:54:26.435Z INFO  [ledger] txn=lt-c3fd2 posted 2 entries (61ms)
2026-03-14T13:54:26.437Z INFO  [payments] req=req-24f307 charge captured txn=lt-c3fd2
2026-03-14T13:54:26.441Z INFO  [orders] req=req-24f307 order o-f933a9 confirmed
2026-03-14T13:54:26.444Z INFO  [gateway] req=req-24f307 POST /api/checkout -> 201 (216ms) user=u-8490
2026-03-14T13:54:27.307Z INFO  [auth] req=req-9adaf4 token ok user=u-9318
2026-03-14T13:54:27.315Z INFO  [orders] req=req-9adaf4 cart validated items=3 total=EUR 191.88
2026-03-14T13:54:27.323Z INFO  [inventory] req=req-9adaf4 reserved 3 items hold=h-21e04
2026-03-14T13:54:27.330Z INFO  [payments] req=req-9adaf4 authorising EUR 191.88 with psp
2026-03-14T13:54:27.491Z INFO  [payments] req=req-9adaf4 psp authorised ref=psp_f6970769
2026-03-14T13:54:27.493Z INFO  [payments] req=req-9adaf4 posting to ledger txn=lt-7dea2 (attempt 1/2)
2026-03-14T13:54:27.577Z INFO  [ledger] txn=lt-7dea2 posted 2 entries (84ms)
2026-03-14T13:54:27.579Z INFO  [payments] req=req-9adaf4 charge captured txn=lt-7dea2
2026-03-14T13:54:27.583Z INFO  [orders] req=req-9adaf4 order o-8bb2a5 confirmed
2026-03-14T13:54:27.586Z INFO  [gateway] req=req-9adaf4 POST /api/checkout -> 201 (280ms) user=u-9318
2026-03-14T13:54:28.111Z INFO  [auth] req=req-cb2b95 token ok user=u-1140
2026-03-14T13:54:28.119Z INFO  [orders] req=req-cb2b95 cart validated items=6 total=EUR 169.09
2026-03-14T13:54:28.127Z INFO  [inventory] req=req-cb2b95 reserved 6 items hold=h-1d94d
2026-03-14T13:54:28.134Z INFO  [payments] req=req-cb2b95 authorising EUR 169.09 with psp
2026-03-14T13:54:28.244Z INFO  [payments] req=req-cb2b95 psp authorised ref=psp_1bd11892
2026-03-14T13:54:28.246Z INFO  [payments] req=req-cb2b95 posting to ledger txn=lt-d29fd (attempt 1/2)
2026-03-14T13:54:28.246Z DEBUG [ledger-db] acquire txn=lt-d29fd waited=0ms in_use=4/40
2026-03-14T13:54:28.340Z INFO  [ledger] txn=lt-d29fd posted 2 entries (94ms)
2026-03-14T13:54:28.342Z INFO  [payments] req=req-cb2b95 charge captured txn=lt-d29fd
2026-03-14T13:54:28.346Z INFO  [orders] req=req-cb2b95 order o-a530dc confirmed
2026-03-14T13:54:28.349Z INFO  [gateway] req=req-cb2b95 POST /api/checkout -> 201 (239ms) user=u-1140
2026-03-14T13:54:30.860Z INFO  [cache] stats hit_ratio=0.92 keys=20775 evictions/s=349
2026-03-14T13:54:30.863Z WARN  [cache] eviction rate high (334/s) - consider raising maxmemory
2026-03-14T13:54:36.631Z INFO  [auth] req=req-953b7a token ok user=u-9957
2026-03-14T13:54:36.636Z INFO  [inventory] req=req-953b7a availability SKU-0105: 200 in stock
2026-03-14T13:54:36.639Z INFO  [gateway] req=req-953b7a GET /api/products/SKU-0105/availability -> 200 (9ms) user=u-9957
2026-03-14T13:54:37.270Z INFO  [auth] req=req-c2edee token ok user=u-4434
2026-03-14T13:54:37.275Z INFO  [inventory] req=req-c2edee availability SKU-0077: 182 in stock
2026-03-14T13:54:37.278Z INFO  [gateway] req=req-c2edee GET /api/products/SKU-0077/availability -> 200 (9ms) user=u-4434
2026-03-14T13:54:37.300Z INFO  [ledger-db] pool stats in_use=0 idle=8 max=40 waiters=0
2026-03-14T13:54:43.685Z INFO  [gateway] req=req-b6a87b GET /api/products/SKU-0777 -> 200 (12ms)
2026-03-14T13:54:47.732Z INFO  [gateway] req=req-129874 GET /api/products/SKU-0012 -> 200 (12ms)
2026-03-14T13:54:54.283Z INFO  [auth] req=req-2ac98c token ok user=u-7424
2026-03-14T13:54:54.288Z INFO  [inventory] req=req-2ac98c availability SKU-0105: 159 in stock
2026-03-14T13:54:54.291Z INFO  [gateway] req=req-2ac98c GET /api/products/SKU-0105/availability -> 200 (9ms) user=u-7424
2026-03-14T13:54:56.750Z INFO  [auth] req=req-0aa9a9 login ok user=u-5246 session=s-80d81794
2026-03-14T13:54:56.754Z INFO  [gateway] req=req-0aa9a9 POST /api/login -> 200 (34ms) user=u-5246
2026-03-14T13:54:58.443Z INFO  [gateway] req=req-e9b7b2 GET /api/products/SKU-0318 -> 200 (16ms)
2026-03-14T13:54:59.669Z INFO  [auth] req=req-03fc88 token ok user=u-5279
2026-03-14T13:54:59.677Z INFO  [orders] req=req-03fc88 cart validated items=1 total=EUR 32.85
2026-03-14T13:54:59.685Z INFO  [inventory] req=req-03fc88 reserved 1 items hold=h-219dc
2026-03-14T13:54:59.692Z INFO  [payments] req=req-03fc88 authorising EUR 32.85 with psp
2026-03-14T13:54:59.918Z INFO  [payments] req=req-03fc88 psp authorised ref=psp_63efcb36
2026-03-14T13:54:59.920Z INFO  [payments] req=req-03fc88 posting to ledger txn=lt-3663a (attempt 1/2)
2026-03-14T13:55:00.027Z INFO  [ledger] txn=lt-3663a posted 2 entries (106ms)
2026-03-14T13:55:00.029Z INFO  [payments] req=req-03fc88 charge captured txn=lt-3663a
2026-03-14T13:55:00.033Z INFO  [orders] req=req-03fc88 order o-9d19fa confirmed
2026-03-14T13:55:00.036Z INFO  [gateway] req=req-03fc88 POST /api/checkout -> 201 (368ms) user=u-5279
2026-03-14T13:55:00.388Z INFO  [auth] req=req-b411b7 token ok user=u-8451
2026-03-14T13:55:00.398Z INFO  [gateway] req=req-b411b7 GET /api/cart -> 200 (16ms) user=u-8451
2026-03-14T13:55:01.773Z INFO  [auth] req=req-82c289 token ok user=u-9719
2026-03-14T13:55:01.781Z INFO  [orders] req=req-82c289 cart validated items=1 total=EUR 367.93
2026-03-14T13:55:01.789Z INFO  [inventory] req=req-82c289 reserved 1 items hold=h-16dc4
2026-03-14T13:55:01.796Z INFO  [payments] req=req-82c289 authorising EUR 367.93 with psp
2026-03-14T13:55:02.018Z INFO  [payments] req=req-82c289 psp authorised ref=psp_c36b2cd3
2026-03-14T13:55:02.020Z INFO  [payments] req=req-82c289 posting to ledger txn=lt-92eb4 (attempt 1/2)
2026-03-14T13:55:02.024Z DEBUG [ledger-db] acquire txn=lt-92eb4 waited=4ms in_use=4/40
2026-03-14T13:55:02.130Z INFO  [ledger] txn=lt-92eb4 posted 2 entries (106ms)
2026-03-14T13:55:02.132Z INFO  [payments] req=req-82c289 charge captured txn=lt-92eb4
2026-03-14T13:55:02.136Z INFO  [orders] req=req-82c289 order o-b5ec7b confirmed
2026-03-14T13:55:02.139Z INFO  [gateway] req=req-82c289 POST /api/checkout -> 201 (367ms) user=u-9719
2026-03-14T13:55:05.025Z DEBUG [gateway] health payments ok (2ms)
2026-03-14T13:55:05.028Z DEBUG [gateway] health inventory ok (4ms)
2026-03-14T13:55:05.029Z DEBUG [gateway] health auth ok (1ms)
2026-03-14T13:55:05.037Z DEBUG [gateway] health orders ok (8ms)
2026-03-14T13:55:05.037Z DEBUG [gateway] health ledger ok (3ms)
2026-03-14T13:55:07.300Z INFO  [ledger-db] pool stats in_use=3 idle=5 max=40 waiters=0
2026-03-14T13:55:08.966Z INFO  [auth] req=req-e35605 token ok user=u-2192
2026-03-14T13:55:08.974Z INFO  [orders] req=req-e35605 cart validated items=6 total=EUR 95.73
2026-03-14T13:55:08.982Z INFO  [inventory] req=req-e35605 reserved 6 items hold=h-0f23a
2026-03-14T13:55:08.989Z INFO  [payments] req=req-e35605 authorising EUR 95.73 with psp
2026-03-14T13:55:09.185Z INFO  [payments] req=req-e35605 psp authorised ref=psp_08c3c950
2026-03-14T13:55:09.187Z INFO  [payments] req=req-e35605 posting to ledger txn=lt-201e3 (attempt 1/2)
2026-03-14T13:55:09.284Z INFO  [ledger] txn=lt-201e3 posted 2 entries (97ms)
2026-03-14T13:55:09.286Z INFO  [payments] req=req-e35605 charge captured txn=lt-201e3
2026-03-14T13:55:09.290Z INFO  [orders] req=req-e35605 order o-e64f09 confirmed
2026-03-14T13:55:09.293Z INFO  [gateway] req=req-e35605 POST /api/checkout -> 201 (328ms) user=u-2192
2026-03-14T13:55:14.088Z INFO  [gateway] req=req-4d395a GET /api/products/SKU-0512 -> 200 (30ms)
2026-03-14T13:55:18.555Z INFO  [auth] req=req-00f3ef token ok user=u-5255
2026-03-14T13:55:18.590Z INFO  [gateway] req=req-00f3ef GET /api/cart -> 200 (22ms) user=u-5255
2026-03-14T13:55:20.977Z INFO  [gateway] req=req-ac239a GET /api/products/SKU-0318 -> 200 (5ms)
2026-03-14T13:55:25.874Z INFO  [auth] req=req-0b3b13 token ok user=u-9737
2026-03-14T13:55:25.911Z INFO  [gateway] req=req-0b3b13 GET /api/cart -> 200 (24ms) user=u-9737
2026-03-14T13:55:31.552Z INFO  [auth] req=req-d3097f token ok user=u-9456
2026-03-14T13:55:31.557Z INFO  [inventory] req=req-d3097f availability SKU-0230: 25 in stock
2026-03-14T13:55:31.560Z INFO  [gateway] req=req-d3097f GET /api/products/SKU-0230/availability -> 200 (9ms) user=u-9456
2026-03-14T13:55:34.369Z INFO  [auth] req=req-d47dea token ok user=u-2653
2026-03-14T13:55:34.377Z INFO  [orders] req=req-d47dea cart validated items=3 total=EUR 20.65
2026-03-14T13:55:34.385Z INFO  [inventory] req=req-d47dea reserved 3 items hold=h-db8cd
2026-03-14T13:55:34.392Z INFO  [payments] req=req-d47dea authorising EUR 20.65 with psp
2026-03-14T13:55:34.593Z INFO  [payments] req=req-d47dea psp authorised ref=psp_54fd1c0e
2026-03-14T13:55:34.595Z INFO  [payments] req=req-d47dea posting to ledger txn=lt-76670 (attempt 1/2)
2026-03-14T13:55:34.711Z INFO  [ledger] txn=lt-76670 posted 2 entries (114ms)
2026-03-14T13:55:34.713Z INFO  [payments] req=req-d47dea charge captured txn=lt-76670
2026-03-14T13:55:34.717Z INFO  [orders] req=req-d47dea order o-25e706 confirmed
2026-03-14T13:55:34.720Z INFO  [gateway] req=req-d47dea POST /api/checkout -> 201 (352ms) user=u-2653
2026-03-14T13:55:37.300Z INFO  [ledger-db] pool stats in_use=3 idle=5 max=40 waiters=0
2026-03-14T13:55:37.532Z INFO  [gateway] req=req-bcf284 GET /api/products/SKU-0512 -> 200 (4ms)
2026-03-14T13:55:41.000Z INFO  [scheduler] job=purge-expired-sessions started
2026-03-14T13:55:41.373Z INFO  [scheduler] job=purge-expired-sessions finished removed=142
2026-03-14T13:55:41.402Z INFO  [auth] req=req-cb105c token ok user=u-5416
2026-03-14T13:55:41.413Z INFO  [gateway] req=req-cb105c GET /api/cart -> 200 (40ms) user=u-5416
2026-03-14T13:55:41.509Z WARN  [auth] req=req-3f9891 token expired user=u-3093
2026-03-14T13:55:41.510Z INFO  [gateway] req=req-3f9891 POST /api/checkout -> 401 (2ms)
2026-03-14T13:55:42.436Z INFO  [cache] stats hit_ratio=0.91 keys=20505 evictions/s=243
2026-03-14T13:55:45.473Z INFO  [gateway] req=req-0a2f55 GET /api/products/SKU-0901 -> 200 (22ms)
2026-03-14T13:55:47.939Z INFO  [gateway] req=req-1176f3 GET /api/products/SKU-0230 -> 200 (15ms)
2026-03-14T13:55:52.012Z INFO  [auth] req=req-5a42b4 token ok user=u-9719
2026-03-14T13:55:52.040Z INFO  [gateway] req=req-5a42b4 GET /api/cart -> 200 (28ms) user=u-9719
2026-03-14T13:55:59.802Z INFO  [auth] req=req-7e99fd token ok user=u-3417
2026-03-14T13:55:59.812Z INFO  [gateway] req=req-7e99fd GET /api/cart -> 200 (18ms) user=u-3417
2026-03-14T13:56:01.981Z INFO  [auth] req=req-2702fb token ok user=u-8763
2026-03-14T13:56:01.995Z INFO  [gateway] req=req-2702fb GET /api/orders/o-46894a -> 200 (15ms) user=u-8763
2026-03-14T13:56:04.491Z INFO  [auth] req=req-8af3a5 token ok user=u-9427
2026-03-14T13:56:04.499Z INFO  [orders] req=req-8af3a5 cart validated items=2 total=EUR 18.59
2026-03-14T13:56:04.507Z INFO  [inventory] req=req-8af3a5 reserved 2 items hold=h-edddd
2026-03-14T13:56:04.514Z INFO  [payments] req=req-8af3a5 authorising EUR 18.59 with psp
2026-03-14T13:56:04.639Z INFO  [payments] req=req-8af3a5 psp authorised ref=psp_c6b85c21
2026-03-14T13:56:04.641Z INFO  [payments] req=req-8af3a5 posting to ledger txn=lt-9d1fd (attempt 1/2)
2026-03-14T13:56:04.641Z DEBUG [ledger-db] acquire txn=lt-9d1fd waited=0ms in_use=5/40
2026-03-14T13:56:04.722Z INFO  [ledger] txn=lt-9d1fd posted 2 entries (81ms)
2026-03-14T13:56:04.724Z INFO  [payments] req=req-8af3a5 charge captured txn=lt-9d1fd
2026-03-14T13:56:04.728Z INFO  [orders] req=req-8af3a5 order o-b18aa6 confirmed
2026-03-14T13:56:04.731Z INFO  [gateway] req=req-8af3a5 POST /api/checkout -> 201 (241ms) user=u-9427
2026-03-14T13:56:05.003Z DEBUG [gateway] health auth ok (4ms)
2026-03-14T13:56:05.010Z DEBUG [gateway] health payments ok (3ms)
2026-03-14T13:56:05.016Z DEBUG [gateway] health inventory ok (5ms)
2026-03-14T13:56:05.019Z DEBUG [gateway] health ledger ok (9ms)
2026-03-14T13:56:05.023Z DEBUG [gateway] health orders ok (9ms)
2026-03-14T13:56:07.140Z INFO  [auth] req=req-d1cc8d token ok user=u-4911
2026-03-14T13:56:07.148Z INFO  [orders] req=req-d1cc8d cart validated items=4 total=EUR 371.25
2026-03-14T13:56:07.156Z INFO  [inventory] req=req-d1cc8d reserved 4 items hold=h-35a07
2026-03-14T13:56:07.163Z INFO  [payments] req=req-d1cc8d authorising EUR 371.25 with psp
2026-03-14T13:56:07.300Z INFO  [ledger-db] pool stats in_use=1 idle=7 max=40 waiters=0
2026-03-14T13:56:07.329Z INFO  [payments] req=req-d1cc8d psp authorised ref=psp_4d74149e
2026-03-14T13:56:07.331Z INFO  [payments] req=req-d1cc8d posting to ledger txn=lt-afee7 (attempt 1/2)
2026-03-14T13:56:07.363Z INFO  [ledger] txn=lt-afee7 posted 2 entries (29ms)
2026-03-14T13:56:07.365Z INFO  [payments] req=req-d1cc8d charge captured txn=lt-afee7
2026-03-14T13:56:07.369Z INFO  [orders] req=req-d1cc8d order o-231396 confirmed
2026-03-14T13:56:07.372Z INFO  [gateway] req=req-d1cc8d POST /api/checkout -> 201 (233ms) user=u-4911
2026-03-14T13:56:12.514Z INFO  [auth] req=req-1e04df token ok user=u-3987
2026-03-14T13:56:12.522Z INFO  [orders] req=req-1e04df cart validated items=6 total=EUR 204.77
2026-03-14T13:56:12.530Z INFO  [inventory] req=req-1e04df reserved 6 items hold=h-5e75f
2026-03-14T13:56:12.537Z INFO  [payments] req=req-1e04df authorising EUR 204.77 with psp
2026-03-14T13:56:12.725Z INFO  [payments] req=req-1e04df psp authorised ref=psp_522803c7
2026-03-14T13:56:12.727Z INFO  [payments] req=req-1e04df posting to ledger txn=lt-f49c6 (attempt 1/2)
2026-03-14T13:56:12.842Z INFO  [ledger] txn=lt-f49c6 posted 2 entries (113ms)
2026-03-14T13:56:12.844Z INFO  [payments] req=req-1e04df charge captured txn=lt-f49c6
2026-03-14T13:56:12.848Z INFO  [orders] req=req-1e04df order o-c41e87 confirmed
2026-03-14T13:56:12.851Z INFO  [gateway] req=req-1e04df POST /api/checkout -> 201 (338ms) user=u-3987
2026-03-14T13:56:14.783Z INFO  [gateway] req=req-fa2387 GET /api/products/SKU-0105 -> 200 (6ms)
2026-03-14T13:56:17.619Z INFO  [auth] req=req-f6a224 token ok user=u-5876
2026-03-14T13:56:17.642Z INFO  [gateway] req=req-f6a224 GET /api/cart -> 200 (16ms) user=u-5876
2026-03-14T13:56:18.628Z INFO  [auth] req=req-92685a token ok user=u-1269
2026-03-14T13:56:18.632Z WARN  [orders] req=req-92685a validation failed: cart is empty
2026-03-14T13:56:18.633Z INFO  [gateway] req=req-92685a POST /api/checkout -> 422 (6ms) user=u-1269
2026-03-14T13:56:20.308Z INFO  [auth] req=req-9dc427 token ok user=u-4449
2026-03-14T13:56:20.322Z INFO  [gateway] req=req-9dc427 GET /api/cart -> 200 (8ms) user=u-4449
2026-03-14T13:56:20.913Z INFO  [auth] req=req-ff7a02 token ok user=u-4543
2026-03-14T13:56:20.918Z INFO  [inventory] req=req-ff7a02 availability SKU-0404: 58 in stock
2026-03-14T13:56:20.921Z INFO  [gateway] req=req-ff7a02 GET /api/products/SKU-0404/availability -> 200 (9ms) user=u-4543
2026-03-14T13:56:21.902Z INFO  [auth] req=req-0aa7f5 token ok user=u-1075
2026-03-14T13:56:21.939Z INFO  [gateway] req=req-0aa7f5 GET /api/cart -> 200 (39ms) user=u-1075
2026-03-14T13:56:22.315Z INFO  [auth] req=req-52288a token ok user=u-9719
2026-03-14T13:56:22.323Z INFO  [orders] req=req-52288a cart validated items=1 total=EUR 113.56
2026-03-14T13:56:22.331Z INFO  [inventory] req=req-52288a reserved 1 items hold=h-af339
2026-03-14T13:56:22.338Z INFO  [payments] req=req-52288a authorising EUR 113.56 with psp
2026-03-14T13:56:22.448Z INFO  [payments] req=req-52288a psp authorised ref=psp_58a09cb5
2026-03-14T13:56:22.450Z INFO  [payments] req=req-52288a posting to ledger txn=lt-d36bc (attempt 1/2)
2026-03-14T13:56:22.528Z INFO  [ledger] txn=lt-d36bc posted 2 entries (76ms)
2026-03-14T13:56:22.530Z INFO  [payments] req=req-52288a charge captured txn=lt-d36bc
2026-03-14T13:56:22.534Z INFO  [orders] req=req-52288a order o-795196 confirmed
2026-03-14T13:56:22.537Z INFO  [gateway] req=req-52288a POST /api/checkout -> 201 (223ms) user=u-9719
2026-03-14T13:56:25.205Z INFO  [auth] req=req-32eda8 token ok user=u-3322
2026-03-14T13:56:25.213Z INFO  [orders] req=req-32eda8 cart validated items=5 total=EUR 413.27
2026-03-14T13:56:25.221Z INFO  [inventory] req=req-32eda8 reserved 5 items hold=h-3addf
2026-03-14T13:56:25.228Z INFO  [payments] req=req-32eda8 authorising EUR 413.27 with psp
2026-03-14T13:56:25.261Z INFO  [gateway] req=req-b5fea9 GET /api/products/SKU-0105 -> 200 (24ms)
2026-03-14T13:56:25.455Z INFO  [payments] req=req-32eda8 psp authorised ref=psp_36298d22
2026-03-14T13:56:25.457Z INFO  [payments] req=req-32eda8 posting to ledger txn=lt-937ac (attempt 1/2)
2026-03-14T13:56:25.587Z INFO  [ledger] txn=lt-937ac posted 2 entries (128ms)
2026-03-14T13:56:25.589Z INFO  [payments] req=req-32eda8 charge captured txn=lt-937ac
2026-03-14T13:56:25.593Z INFO  [orders] req=req-32eda8 order o-9fd02c confirmed
2026-03-14T13:56:25.596Z INFO  [gateway] req=req-32eda8 POST /api/checkout -> 201 (392ms) user=u-3322
2026-03-14T13:56:27.509Z INFO  [gateway] req=req-a58ca8 GET /api/products/SKU-0012 -> 200 (29ms)
2026-03-14T13:56:27.763Z INFO  [gateway] req=req-3e359f GET /api/products/SKU-0901 -> 200 (20ms)
2026-03-14T13:56:29.199Z INFO  [gateway] req=req-b49bb3 GET /api/products/SKU-0512 -> 200 (4ms)
2026-03-14T13:56:31.948Z INFO  [auth] req=req-9d84b8 token ok user=u-5854
2026-03-14T13:56:31.974Z INFO  [gateway] req=req-9d84b8 GET /api/cart -> 200 (35ms) user=u-5854
2026-03-14T13:56:32.114Z INFO  [auth] req=req-ccbbe7 token ok user=u-8541
2026-03-14T13:56:32.119Z INFO  [inventory] req=req-ccbbe7 availability SKU-0230: 164 in stock
2026-03-14T13:56:32.122Z INFO  [gateway] req=req-ccbbe7 GET /api/products/SKU-0230/availability -> 200 (9ms) user=u-8541
2026-03-14T13:56:37.300Z INFO  [ledger-db] pool stats in_use=1 idle=7 max=40 waiters=0
2026-03-14T13:56:37.759Z INFO  [gateway] req=req-bcd1ad GET /api/products/SKU-0901 -> 200 (7ms)
2026-03-14T13:56:38.242Z INFO  [auth] req=req-914e73 token ok user=u-7344
2026-03-14T13:56:38.278Z INFO  [gateway] req=req-914e73 GET /api/cart -> 200 (27ms) user=u-7344
2026-03-14T13:56:41.319Z INFO  [auth] req=req-bf90e5 token ok user=u-7816
2026-03-14T13:56:41.324Z INFO  [inventory] req=req-bf90e5 availability SKU-1203: 249 in stock
2026-03-14T13:56:41.327Z INFO  [gateway] req=req-bf90e5 GET /api/products/SKU-1203/availability -> 200 (9ms) user=u-7816
2026-03-14T13:56:41.880Z INFO  [auth] req=req-287d1b token ok user=u-8954
2026-03-14T13:56:41.884Z WARN  [orders] req=req-287d1b validation failed: cart is empty
2026-03-14T13:56:41.885Z INFO  [gateway] req=req-287d1b POST /api/checkout -> 422 (6ms) user=u-8954
2026-03-14T13:56:42.954Z INFO  [auth] req=req-7ac4c1 token ok user=u-3207
2026-03-14T13:56:42.959Z INFO  [inventory] req=req-7ac4c1 availability SKU-0105: 115 in stock
2026-03-14T13:56:42.962Z INFO  [gateway] req=req-7ac4c1 GET /api/products/SKU-0105/availability -> 200 (9ms) user=u-3207
2026-03-14T13:56:45.777Z INFO  [cache] stats hit_ratio=0.93 keys=19370 evictions/s=244
2026-03-14T13:56:45.780Z WARN  [cache] eviction rate high (369/s) - consider raising maxmemory
2026-03-14T13:56:48.392Z INFO  [auth] req=req-2e16e0 token ok user=u-3285
2026-03-14T13:56:48.406Z INFO  [gateway] req=req-2e16e0 GET /api/orders/o-69201d -> 200 (15ms) user=u-3285
2026-03-14T13:56:52.027Z INFO  [gateway] req=req-a8871c GET /api/products/SKU-0901 -> 200 (19ms)
2026-03-14T13:56:57.925Z INFO  [auth] req=req-aefe22 token ok user=u-4260
2026-03-14T13:56:57.933Z INFO  [orders] req=req-aefe22 cart validated items=1 total=EUR 258.37
2026-03-14T13:56:57.941Z INFO  [inventory] req=req-aefe22 reserved 1 items hold=h-06e92
2026-03-14T13:56:57.948Z INFO  [payments] req=req-aefe22 authorising EUR 258.37 with psp
2026-03-14T13:56:58.181Z INFO  [payments] req=req-aefe22 psp authorised ref=psp_b3ef2875
2026-03-14T13:56:58.183Z INFO  [payments] req=req-aefe22 posting to ledger txn=lt-c8cb7 (attempt 1/2)
2026-03-14T13:56:58.263Z INFO  [ledger] txn=lt-c8cb7 posted 2 entries (79ms)
2026-03-14T13:56:58.265Z INFO  [payments] req=req-aefe22 charge captured txn=lt-c8cb7
2026-03-14T13:56:58.269Z INFO  [orders] req=req-aefe22 order o-4b097f confirmed
2026-03-14T13:56:58.272Z INFO  [gateway] req=req-aefe22 POST /api/checkout -> 201 (348ms) user=u-4260
2026-03-14T13:56:58.806Z INFO  [auth] req=req-ba2655 token ok user=u-9817
2026-03-14T13:56:58.833Z INFO  [gateway] req=req-ba2655 GET /api/cart -> 200 (32ms) user=u-9817
2026-03-14T13:56:59.691Z INFO  [gateway] req=req-0f8016 GET /api/products/SKU-0105 -> 200 (7ms)
2026-03-14T13:57:00.428Z INFO  [gateway] req=req-9f26cb GET /api/products/SKU-1203 -> 200 (19ms)
2026-03-14T13:57:01.332Z INFO  [gateway] req=req-98eaad GET /api/products/SKU-0901 -> 200 (18ms)
2026-03-14T13:57:05.009Z DEBUG [gateway] health payments ok (8ms)
2026-03-14T13:57:05.016Z DEBUG [gateway] health orders ok (6ms)
2026-03-14T13:57:05.017Z DEBUG [gateway] health inventory ok (5ms)
2026-03-14T13:57:05.028Z DEBUG [gateway] health auth ok (3ms)
2026-03-14T13:57:05.040Z DEBUG [gateway] health ledger ok (5ms)
2026-03-14T13:57:05.098Z INFO  [auth] req=req-06ac4a token ok user=u-3987
2026-03-14T13:57:05.128Z INFO  [gateway] req=req-06ac4a GET /api/cart -> 200 (13ms) user=u-3987
2026-03-14T13:57:05.409Z INFO  [auth] req=req-b6f7f8 token ok user=u-3417
2026-03-14T13:57:05.417Z INFO  [orders] req=req-b6f7f8 cart validated items=5 total=EUR 313.13
2026-03-14T13:57:05.425Z INFO  [inventory] req=req-b6f7f8 reserved 5 items hold=h-9b6f6
2026-03-14T13:57:05.432Z INFO  [payments] req=req-b6f7f8 authorising EUR 313.13 with psp
2026-03-14T13:57:05.535Z INFO  [payments] req=req-b6f7f8 psp authorised ref=psp_bb559d5f
2026-03-14T13:57:05.537Z INFO  [payments] req=req-b6f7f8 posting to ledger txn=lt-f589d (attempt 1/2)
2026-03-14T13:57:05.635Z INFO  [ledger] txn=lt-f589d posted 2 entries (94ms)
2026-03-14T13:57:05.637Z INFO  [payments] req=req-b6f7f8 charge captured txn=lt-f589d
2026-03-14T13:57:05.641Z INFO  [orders] req=req-b6f7f8 order o-9e7dda confirmed
2026-03-14T13:57:05.644Z INFO  [gateway] req=req-b6f7f8 POST /api/checkout -> 201 (236ms) user=u-3417
2026-03-14T13:57:05.757Z INFO  [auth] req=req-1bbb24 token ok user=u-5443
2026-03-14T13:57:05.762Z INFO  [inventory] req=req-1bbb24 availability SKU-0012: 37 in stock
2026-03-14T13:57:05.765Z INFO  [gateway] req=req-1bbb24 GET /api/products/SKU-0012/availability -> 200 (9ms) user=u-5443
2026-03-14T13:57:07.300Z INFO  [ledger-db] pool stats in_use=0 idle=8 max=40 waiters=0
2026-03-14T13:57:10.329Z INFO  [auth] req=req-572547 token ok user=u-3371
2026-03-14T13:57:10.359Z INFO  [gateway] req=req-572547 GET /api/cart -> 200 (31ms) user=u-3371
2026-03-14T13:57:19.618Z INFO  [gateway] req=req-d9a023 GET /api/products/SKU-0777 -> 200 (19ms)
2026-03-14T13:57:22.551Z INFO  [auth] req=req-b30bfa token ok user=u-3137
2026-03-14T13:57:22.559Z INFO  [orders] req=req-b30bfa cart validated items=2 total=EUR 453.41
2026-03-14T13:57:22.567Z INFO  [inventory] req=req-b30bfa reserved 2 items hold=h-63337
2026-03-14T13:57:22.574Z INFO  [payments] req=req-b30bfa authorising EUR 453.41 with psp
2026-03-14T13:57:22.738Z INFO  [payments] req=req-b30bfa psp authorised ref=psp_0e5b01b8
2026-03-14T13:57:22.740Z INFO  [payments] req=req-b30bfa posting to ledger txn=lt-d21fd (attempt 1/2)
2026-03-14T13:57:22.741Z DEBUG [ledger-db] acquire txn=lt-d21fd waited=1ms in_use=3/40
2026-03-14T13:57:22.813Z INFO  [ledger] txn=lt-d21fd posted 2 entries (72ms)
2026-03-14T13:57:22.815Z INFO  [payments] req=req-b30bfa charge captured txn=lt-d21fd
2026-03-14T13:57:22.819Z INFO  [orders] req=req-b30bfa order o-b1ccba confirmed
2026-03-14T13:57:22.822Z INFO  [gateway] req=req-b30bfa POST /api/checkout -> 201 (272ms) user=u-3137
2026-03-14T13:57:24.642Z INFO  [auth] req=req-6f0dc5 token ok user=u-6743
2026-03-14T13:57:24.650Z INFO  [orders] req=req-6f0dc5 cart validated items=6 total=EUR 364.44
2026-03-14T13:57:24.658Z INFO  [inventory] req=req-6f0dc5 reserved 6 items hold=h-28caa
2026-03-14T13:57:24.665Z INFO  [payments] req=req-6f0dc5 authorising EUR 364.44 with psp
2026-03-14T13:57:24.788Z INFO  [payments] req=req-6f0dc5 psp authorised ref=psp_cb37dfff
2026-03-14T13:57:24.790Z INFO  [payments] req=req-6f0dc5 posting to ledger txn=lt-3e837 (attempt 1/2)
2026-03-14T13:57:24.899Z INFO  [ledger] txn=lt-3e837 posted 2 entries (105ms)
2026-03-14T13:57:24.901Z INFO  [payments] req=req-6f0dc5 charge captured txn=lt-3e837
2026-03-14T13:57:24.905Z INFO  [orders] req=req-6f0dc5 order o-9110ae confirmed
2026-03-14T13:57:24.908Z INFO  [gateway] req=req-6f0dc5 POST /api/checkout -> 201 (267ms) user=u-6743
2026-03-14T13:57:26.134Z INFO  [auth] req=req-9d1509 token ok user=u-8691
2026-03-14T13:57:26.171Z INFO  [gateway] req=req-9d1509 GET /api/cart -> 200 (26ms) user=u-8691
2026-03-14T13:57:27.312Z INFO  [auth] req=req-2da572 token ok user=u-8109
2026-03-14T13:57:27.317Z INFO  [inventory] req=req-2da572 availability SKU-0230: 275 in stock
2026-03-14T13:57:27.320Z INFO  [gateway] req=req-2da572 GET /api/products/SKU-0230/availability -> 200 (9ms) user=u-8109
2026-03-14T13:57:34.389Z INFO  [gateway] req=req-a92301 GET /api/products/SKU-0901 -> 200 (18ms)
2026-03-14T13:57:34.758Z INFO  [gateway] req=req-6e0f96 GET /api/products/SKU-1203 -> 200 (22ms)
2026-03-14T13:57:35.903Z INFO  [auth] req=req-e769ec token ok user=u-6511
2026-03-14T13:57:35.911Z INFO  [orders] req=req-e769ec cart validated items=6 total=EUR 70.50
2026-03-14T13:57:35.919Z INFO  [inventory] req=req-e769ec reserved 6 items hold=h-09e13
2026-03-14T13:57:35.926Z INFO  [payments] req=req-e769ec authorising EUR 70.50 with psp
2026-03-14T13:57:36.021Z INFO  [payments] req=req-e769ec psp authorised ref=psp_5db5b9d7
2026-03-14T13:57:36.023Z INFO  [payments] req=req-e769ec posting to ledger txn=lt-ea53b (attempt 1/2)
2026-03-14T13:57:36.089Z INFO  [ledger] txn=lt-ea53b posted 2 entries (64ms)
2026-03-14T13:57:36.091Z INFO  [payments] req=req-e769ec charge captured txn=lt-ea53b
2026-03-14T13:57:36.095Z INFO  [orders] req=req-e769ec order o-fe946b confirmed
2026-03-14T13:57:36.098Z INFO  [gateway] req=req-e769ec POST /api/checkout -> 201 (196ms) user=u-6511
2026-03-14T13:57:37.300Z INFO  [ledger-db] pool stats in_use=0 idle=8 max=40 waiters=0
2026-03-14T13:57:41.112Z INFO  [auth] req=req-3c7c1f token ok user=u-6957
2026-03-14T13:57:41.117Z INFO  [inventory] req=req-3c7c1f availability SKU-0012: 109 in stock
2026-03-14T13:57:41.120Z INFO  [gateway] req=req-3c7c1f GET /api/products/SKU-0012/availability -> 200 (9ms) user=u-6957
2026-03-14T13:57:43.543Z INFO  [auth] req=req-281716 login ok user=u-2796 session=s-dda9006d
2026-03-14T13:57:43.547Z INFO  [gateway] req=req-281716 POST /api/login -> 200 (34ms) user=u-2796
2026-03-14T13:57:43.722Z INFO  [auth] req=req-b44a74 token ok user=u-1654
2026-03-14T13:57:43.730Z INFO  [orders] req=req-b44a74 cart validated items=1 total=EUR 132.62
2026-03-14T13:57:43.738Z INFO  [inventory] req=req-b44a74 reserved 1 items hold=h-681b0
2026-03-14T13:57:43.745Z INFO  [payments] req=req-b44a74 authorising EUR 132.62 with psp
2026-03-14T13:57:44.005Z INFO  [payments] req=req-b44a74 psp authorised ref=psp_9642a688
2026-03-14T13:57:44.007Z INFO  [payments] req=req-b44a74 posting to ledger txn=lt-1a8e1 (attempt 1/2)
2026-03-14T13:57:44.150Z INFO  [ledger] txn=lt-1a8e1 posted 2 entries (140ms)
2026-03-14T13:57:44.152Z INFO  [payments] req=req-b44a74 charge captured txn=lt-1a8e1
2026-03-14T13:57:44.156Z INFO  [orders] req=req-b44a74 order o-f4aa21 confirmed
2026-03-14T13:57:44.159Z INFO  [gateway] req=req-b44a74 POST /api/checkout -> 201 (438ms) user=u-1654
2026-03-14T13:57:54.126Z INFO  [gateway] req=req-13b0ec GET /api/products/SKU-0230 -> 200 (11ms)
2026-03-14T13:57:54.704Z INFO  [auth] req=req-29b066 login ok user=u-3371 session=s-809e8284
2026-03-14T13:57:54.708Z INFO  [gateway] req=req-29b066 POST /api/login -> 200 (34ms) user=u-3371
2026-03-14T13:57:57.082Z INFO  [gateway] req=req-5a4500 GET /api/products/SKU-0901 -> 200 (28ms)
2026-03-14T13:57:57.679Z INFO  [cache] stats hit_ratio=0.91 keys=20123 evictions/s=389
2026-03-14T13:58:05.001Z DEBUG [gateway] health auth ok (3ms)
2026-03-14T13:58:05.006Z DEBUG [gateway] health ledger ok (7ms)
2026-03-14T13:58:05.013Z DEBUG [gateway] health payments ok (4ms)
2026-03-14T13:58:05.016Z DEBUG [gateway] health orders ok (8ms)
2026-03-14T13:58:05.025Z DEBUG [gateway] health inventory ok (2ms)
2026-03-14T13:58:07.300Z INFO  [ledger-db] pool stats in_use=2 idle=6 max=40 waiters=0
2026-03-14T13:58:15.520Z INFO  [gateway] req=req-ea0955 GET /api/products/SKU-0318 -> 200 (4ms)
2026-03-14T13:58:16.362Z INFO  [auth] req=req-e72d7a token ok user=u-5525
2026-03-14T13:58:16.370Z INFO  [orders] req=req-e72d7a cart validated items=2 total=EUR 308.21
2026-03-14T13:58:16.378Z INFO  [inventory] req=req-e72d7a reserved 2 items hold=h-4c39a
2026-03-14T13:58:16.385Z INFO  [payments] req=req-e72d7a authorising EUR 308.21 with psp
2026-03-14T13:58:16.560Z INFO  [payments] req=req-e72d7a psp authorised ref=psp_6a707f93
2026-03-14T13:58:16.562Z INFO  [payments] req=req-e72d7a posting to ledger txn=lt-0bf0f (attempt 1/2)
2026-03-14T13:58:16.563Z DEBUG [ledger-db] acquire txn=lt-0bf0f waited=1ms in_use=3/40
2026-03-14T13:58:16.642Z INFO  [ledger] txn=lt-0bf0f posted 2 entries (79ms)
2026-03-14T13:58:16.644Z INFO  [payments] req=req-e72d7a charge captured txn=lt-0bf0f
2026-03-14T13:58:16.648Z INFO  [orders] req=req-e72d7a order o-97e663 confirmed
2026-03-14T13:58:16.651Z INFO  [gateway] req=req-e72d7a POST /api/checkout -> 201 (290ms) user=u-5525
2026-03-14T13:58:20.753Z INFO  [auth] req=req-99d311 token ok user=u-4540
2026-03-14T13:58:20.787Z INFO  [gateway] req=req-99d311 GET /api/cart -> 200 (37ms) user=u-4540
2026-03-14T13:58:22.672Z INFO  [gateway] req=req-99d7c8 GET /api/products/SKU-0404 -> 200 (29ms)
2026-03-14T13:58:23.952Z INFO  [auth] req=req-18a857 token ok user=u-3077
2026-03-14T13:58:23.960Z INFO  [orders] req=req-18a857 cart validated items=6 total=EUR 374.20
2026-03-14T13:58:23.968Z INFO  [inventory] req=req-18a857 reserved 6 items hold=h-c5211
2026-03-14T13:58:23.975Z INFO  [payments] req=req-18a857 authorising EUR 374.20 with psp
2026-03-14T13:58:24.214Z INFO  [payments] req=req-18a857 psp authorised ref=psp_3de0e3ea
2026-03-14T13:58:24.216Z INFO  [payments] req=req-18a857 posting to ledger txn=lt-da43b (attempt 1/2)
2026-03-14T13:58:24.216Z DEBUG [ledger-db] acquire txn=lt-da43b waited=0ms in_use=1/40
2026-03-14T13:58:24.263Z INFO  [ledger] txn=lt-da43b posted 2 entries (47ms)
2026-03-14T13:58:24.265Z INFO  [payments] req=req-18a857 charge captured txn=lt-da43b
2026-03-14T13:58:24.269Z INFO  [orders] req=req-18a857 order o-5f3027 confirmed
2026-03-14T13:58:24.272Z INFO  [gateway] req=req-18a857 POST /api/checkout -> 201 (321ms) user=u-3077
2026-03-14T13:58:24.756Z INFO  [auth] req=req-4046df token ok user=u-6511
2026-03-14T13:58:24.770Z INFO  [gateway] req=req-4046df GET /api/cart -> 200 (30ms) user=u-6511
2026-03-14T13:58:26.088Z INFO  [gateway] req=req-e268cc GET /api/products/SKU-0404 -> 200 (29ms)
2026-03-14T13:58:29.959Z INFO  [auth] req=req-d8f6db token ok user=u-1460
2026-03-14T13:58:29.967Z INFO  [orders] req=req-d8f6db cart validated items=4 total=EUR 274.19
2026-03-14T13:58:29.975Z INFO  [inventory] req=req-d8f6db reserved 4 items hold=h-4c476
2026-03-14T13:58:29.982Z INFO  [payments] req=req-d8f6db authorising EUR 274.19 with psp
2026-03-14T13:58:30.160Z INFO  [payments] req=req-d8f6db psp authorised ref=psp_0d5cf04b
2026-03-14T13:58:30.162Z INFO  [payments] req=req-d8f6db posting to ledger txn=lt-4a393 (attempt 1/2)
2026-03-14T13:58:30.225Z INFO  [ledger] txn=lt-4a393 posted 2 entries (59ms)
2026-03-14T13:58:30.227Z INFO  [payments] req=req-d8f6db charge captured txn=lt-4a393
2026-03-14T13:58:30.231Z INFO  [orders] req=req-d8f6db order o-6174e0 confirmed
2026-03-14T13:58:30.234Z INFO  [gateway] req=req-d8f6db POST /api/checkout -> 201 (276ms) user=u-1460
2026-03-14T13:58:34.676Z WARN  [auth] req=req-fc4560 login failed for user=u-2866: bad password (attempt 3)
2026-03-14T13:58:34.714Z INFO  [gateway] req=req-fc4560 POST /api/login -> 401 (40ms)
2026-03-14T13:58:35.540Z INFO  [gateway] req=req-44adb6 GET /api/products/SKU-0512 -> 200 (14ms)
2026-03-14T13:58:37.300Z INFO  [ledger-db] pool stats in_use=0 idle=8 max=40 waiters=0
2026-03-14T13:58:41.204Z INFO  [config-agent] fetched revision r1842 from config-service (5 keys changed)
2026-03-14T13:58:41.206Z DEBUG [config-agent] r1842 cache.ttl_seconds: 300 -> 120
2026-03-14T13:58:41.207Z DEBUG [config-agent] r1842 gateway.rate_limit.rps: 500 -> 800
2026-03-14T13:58:41.208Z DEBUG [config-agent] r1842 ledger.db.pool_max: 40 -> 4
2026-03-14T13:58:41.209Z DEBUG [config-agent] r1842 payments.legacy_3ds.enabled: true -> false
2026-03-14T13:58:41.210Z DEBUG [config-agent] r1842 scheduler.reindex_cron: "*/10 * * * *" -> "5-59/10 * * * *"
2026-03-14T13:58:41.213Z WARN  [config-agent] r1842 payments.legacy_3ds.enabled is deprecated and will be removed; use payments.sca.mode
2026-03-14T13:58:41.219Z INFO  [config-agent] revision r1842 applied; notified 6 subscribers
2026-03-14T13:58:41.225Z INFO  [cache] ttl changed to 120s (was 300s)
2026-03-14T13:58:41.226Z INFO  [gateway] rate limit set to 800 rps
2026-03-14T13:58:41.228Z INFO  [ledger-db] pool reconfigured (max=4); idle connections above the new limit will be closed
2026-03-14T13:58:41.229Z INFO  [scheduler] cron for reindex-search updated: 5-59/10 * * * *
2026-03-14T13:58:41.756Z INFO  [gateway] req=req-c65ff3 GET /api/products/SKU-0077 -> 200 (27ms)
2026-03-14T13:58:42.181Z INFO  [auth] req=req-c404bd token ok user=u-6211
2026-03-14T13:58:42.206Z INFO  [gateway] req=req-c404bd GET /api/cart -> 200 (17ms) user=u-6211
2026-03-14T13:58:44.010Z INFO  [gateway] req=req-9602c3 GET /api/products/SKU-0012 -> 200 (22ms)
2026-03-14T13:58:44.081Z INFO  [auth] req=req-c04c39 token ok user=u-1075
2026-03-14T13:58:44.089Z INFO  [orders] req=req-c04c39 cart validated items=6 total=EUR 339.40
2026-03-14T13:58:44.097Z INFO  [inventory] req=req-c04c39 reserved 6 items hold=h-47aea
2026-03-14T13:58:44.104Z INFO  [payments] req=req-c04c39 authorising EUR 339.40 with psp
2026-03-14T13:58:44.343Z INFO  [payments] req=req-c04c39 psp authorised ref=psp_452182c8
2026-03-14T13:58:44.345Z INFO  [payments] req=req-c04c39 posting to ledger txn=lt-9e48c (attempt 1/2)
2026-03-14T13:58:44.404Z INFO  [ledger] txn=lt-9e48c posted 2 entries (57ms)
2026-03-14T13:58:44.406Z INFO  [payments] req=req-c04c39 charge captured txn=lt-9e48c
2026-03-14T13:58:44.410Z INFO  [orders] req=req-c04c39 order o-3f0f69 confirmed
2026-03-14T13:58:44.413Z INFO  [gateway] req=req-c04c39 POST /api/checkout -> 201 (333ms) user=u-1075
2026-03-14T13:58:45.400Z INFO  [gateway] req=req-fb016d GET /api/products/SKU-0901 -> 200 (30ms)
2026-03-14T13:58:47.363Z INFO  [gateway] req=req-bd509e GET /api/products/SKU-0012 -> 200 (11ms)
2026-03-14T13:58:49.552Z INFO  [auth] req=req-c94a86 token ok user=u-9485
2026-03-14T13:58:49.566Z INFO  [gateway] req=req-c94a86 GET /api/orders/o-da94df -> 200 (15ms) user=u-9485
2026-03-14T13:58:51.589Z INFO  [auth] req=req-9eb7c8 token ok user=u-4442
2026-03-14T13:58:51.597Z INFO  [orders] req=req-9eb7c8 cart validated items=3 total=EUR 103.27
2026-03-14T13:58:51.605Z INFO  [inventory] req=req-9eb7c8 reserved 3 items hold=h-7f4ee
2026-03-14T13:58:51.612Z INFO  [payments] req=req-9eb7c8 authorising EUR 103.27 with psp
2026-03-14T13:58:51.834Z INFO  [payments] req=req-9eb7c8 psp authorised ref=psp_fa5dfea5
2026-03-14T13:58:51.836Z INFO  [payments] req=req-9eb7c8 posting to ledger txn=lt-cac1e (attempt 1/2)
2026-03-14T13:58:51.974Z INFO  [ledger] txn=lt-cac1e posted 2 entries (137ms)
2026-03-14T13:58:51.976Z INFO  [payments] req=req-9eb7c8 charge captured txn=lt-cac1e
2026-03-14T13:58:51.980Z INFO  [orders] req=req-9eb7c8 order o-b70a1a confirmed
2026-03-14T13:58:51.983Z INFO  [gateway] req=req-9eb7c8 POST /api/checkout -> 201 (395ms) user=u-4442
2026-03-14T13:58:52.369Z INFO  [gateway] req=req-7cf03c GET /api/products/SKU-0318 -> 200 (24ms)
2026-03-14T13:58:56.819Z INFO  [gateway] req=req-c6309b GET /api/products/SKU-0230 -> 200 (6ms)
2026-03-14T13:58:59.317Z INFO  [gateway] req=req-ff190c GET /api/products/SKU-0777 -> 200 (30ms)
2026-03-14T13:59:01.710Z INFO  [auth] req=req-f7dfd0 token ok user=u-8785
2026-03-14T13:59:01.718Z INFO  [orders] req=req-f7dfd0 cart validated items=2 total=EUR 53.53
2026-03-14T13:59:01.726Z INFO  [inventory] req=req-f7dfd0 reserved 2 items hold=h-6fa4b
2026-03-14T13:59:01.733Z INFO  [payments] req=req-f7dfd0 authorising EUR 53.53 with psp
2026-03-14T13:59:01.972Z INFO  [payments] req=req-f7dfd0 psp authorised ref=psp_4d9590b7
2026-03-14T13:59:01.974Z INFO  [payments] req=req-f7dfd0 posting to ledger txn=lt-ef821 (attempt 1/2)
2026-03-14T13:59:02.015Z INFO  [auth] req=req-d51983 token ok user=u-3285
2026-03-14T13:59:02.023Z INFO  [orders] req=req-d51983 cart validated items=5 total=EUR 135.60
2026-03-14T13:59:02.031Z INFO  [inventory] req=req-d51983 reserved 5 items hold=h-4fd56
2026-03-14T13:59:02.038Z INFO  [payments] req=req-d51983 authorising EUR 135.60 with psp
2026-03-14T13:59:02.068Z INFO  [ledger] txn=lt-ef821 posted 2 entries (94ms)
2026-03-14T13:59:02.070Z INFO  [payments] req=req-f7dfd0 charge captured txn=lt-ef821
2026-03-14T13:59:02.074Z INFO  [orders] req=req-f7dfd0 order o-38d900 confirmed
2026-03-14T13:59:02.077Z INFO  [gateway] req=req-f7dfd0 POST /api/checkout -> 201 (368ms) user=u-8785
2026-03-14T13:59:02.231Z INFO  [payments] req=req-d51983 psp authorised ref=psp_bae140ba
2026-03-14T13:59:02.233Z INFO  [payments] req=req-d51983 posting to ledger txn=lt-26d85 (attempt 1/2)
2026-03-14T13:59:02.355Z INFO  [auth] req=req-2ebfce token ok user=u-9957
2026-03-14T13:59:02.372Z INFO  [gateway] req=req-2ebfce GET /api/cart -> 200 (32ms) user=u-9957
2026-03-14T13:59:03.799Z WARN  [ledger-db] slow acquire txn=lt-26d85 waited=1566ms in_use=4/4
2026-03-14T13:59:03.829Z INFO  [ledger] txn=lt-26d85 posted 2 entries (30ms)
2026-03-14T13:59:03.831Z INFO  [payments] req=req-d51983 charge captured txn=lt-26d85
2026-03-14T13:59:03.835Z INFO  [orders] req=req-d51983 order o-2435ee confirmed
2026-03-14T13:59:03.838Z INFO  [gateway] req=req-d51983 POST /api/checkout -> 201 (1824ms) user=u-3285
2026-03-14T13:59:04.597Z INFO  [gateway] req=req-cfba64 GET /api/products/SKU-0230 -> 200 (24ms)
2026-03-14T13:59:05.004Z DEBUG [gateway] health orders ok (5ms)
2026-03-14T13:59:05.016Z DEBUG [gateway] health payments ok (8ms)
2026-03-14T13:59:05.023Z DEBUG [gateway] health auth ok (9ms)
2026-03-14T13:59:05.031Z DEBUG [gateway] health inventory ok (7ms)
2026-03-14T13:59:05.033Z DEBUG [gateway] health ledger ok (5ms)
2026-03-14T13:59:05.457Z INFO  [gateway] req=req-3b43f5 GET /api/products/SKU-0901 -> 200 (17ms)
2026-03-14T13:59:07.300Z INFO  [ledger-db] pool stats in_use=2 idle=2 max=4 waiters=0
2026-03-14T13:59:07.444Z INFO  [cache] stats hit_ratio=0.8 keys=18721 evictions/s=269
2026-03-14T13:59:08.203Z INFO  [auth] req=req-76cfc1 token ok user=u-6412
2026-03-14T13:59:08.236Z INFO  [gateway] req=req-76cfc1 GET /api/cart -> 200 (35ms) user=u-6412
2026-03-14T13:59:11.377Z INFO  [auth] req=req-8829c8 token ok user=u-7344
2026-03-14T13:59:11.385Z INFO  [orders] req=req-8829c8 cart validated items=5 total=EUR 326.25
2026-03-14T13:59:11.393Z INFO  [inventory] req=req-8829c8 reserved 5 items hold=h-65dd6
2026-03-14T13:59:11.400Z INFO  [payments] req=req-8829c8 authorising EUR 326.25 with psp
2026-03-14T13:59:11.496Z INFO  [payments] req=req-8829c8 psp authorised ref=psp_bc85dde2
2026-03-14T13:59:11.498Z INFO  [payments] req=req-8829c8 posting to ledger txn=lt-3cac9 (attempt 1/2)
2026-03-14T13:59:11.582Z INFO  [ledger] txn=lt-3cac9 posted 2 entries (81ms)
2026-03-14T13:59:11.584Z INFO  [payments] req=req-8829c8 charge captured txn=lt-3cac9
2026-03-14T13:59:11.588Z INFO  [orders] req=req-8829c8 order o-84ed3d confirmed
2026-03-14T13:59:11.591Z INFO  [gateway] req=req-8829c8 POST /api/checkout -> 201 (215ms) user=u-7344
2026-03-14T13:59:12.969Z INFO  [auth] req=req-5e323f token ok user=u-6463
2026-03-14T13:59:12.977Z INFO  [orders] req=req-5e323f cart validated items=6 total=EUR 92.89
2026-03-14T13:59:12.985Z INFO  [inventory] req=req-5e323f reserved 6 items hold=h-d3086
2026-03-14T13:59:12.992Z INFO  [payments] req=req-5e323f authorising EUR 92.89 with psp
2026-03-14T13:59:13.176Z INFO  [payments] req=req-5e323f psp authorised ref=psp_b39e1c32
2026-03-14T13:59:13.178Z INFO  [payments] req=req-5e323f posting to ledger txn=lt-56650 (attempt 1/2)
2026-03-14T13:59:13.242Z INFO  [ledger] txn=lt-56650 posted 2 entries (62ms)
2026-03-14T13:59:13.244Z INFO  [payments] req=req-5e323f charge captured txn=lt-56650
2026-03-14T13:59:13.248Z INFO  [orders] req=req-5e323f order o-90eab9 confirmed
2026-03-14T13:59:13.251Z INFO  [gateway] req=req-5e323f POST /api/checkout -> 201 (283ms) user=u-6463
2026-03-14T13:59:15.861Z INFO  [auth] req=req-da9287 token ok user=u-4449
2026-03-14T13:59:15.866Z INFO  [inventory] req=req-da9287 availability SKU-0512: 211 in stock
2026-03-14T13:59:15.869Z INFO  [gateway] req=req-da9287 GET /api/products/SKU-0512/availability -> 200 (9ms) user=u-4449
2026-03-14T13:59:19.204Z WARN  [cache] hit ratio dropped to 0.81 after ttl change (expected while cache warms)
2026-03-14T13:59:24.903Z INFO  [gateway] req=req-4a439d GET /api/products/SKU-1203 -> 200 (12ms)
2026-03-14T13:59:25.889Z INFO  [auth] req=req-db7e2a token ok user=u-8687
2026-03-14T13:59:25.897Z INFO  [orders] req=req-db7e2a cart validated items=1 total=EUR 67.96
2026-03-14T13:59:25.905Z INFO  [inventory] req=req-db7e2a reserved 1 items hold=h-30c06
2026-03-14T13:59:25.912Z INFO  [payments] req=req-db7e2a authorising EUR 67.96 with psp
2026-03-14T13:59:26.133Z INFO  [payments] req=req-db7e2a psp authorised ref=psp_0c630118
2026-03-14T13:59:26.135Z INFO  [payments] req=req-db7e2a posting to ledger txn=lt-2985e (attempt 1/2)
2026-03-14T13:59:26.233Z INFO  [ledger] txn=lt-2985e posted 2 entries (98ms)
2026-03-14T13:59:26.235Z INFO  [payments] req=req-db7e2a charge captured txn=lt-2985e
2026-03-14T13:59:26.239Z INFO  [orders] req=req-db7e2a order o-586640 confirmed
2026-03-14T13:59:26.242Z INFO  [gateway] req=req-db7e2a POST /api/checkout -> 201 (354ms) user=u-8687
2026-03-14T13:59:27.083Z INFO  [auth] req=req-e7458d token ok user=u-2866
2026-03-14T13:59:27.088Z INFO  [inventory] req=req-e7458d availability SKU-0230: 270 in stock
2026-03-14T13:59:27.091Z INFO  [gateway] req=req-e7458d GET /api/products/SKU-0230/availability -> 200 (9ms) user=u-2866
2026-03-14T13:59:27.256Z INFO  [auth] req=req-c22161 token ok user=u-1380
2026-03-14T13:59:27.269Z INFO  [gateway] req=req-c22161 GET /api/cart -> 200 (18ms) user=u-1380
2026-03-14T13:59:33.970Z INFO  [gateway] req=req-2a29f9 GET /api/products/SKU-0512 -> 200 (28ms)
2026-03-14T13:59:37.300Z INFO  [ledger-db] pool stats in_use=0 idle=4 max=4 waiters=0
2026-03-14T13:59:40.714Z INFO  [gateway] req=req-4bb212 GET /api/products/SKU-0012 -> 200 (21ms)
2026-03-14T13:59:43.196Z INFO  [auth] req=req-0bcb24 token ok user=u-5525
2026-03-14T13:59:43.201Z INFO  [inventory] req=req-0bcb24 availability SKU-0901: 110 in stock
2026-03-14T13:59:43.204Z INFO  [gateway] req=req-0bcb24 GET /api/products/SKU-0901/availability -> 200 (9ms) user=u-5525
2026-03-14T13:59:47.816Z INFO  [gateway] req=req-05a9f7 GET /api/products/SKU-0404 -> 200 (5ms)
2026-03-14T13:59:48.822Z INFO  [gateway] req=req-f63ba7 GET /api/products/SKU-0012 -> 200 (16ms)
2026-03-14T13:59:49.170Z INFO  [auth] req=req-3848dd token ok user=u-8851
2026-03-14T13:59:49.178Z INFO  [orders] req=req-3848dd cart validated items=4 total=EUR 22.68
2026-03-14T13:59:49.186Z INFO  [inventory] req=req-3848dd reserved 4 items hold=h-e60d9
2026-03-14T13:59:49.193Z INFO  [payments] req=req-3848dd authorising EUR 22.68 with psp
2026-03-14T13:59:49.400Z INFO  [payments] req=req-3848dd psp authorised ref=psp_dd233d08
2026-03-14T13:59:49.402Z INFO  [payments] req=req-3848dd posting to ledger txn=lt-d070f (attempt 1/2)
2026-03-14T13:59:49.539Z INFO  [ledger] txn=lt-d070f posted 2 entries (137ms)
2026-03-14T13:59:49.541Z INFO  [payments] req=req-3848dd charge captured txn=lt-d070f
2026-03-14T13:59:49.545Z INFO  [orders] req=req-3848dd order o-1f889a confirmed
2026-03-14T13:59:49.548Z INFO  [gateway] req=req-3848dd POST /api/checkout -> 201 (379ms) user=u-8851
2026-03-14T13:59:51.806Z INFO  [auth] req=req-c4cd3d token ok user=u-3663
2026-03-14T13:59:51.814Z INFO  [orders] req=req-c4cd3d cart validated items=2 total=EUR 17.06
2026-03-14T13:59:51.822Z INFO  [inventory] req=req-c4cd3d reserved 2 items hold=h-9891b
2026-03-14T13:59:51.829Z INFO  [payments] req=req-c4cd3d authorising EUR 17.06 with psp
2026-03-14T13:59:51.957Z INFO  [payments] req=req-c4cd3d psp authorised ref=psp_8a41f45d
2026-03-14T13:59:51.959Z INFO  [payments] req=req-c4cd3d posting to ledger txn=lt-ad52e (attempt 1/2)
2026-03-14T13:59:51.994Z INFO  [ledger] txn=lt-ad52e posted 2 entries (33ms)
2026-03-14T13:59:51.996Z INFO  [payments] req=req-c4cd3d charge captured txn=lt-ad52e
2026-03-14T13:59:52.000Z INFO  [orders] req=req-c4cd3d order o-43c2d8 confirmed
2026-03-14T13:59:52.003Z INFO  [gateway] req=req-c4cd3d POST /api/checkout -> 201 (198ms) user=u-3663
2026-03-14T13:59:52.154Z INFO  [auth] req=req-8303c4 token ok user=u-7272
2026-03-14T13:59:52.168Z INFO  [gateway] req=req-8303c4 GET /api/orders/o-40d207 -> 200 (15ms) user=u-7272
2026-03-14T13:59:52.949Z INFO  [auth] req=req-76288b token ok user=u-9819
2026-03-14T13:59:52.957Z INFO  [orders] req=req-76288b cart validated items=1 total=EUR 336.66
2026-03-14T13:59:52.965Z INFO  [inventory] req=req-76288b reserved 1 items hold=h-d8fad
2026-03-14T13:59:52.972Z INFO  [payments] req=req-76288b authorising EUR 336.66 with psp
2026-03-14T13:59:53.219Z INFO  [payments] req=req-76288b psp authorised ref=psp_b94945a6
2026-03-14T13:59:53.221Z INFO  [payments] req=req-76288b posting to ledger txn=lt-d946a (attempt 1/2)
2026-03-14T13:59:53.312Z INFO  [ledger] txn=lt-d946a posted 2 entries (89ms)
2026-03-14T13:59:53.314Z INFO  [payments] req=req-76288b charge captured txn=lt-d946a
2026-03-14T13:59:53.318Z INFO  [orders] req=req-76288b order o-6a1a69 confirmed
2026-03-14T13:59:53.321Z INFO  [gateway] req=req-76288b POST /api/checkout -> 201 (373ms) user=u-9819
2026-03-14T13:59:56.815Z INFO  [gateway] req=req-8c2c99 GET /api/products/SKU-1203 -> 200 (16ms)
2026-03-14T14:00:00.496Z INFO  [auth] req=req-96af63 token ok user=u-3663
2026-03-14T14:00:00.504Z INFO  [orders] req=req-96af63 cart validated items=3 total=EUR 190.09
2026-03-14T14:00:00.512Z INFO  [inventory] req=req-96af63 reserved 3 items hold=h-95386
2026-03-14T14:00:00.519Z INFO  [payments] req=req-96af63 authorising EUR 190.09 with psp
2026-03-14T14:00:00.620Z INFO  [payments] req=req-96af63 psp authorised ref=psp_0bf19283
2026-03-14T14:00:00.622Z INFO  [payments] req=req-96af63 posting to ledger txn=lt-a85d2 (attempt 1/2)
2026-03-14T14:00:00.735Z INFO  [ledger] txn=lt-a85d2 posted 2 entries (112ms)
2026-03-14T14:00:00.737Z INFO  [payments] req=req-96af63 charge captured txn=lt-a85d2
2026-03-14T14:00:00.741Z INFO  [orders] req=req-96af63 order o-6a9d24 confirmed
2026-03-14T14:00:00.744Z INFO  [gateway] req=req-96af63 POST /api/checkout -> 201 (249ms) user=u-3663
2026-03-14T14:00:01.481Z INFO  [auth] req=req-c4b9b5 token ok user=u-7552
2026-03-14T14:00:01.489Z INFO  [orders] req=req-c4b9b5 cart validated items=3 total=EUR 167.77
2026-03-14T14:00:01.497Z INFO  [inventory] req=req-c4b9b5 reserved 3 items hold=h-de483
2026-03-14T14:00:01.504Z INFO  [payments] req=req-c4b9b5 authorising EUR 167.77 with psp
2026-03-14T14:00:01.709Z INFO  [payments] req=req-c4b9b5 psp authorised ref=psp_d93c6218
2026-03-14T14:00:01.711Z INFO  [payments] req=req-c4b9b5 posting to ledger txn=lt-fb5a2 (attempt 1/2)
2026-03-14T14:00:01.786Z INFO  [ledger] txn=lt-fb5a2 posted 2 entries (73ms)
2026-03-14T14:00:01.788Z INFO  [payments] req=req-c4b9b5 charge captured txn=lt-fb5a2
2026-03-14T14:00:01.792Z INFO  [orders] req=req-c4b9b5 order o-79660a confirmed
2026-03-14T14:00:01.795Z INFO  [gateway] req=req-c4b9b5 POST /api/checkout -> 201 (315ms) user=u-7552
2026-03-14T14:00:02.307Z INFO  [gateway] req=req-506335 GET /api/products/SKU-0404 -> 200 (30ms)
2026-03-14T14:00:02.619Z INFO  [cache] stats hit_ratio=0.82 keys=18603 evictions/s=382
2026-03-14T14:00:02.622Z WARN  [cache] eviction rate high (433/s) - consider raising maxmemory
2026-03-14T14:00:03.478Z INFO  [gateway] req=req-73023b GET /api/products/SKU-0105 -> 200 (16ms)
2026-03-14T14:00:03.684Z INFO  [auth] req=req-1f1099 token ok user=u-6536
2026-03-14T14:00:03.699Z INFO  [gateway] req=req-1f1099 GET /api/cart -> 200 (40ms) user=u-6536
2026-03-14T14:00:05.001Z DEBUG [gateway] health ledger ok (5ms)
2026-03-14T14:00:05.009Z DEBUG [gateway] health auth ok (7ms)
2026-03-14T14:00:05.024Z DEBUG [gateway] health inventory ok (1ms)
2026-03-14T14:00:05.034Z DEBUG [gateway] health payments ok (9ms)
2026-03-14T14:00:05.038Z DEBUG [gateway] health orders ok (4ms)
2026-03-14T14:00:05.917Z INFO  [gateway] req=req-43d5c6 GET /api/products/SKU-0318 -> 200 (26ms)
2026-03-14T14:00:06.809Z INFO  [auth] req=req-7e5da7 login ok user=u-8977 session=s-e8d7f6ce
2026-03-14T14:00:06.813Z INFO  [gateway] req=req-7e5da7 POST /api/login -> 200 (34ms) user=u-8977
2026-03-14T14:00:07.300Z INFO  [ledger-db] pool stats in_use=2 idle=2 max=4 waiters=0
2026-03-14T14:00:07.488Z INFO  [auth] req=req-c5a7fb token ok user=u-9485
2026-03-14T14:00:07.496Z INFO  [orders] req=req-c5a7fb cart validated items=4 total=EUR 92.80
2026-03-14T14:00:07.502Z INFO  [auth] req=req-71203e token ok user=u-3726
2026-03-14T14:00:07.504Z INFO  [inventory] req=req-c5a7fb reserved 4 items hold=h-92024
2026-03-14T14:00:07.510Z INFO  [orders] req=req-71203e cart validated items=1 total=EUR 358.73
2026-03-14T14:00:07.511Z INFO  [payments] req=req-c5a7fb authorising EUR 92.80 with psp
2026-03-14T14:00:07.518Z INFO  [inventory] req=req-71203e reserved 1 items hold=h-1bc83
2026-03-14T14:00:07.525Z INFO  [payments] req=req-71203e authorising EUR 358.73 with psp
2026-03-14T14:00:07.698Z INFO  [payments] req=req-c5a7fb psp authorised ref=psp_3b80fffe
2026-03-14T14:00:07.700Z INFO  [payments] req=req-c5a7fb posting to ledger txn=lt-9553d (attempt 1/2)
2026-03-14T14:00:07.700Z DEBUG [ledger-db] acquire txn=lt-9553d waited=0ms in_use=4/4
2026-03-14T14:00:07.730Z INFO  [payments] req=req-71203e psp authorised ref=psp_426e8e7e
2026-03-14T14:00:07.732Z INFO  [payments] req=req-71203e posting to ledger txn=lt-b087d (attempt 1/2)
2026-03-14T14:00:07.806Z INFO  [ledger] txn=lt-b087d posted 2 entries (70ms)
2026-03-14T14:00:07.806Z INFO  [ledger] txn=lt-9553d posted 2 entries (106ms)
2026-03-14T14:00:07.808Z INFO  [payments] req=req-71203e charge captured txn=lt-b087d
2026-03-14T14:00:07.808Z INFO  [payments] req=req-c5a7fb charge captured txn=lt-9553d
2026-03-14T14:00:07.812Z INFO  [orders] req=req-71203e order o-5629dc confirmed
2026-03-14T14:00:07.812Z INFO  [orders] req=req-c5a7fb order o-78f774 confirmed
2026-03-14T14:00:07.815Z INFO  [gateway] req=req-71203e POST /api/checkout -> 201 (314ms) user=u-3726
2026-03-14T14:00:07.815Z INFO  [gateway] req=req-c5a7fb POST /api/checkout -> 201 (328ms) user=u-9485
2026-03-14T14:00:09.898Z INFO  [gateway] req=req-d39197 GET /api/products/SKU-0077 -> 200 (12ms)
2026-03-14T14:00:13.021Z INFO  [auth] req=req-0594f5 token ok user=u-7915
2026-03-14T14:00:13.029Z INFO  [orders] req=req-0594f5 cart validated items=1 total=EUR 216.16
2026-03-14T14:00:13.037Z INFO  [inventory] req=req-0594f5 reserved 1 items hold=h-8f202
2026-03-14T14:00:13.044Z INFO  [payments] req=req-0594f5 authorising EUR 216.16 with psp
2026-03-14T14:00:13.258Z INFO  [payments] req=req-0594f5 psp authorised ref=psp_65544bfd
2026-03-14T14:00:13.260Z INFO  [payments] req=req-0594f5 posting to ledger txn=lt-6904d (attempt 1/2)
2026-03-14T14:00:13.264Z DEBUG [ledger-db] acquire txn=lt-6904d waited=4ms in_use=1/4
2026-03-14T14:00:13.324Z INFO  [ledger] txn=lt-6904d posted 2 entries (60ms)
2026-03-14T14:00:13.326Z INFO  [payments] req=req-0594f5 charge captured txn=lt-6904d
2026-03-14T14:00:13.330Z INFO  [orders] req=req-0594f5 order o-9eb858 confirmed
2026-03-14T14:00:13.333Z INFO  [gateway] req=req-0594f5 POST /api/checkout -> 201 (313ms) user=u-7915
2026-03-14T14:00:21.583Z INFO  [gateway] req=req-a47361 GET /api/products/SKU-0318 -> 200 (30ms)
2026-03-14T14:00:22.601Z INFO  [auth] req=req-5e6669 token ok user=u-7915
2026-03-14T14:00:22.606Z INFO  [inventory] req=req-5e6669 availability SKU-0318: 195 in stock
2026-03-14T14:00:22.609Z INFO  [gateway] req=req-5e6669 GET /api/products/SKU-0318/availability -> 200 (9ms) user=u-7915
2026-03-14T14:00:23.551Z INFO  [auth] req=req-cee144 login ok user=u-6318 session=s-87391c3c
2026-03-14T14:00:23.555Z INFO  [gateway] req=req-cee144 POST /api/login -> 200 (34ms) user=u-6318
2026-03-14T14:00:28.951Z INFO  [auth] req=req-fd0e5e token ok user=u-4566
2026-03-14T14:00:28.956Z INFO  [inventory] req=req-fd0e5e availability SKU-0105: 13 in stock
2026-03-14T14:00:28.959Z INFO  [gateway] req=req-fd0e5e GET /api/products/SKU-0105/availability -> 200 (9ms) user=u-4566
2026-03-14T14:00:31.195Z INFO  [auth] req=req-246bef token ok user=u-9745
2026-03-14T14:00:31.203Z INFO  [orders] req=req-246bef cart validated items=3 total=EUR 155.15
2026-03-14T14:00:31.211Z INFO  [inventory] req=req-246bef reserved 3 items hold=h-91c38
2026-03-14T14:00:31.218Z INFO  [payments] req=req-246bef authorising EUR 155.15 with psp
2026-03-14T14:00:31.443Z INFO  [payments] req=req-246bef psp authorised ref=psp_0d21987b
2026-03-14T14:00:31.445Z INFO  [payments] req=req-246bef posting to ledger txn=lt-7885d (attempt 1/2)
2026-03-14T14:00:31.473Z INFO  [auth] req=req-3ed925 token ok user=u-7680
2026-03-14T14:00:31.478Z INFO  [inventory] req=req-3ed925 availability SKU-0901: 159 in stock
2026-03-14T14:00:31.481Z INFO  [gateway] req=req-3ed925 GET /api/products/SKU-0901/availability -> 200 (9ms) user=u-7680
2026-03-14T14:00:31.538Z INFO  [ledger] txn=lt-7885d posted 2 entries (89ms)
2026-03-14T14:00:31.540Z INFO  [payments] req=req-246bef charge captured txn=lt-7885d
2026-03-14T14:00:31.544Z INFO  [orders] req=req-246bef order o-344d04 confirmed
2026-03-14T14:00:31.547Z INFO  [gateway] req=req-246bef POST /api/checkout -> 201 (353ms) user=u-9745
2026-03-14T14:00:37.300Z INFO  [ledger-db] pool stats in_use=0 idle=4 max=4 waiters=0
2026-03-14T14:00:39.590Z INFO  [gateway] req=req-6996bd GET /api/products/SKU-0512 -> 200 (28ms)
2026-03-14T14:00:41.000Z INFO  [scheduler] job=purge-expired-sessions started
2026-03-14T14:00:41.428Z INFO  [scheduler] job=purge-expired-sessions finished removed=94
2026-03-14T14:00:42.887Z INFO  [auth] req=req-0d6374 token ok user=u-5253
2026-03-14T14:00:42.895Z INFO  [orders] req=req-0d6374 cart validated items=2 total=EUR 397.88
2026-03-14T14:00:42.903Z INFO  [inventory] req=req-0d6374 reserved 2 items hold=h-6d107
2026-03-14T14:00:42.910Z INFO  [payments] req=req-0d6374 authorising EUR 397.88 with psp
2026-03-14T14:00:43.083Z INFO  [payments] req=req-0d6374 psp authorised ref=psp_b07ee4a0
2026-03-14T14:00:43.085Z INFO  [payments] req=req-0d6374 posting to ledger txn=lt-07de6 (attempt 1/2)
2026-03-14T14:00:43.903Z WARN  [ledger-db] slow acquire txn=lt-07de6 waited=818ms in_use=4/4
2026-03-14T14:00:43.945Z INFO  [ledger] txn=lt-07de6 posted 2 entries (42ms)
2026-03-14T14:00:43.947Z INFO  [payments] req=req-0d6374 charge captured txn=lt-07de6
2026-03-14T14:00:43.951Z INFO  [orders] req=req-0d6374 order o-3ee801 confirmed
2026-03-14T14:00:43.954Z INFO  [gateway] req=req-0d6374 POST /api/checkout -> 201 (1068ms) user=u-5253
2026-03-14T14:00:48.185Z INFO  [auth] req=req-aced35 token ok user=u-5216
2026-03-14T14:00:48.216Z INFO  [gateway] req=req-aced35 GET /api/cart -> 200 (8ms) user=u-5216
2026-03-14T14:00:53.447Z INFO  [gateway] req=req-2ecaf3 GET /api/products/SKU-0318 -> 200 (18ms)
2026-03-14T14:00:54.131Z INFO  [auth] req=req-c9fcec token ok user=u-9567
2026-03-14T14:00:54.139Z INFO  [orders] req=req-c9fcec cart validated items=3 total=EUR 210.02
2026-03-14T14:00:54.147Z INFO  [inventory] req=req-c9fcec reserved 3 items hold=h-90e49
2026-03-14T14:00:54.154Z INFO  [payments] req=req-c9fcec authorising EUR 210.02 with psp
2026-03-14T14:00:54.407Z INFO  [payments] req=req-c9fcec psp authorised ref=psp_f5d42081
2026-03-14T14:00:54.409Z INFO  [payments] req=req-c9fcec posting to ledger txn=lt-ac882 (attempt 1/2)
2026-03-14T14:00:54.528Z INFO  [ledger] txn=lt-ac882 posted 2 entries (119ms)
2026-03-14T14:00:54.530Z INFO  [payments] req=req-c9fcec charge captured txn=lt-ac882
2026-03-14T14:00:54.534Z INFO  [orders] req=req-c9fcec order o-23ad5b confirmed
2026-03-14T14:00:54.537Z INFO  [gateway] req=req-c9fcec POST /api/checkout -> 201 (407ms) user=u-9567
2026-03-14T14:00:59.007Z INFO  [auth] req=req-e78903 login ok user=u-1380 session=s-c747d6dd
2026-03-14T14:00:59.011Z INFO  [gateway] req=req-e78903 POST /api/login -> 200 (34ms) user=u-1380
2026-03-14T14:00:59.144Z INFO  [auth] req=req-1dca9f token ok user=u-1606
2026-03-14T14:00:59.152Z INFO  [orders] req=req-1dca9f cart validated items=4 total=EUR 449.63
2026-03-14T14:00:59.160Z INFO  [inventory] req=req-1dca9f reserved 4 items hold=h-f25c0
2026-03-14T14:00:59.167Z INFO  [payments] req=req-1dca9f authorising EUR 449.63 with psp
2026-03-14T14:00:59.333Z INFO  [payments] req=req-1dca9f psp authorised ref=psp_166ea997
2026-03-14T14:00:59.335Z INFO  [payments] req=req-1dca9f posting to ledger txn=lt-b0305 (attempt 1/2)
2026-03-14T14:00:59.362Z INFO  [ledger] txn=lt-b0305 posted 2 entries (25ms)
2026-03-14T14:00:59.364Z INFO  [payments] req=req-1dca9f charge captured txn=lt-b0305
2026-03-14T14:00:59.368Z INFO  [orders] req=req-1dca9f order o-4cc9a0 confirmed
2026-03-14T14:00:59.371Z INFO  [gateway] req=req-1dca9f POST /api/checkout -> 201 (228ms) user=u-1606
2026-03-14T14:00:59.762Z INFO  [auth] req=req-16905e token ok user=u-9485
2026-03-14T14:00:59.770Z INFO  [orders] req=req-16905e cart validated items=2 total=EUR 33.80
2026-03-14T14:00:59.778Z INFO  [inventory] req=req-16905e reserved 2 items hold=h-fa733
2026-03-14T14:00:59.785Z INFO  [payments] req=req-16905e authorising EUR 33.80 with psp
2026-03-14T14:01:00.044Z INFO  [payments] req=req-16905e psp authorised ref=psp_079f542e
2026-03-14T14:01:00.046Z INFO  [payments] req=req-16905e posting to ledger txn=lt-10df7 (attempt 1/2)
2026-03-14T14:01:00.117Z INFO  [ledger] txn=lt-10df7 posted 2 entries (68ms)
2026-03-14T14:01:00.119Z INFO  [payments] req=req-16905e charge captured txn=lt-10df7
2026-03-14T14:01:00.123Z INFO  [orders] req=req-16905e order o-67b7f3 confirmed
2026-03-14T14:01:00.126Z INFO  [gateway] req=req-16905e POST /api/checkout -> 201 (365ms) user=u-9485
2026-03-14T14:01:05.007Z DEBUG [gateway] health auth ok (5ms)
2026-03-14T14:01:05.010Z DEBUG [gateway] health inventory ok (2ms)
2026-03-14T14:01:05.012Z DEBUG [gateway] health payments ok (3ms)
2026-03-14T14:01:05.018Z DEBUG [gateway] health ledger ok (5ms)
2026-03-14T14:01:05.030Z DEBUG [gateway] health orders ok (1ms)
2026-03-14T14:01:06.835Z INFO  [auth] req=req-00c938 login ok user=u-3569 session=s-62559bdb
2026-03-14T14:01:06.839Z INFO  [gateway] req=req-00c938 POST /api/login -> 200 (34ms) user=u-3569
2026-03-14T14:01:07.300Z INFO  [ledger-db] pool stats in_use=1 idle=3 max=4 waiters=0
2026-03-14T14:01:07.469Z INFO  [auth] req=req-11bd59 token ok user=u-4260
2026-03-14T14:01:07.482Z INFO  [gateway] req=req-11bd59 GET /api/cart -> 200 (30ms) user=u-4260
2026-03-14T14:01:10.103Z INFO  [auth] req=req-8c7aa1 token ok user=u-5424
2026-03-14T14:01:10.111Z INFO  [orders] req=req-8c7aa1 cart validated items=2 total=EUR 137.14
2026-03-14T14:01:10.119Z INFO  [inventory] req=req-8c7aa1 reserved 2 items hold=h-9bb72
2026-03-14T14:01:10.126Z INFO  [payments] req=req-8c7aa1 authorising EUR 137.14 with psp
2026-03-14T14:01:10.377Z INFO  [payments] req=req-8c7aa1 psp authorised ref=psp_c5d8624c
2026-03-14T14:01:10.379Z INFO  [payments] req=req-8c7aa1 posting to ledger txn=lt-d25e9 (attempt 1/2)
2026-03-14T14:01:10.497Z INFO  [ledger] txn=lt-d25e9 posted 2 entries (116ms)
2026-03-14T14:01:10.499Z INFO  [payments] req=req-8c7aa1 charge captured txn=lt-d25e9
2026-03-14T14:01:10.503Z INFO  [orders] req=req-8c7aa1 order o-8b3507 confirmed
2026-03-14T14:01:10.506Z INFO  [gateway] req=req-8c7aa1 POST /api/checkout -> 201 (404ms) user=u-5424
2026-03-14T14:01:10.780Z WARN  [auth] req=req-1b825a login failed for user=u-9398: bad password (attempt 2)
2026-03-14T14:01:10.818Z INFO  [gateway] req=req-1b825a POST /api/login -> 401 (40ms)
2026-03-14T14:01:14.189Z INFO  [auth] req=req-d51c78 token ok user=u-6810
2026-03-14T14:01:14.199Z INFO  [gateway] req=req-d51c78 GET /api/cart -> 200 (24ms) user=u-6810
2026-03-14T14:01:16.584Z INFO  [cache] stats hit_ratio=0.85 keys=20212 evictions/s=223
2026-03-14T14:01:18.510Z INFO  [gateway] req=req-d44e45 GET /api/products/SKU-0318 -> 200 (23ms)
2026-03-14T14:01:23.033Z WARN  [auth] req=req-e3b155 token expired user=u-1011
2026-03-14T14:01:23.034Z INFO  [gateway] req=req-e3b155 POST /api/checkout -> 401 (2ms)
2026-03-14T14:01:28.546Z INFO  [auth] req=req-d80852 token ok user=u-5253
2026-03-14T14:01:28.551Z INFO  [inventory] req=req-d80852 availability SKU-0105: 314 in stock
2026-03-14T14:01:28.554Z INFO  [gateway] req=req-d80852 GET /api/products/SKU-0105/availability -> 200 (9ms) user=u-5253
2026-03-14T14:01:28.704Z INFO  [auth] req=req-1aa053 token ok user=u-8116
2026-03-14T14:01:28.712Z INFO  [orders] req=req-1aa053 cart validated items=1 total=EUR 19.92
2026-03-14T14:01:28.720Z INFO  [inventory] req=req-1aa053 reserved 1 items hold=h-95c2f
2026-03-14T14:01:28.727Z INFO  [payments] req=req-1aa053 authorising EUR 19.92 with psp
2026-03-14T14:01:28.847Z INFO  [payments] req=req-1aa053 psp authorised ref=psp_a557b646
2026-03-14T14:01:28.849Z INFO  [payments] req=req-1aa053 posting to ledger txn=lt-e14ed (attempt 1/2)
2026-03-14T14:01:28.851Z DEBUG [ledger-db] acquire txn=lt-e14ed waited=2ms in_use=2/4
2026-03-14T14:01:28.931Z INFO  [ledger] txn=lt-e14ed posted 2 entries (80ms)
2026-03-14T14:01:28.933Z INFO  [payments] req=req-1aa053 charge captured txn=lt-e14ed
2026-03-14T14:01:28.937Z INFO  [orders] req=req-1aa053 order o-9fb801 confirmed
2026-03-14T14:01:28.940Z INFO  [gateway] req=req-1aa053 POST /api/checkout -> 201 (237ms) user=u-8116
2026-03-14T14:01:30.202Z INFO  [reports] req=req-aa825c export started rows~48549 format=csv
2026-03-14T14:01:32.574Z INFO  [gateway] req=req-145b8f GET /api/products/SKU-0230 -> 200 (19ms)
2026-03-14T14:01:32.774Z INFO  [gateway] req=req-e2c261 GET /api/products/SKU-0318 -> 200 (9ms)
2026-03-14T14:01:35.601Z INFO  [gateway] req=req-3740c3 GET /api/products/SKU-0230 -> 200 (17ms)
2026-03-14T14:01:37.295Z INFO  [auth] req=req-0ed02a token ok user=u-6318
2026-03-14T14:01:37.300Z INFO  [ledger-db] pool stats in_use=3 idle=1 max=4 waiters=0
2026-03-14T14:01:37.321Z INFO  [gateway] req=req-0ed02a GET /api/cart -> 200 (17ms) user=u-6318
2026-03-14T14:01:45.862Z INFO  [gateway] req=req-2d4c07 GET /api/products/SKU-0318 -> 200 (25ms)
2026-03-14T14:01:47.680Z INFO  [auth] req=req-b990a7 token ok user=u-3466
2026-03-14T14:01:47.684Z WARN  [orders] req=req-b990a7 validation failed: cart is empty
2026-03-14T14:01:47.685Z INFO  [gateway] req=req-b990a7 POST /api/checkout -> 422 (6ms) user=u-3466
2026-03-14T14:01:50.339Z INFO  [gateway] req=req-98eff8 GET /api/products/SKU-0105 -> 200 (28ms)
2026-03-14T14:01:56.092Z INFO  [gateway] req=req-64cca5 GET /api/products/SKU-0318 -> 200 (7ms)
2026-03-14T14:01:58.688Z INFO  [auth] req=req-67251b token ok user=u-1321
2026-03-14T14:01:58.696Z INFO  [gateway] req=req-67251b GET /api/cart -> 200 (19ms) user=u-1321
2026-03-14T14:02:00.202Z ERROR [reports] req=req-aa825c export exceeded 30000ms budget; cancelled (known issue, see RPT-212)
2026-03-14T14:02:00.206Z ERROR [gateway] req=req-aa825c GET /api/reports/export -> 504 (30006ms) user=u-8109
2026-03-14T14:02:00.856Z INFO  [auth] req=req-bb8e8a token ok user=u-8295
2026-03-14T14:02:00.893Z INFO  [gateway] req=req-bb8e8a GET /api/cart -> 200 (18ms) user=u-8295
2026-03-14T14:02:01.005Z INFO  [auth] req=req-51df23 token ok user=u-6211
2026-03-14T14:02:01.036Z INFO  [gateway] req=req-51df23 GET /api/cart -> 200 (31ms) user=u-6211
2026-03-14T14:02:03.000Z WARN  [scheduler] job=reindex-search skipped: lock held by node-b (this is expected on secondary nodes)
2026-03-14T14:02:03.203Z INFO  [auth] req=req-1c71f6 token ok user=u-2699
2026-03-14T14:02:03.211Z INFO  [orders] req=req-1c71f6 cart validated items=3 total=EUR 324.16
2026-03-14T14:02:03.219Z INFO  [inventory] req=req-1c71f6 reserved 3 items hold=h-9ce43
2026-03-14T14:02:03.226Z INFO  [payments] req=req-1c71f6 authorising EUR 324.16 with psp
2026-03-14T14:02:03.323Z INFO  [payments] req=req-1c71f6 psp authorised ref=psp_24ba2c3c
2026-03-14T14:02:03.325Z INFO  [payments] req=req-1c71f6 posting to ledger txn=lt-5d389 (attempt 1/2)
2026-03-14T14:02:03.441Z INFO  [ledger] txn=lt-5d389 posted 2 entries (115ms)
2026-03-14T14:02:03.443Z INFO  [payments] req=req-1c71f6 charge captured txn=lt-5d389
2026-03-14T14:02:03.447Z INFO  [orders] req=req-1c71f6 order o-8d3bcb confirmed
2026-03-14T14:02:03.450Z INFO  [gateway] req=req-1c71f6 POST /api/checkout -> 201 (248ms) user=u-2699
2026-03-14T14:02:05.012Z DEBUG [gateway] health auth ok (4ms)
2026-03-14T14:02:05.015Z DEBUG [gateway] health orders ok (8ms)
2026-03-14T14:02:05.015Z DEBUG [gateway] health inventory ok (7ms)
2026-03-14T14:02:05.021Z DEBUG [gateway] health ledger ok (1ms)
2026-03-14T14:02:05.034Z DEBUG [gateway] health payments ok (4ms)
2026-03-14T14:02:05.528Z INFO  [auth] req=req-b09a2f token ok user=u-1269
2026-03-14T14:02:05.536Z INFO  [orders] req=req-b09a2f cart validated items=2 total=EUR 156.39
2026-03-14T14:02:05.544Z INFO  [inventory] req=req-b09a2f reserved 2 items hold=h-4dab6
2026-03-14T14:02:05.551Z INFO  [payments] req=req-b09a2f authorising EUR 156.39 with psp
2026-03-14T14:02:05.671Z INFO  [payments] req=req-b09a2f psp authorised ref=psp_1a91ac00
2026-03-14T14:02:05.673Z INFO  [payments] req=req-b09a2f posting to ledger txn=lt-f34e6 (attempt 1/2)
2026-03-14T14:02:05.792Z INFO  [ledger] txn=lt-f34e6 posted 2 entries (117ms)
2026-03-14T14:02:05.794Z INFO  [payments] req=req-b09a2f charge captured txn=lt-f34e6
2026-03-14T14:02:05.798Z INFO  [orders] req=req-b09a2f order o-b111f1 confirmed
2026-03-14T14:02:05.801Z INFO  [gateway] req=req-b09a2f POST /api/checkout -> 201 (274ms) user=u-1269
2026-03-14T14:02:07.016Z INFO  [gateway] req=req-60809a GET /api/products/SKU-0512 -> 200 (8ms)
2026-03-14T14:02:07.300Z INFO  [ledger-db] pool stats in_use=1 idle=3 max=4 waiters=0
2026-03-14T14:02:08.203Z INFO  [gateway] req=req-b19f02 GET /api/products/SKU-0901 -> 200 (29ms)
2026-03-14T14:02:10.400Z ERROR [mailer] SMTP 421 4.7.0 try again later (smtp-relay-2) message=m-1e2910; queued for retry
2026-03-14T14:02:14.038Z INFO  [auth] req=req-b258c9 token ok user=u-7033
2026-03-14T14:02:14.046Z INFO  [orders] req=req-b258c9 cart validated items=4 total=EUR 435.77
2026-03-14T14:02:14.054Z INFO  [inventory] req=req-b258c9 reserved 4 items hold=h-f0cc8
2026-03-14T14:02:14.061Z INFO  [payments] req=req-b258c9 authorising EUR 435.77 with psp
2026-03-14T14:02:14.255Z INFO  [payments] req=req-b258c9 psp authorised ref=psp_a4c9c38f
2026-03-14T14:02:14.257Z INFO  [payments] req=req-b258c9 posting to ledger txn=lt-c64ea (attempt 1/2)
2026-03-14T14:02:15.208Z WARN  [ledger-db] slow acquire txn=lt-c64ea waited=951ms in_use=4/4
2026-03-14T14:02:15.262Z INFO  [ledger] txn=lt-c64ea posted 2 entries (54ms)
2026-03-14T14:02:15.264Z INFO  [payments] req=req-b258c9 charge captured txn=lt-c64ea
2026-03-14T14:02:15.268Z INFO  [orders] req=req-b258c9 order o-bab7dd confirmed
2026-03-14T14:02:15.271Z INFO  [gateway] req=req-b258c9 POST /api/checkout -> 201 (1234ms) user=u-7033
2026-03-14T14:02:19.205Z INFO  [auth] req=req-b8b294 token ok user=u-6774
2026-03-14T14:02:19.229Z INFO  [gateway] req=req-b8b294 GET /api/cart -> 200 (13ms) user=u-6774
2026-03-14T14:02:19.803Z INFO  [auth] req=req-819211 token ok user=u-5443
2026-03-14T14:02:19.817Z INFO  [gateway] req=req-819211 GET /api/orders/o-5bff16 -> 200 (15ms) user=u-5443
2026-03-14T14:02:21.658Z INFO  [auth] req=req-c7ed98 token ok user=u-9817
2026-03-14T14:02:21.695Z INFO  [gateway] req=req-c7ed98 GET /api/cart -> 200 (38ms) user=u-9817
2026-03-14T14:02:21.861Z INFO  [auth] req=req-8f901c token ok user=u-4422
2026-03-14T14:02:21.869Z INFO  [orders] req=req-8f901c cart validated items=2 total=EUR 289.48
2026-03-14T14:02:21.877Z INFO  [inventory] req=req-8f901c reserved 2 items hold=h-646ce
2026-03-14T14:02:21.884Z INFO  [payments] req=req-8f901c authorising EUR 289.48 with psp
2026-03-14T14:02:22.045Z INFO  [payments] req=req-8f901c psp authorised ref=psp_0665bcc8
2026-03-14T14:02:22.047Z INFO  [payments] req=req-8f901c posting to ledger txn=lt-b93f4 (attempt 1/2)
2026-03-14T14:02:22.051Z DEBUG [ledger-db] acquire txn=lt-b93f4 waited=4ms in_use=5/4
2026-03-14T14:02:22.167Z INFO  [ledger] txn=lt-b93f4 posted 2 entries (116ms)
2026-03-14T14:02:22.169Z INFO  [payments] req=req-8f901c charge captured txn=lt-b93f4
2026-03-14T14:02:22.173Z INFO  [orders] req=req-8f901c order o-4180bb confirmed
2026-03-14T14:02:22.176Z INFO  [gateway] req=req-8f901c POST /api/checkout -> 201 (316ms) user=u-4422
2026-03-14T14:02:25.256Z INFO  [auth] req=req-fd6a74 token ok user=u-5416
2026-03-14T14:02:25.264Z INFO  [orders] req=req-fd6a74 cart validated items=5 total=EUR 23.26
2026-03-14T14:02:25.272Z INFO  [inventory] req=req-fd6a74 reserved 5 items hold=h-c8b79
2026-03-14T14:02:25.279Z INFO  [payments] req=req-fd6a74 authorising EUR 23.26 with psp
2026-03-14T14:02:25.404Z INFO  [payments] req=req-fd6a74 psp authorised ref=psp_400243e0
2026-03-14T14:02:25.406Z INFO  [payments] req=req-fd6a74 posting to ledger txn=lt-80c31 (attempt 1/2)
2026-03-14T14:02:25.460Z INFO  [ledger] txn=lt-80c31 posted 2 entries (51ms)
2026-03-14T14:02:25.462Z INFO  [payments] req=req-fd6a74 charge captured txn=lt-80c31
2026-03-14T14:02:25.466Z INFO  [orders] req=req-fd6a74 order o-44fa58 confirmed
2026-03-14T14:02:25.469Z INFO  [gateway] req=req-fd6a74 POST /api/checkout -> 201 (214ms) user=u-5416
2026-03-14T14:02:26.370Z INFO  [cache] stats hit_ratio=0.82 keys=19338 evictions/s=309
2026-03-14T14:02:26.373Z WARN  [cache] eviction rate high (385/s) - consider raising maxmemory
2026-03-14T14:02:27.964Z INFO  [auth] req=req-872c66 token ok user=u-4520
2026-03-14T14:02:27.972Z INFO  [orders] req=req-872c66 cart validated items=1 total=EUR 440.22
2026-03-14T14:02:27.980Z INFO  [inventory] req=req-872c66 reserved 1 items hold=h-b1313
2026-03-14T14:02:27.987Z INFO  [payments] req=req-872c66 authorising EUR 440.22 with psp
2026-03-14T14:02:28.178Z INFO  [payments] req=req-872c66 psp authorised ref=psp_b59aee4b
2026-03-14T14:02:28.180Z INFO  [payments] req=req-872c66 posting to ledger txn=lt-49000 (attempt 1/2)
2026-03-14T14:02:28.422Z INFO  [gateway] req=req-b57086 GET /api/products/SKU-0512 -> 200 (8ms)
2026-03-14T14:02:28.747Z WARN  [ledger-db] slow acquire txn=lt-49000 waited=567ms in_use=4/4
2026-03-14T14:02:28.792Z INFO  [ledger] txn=lt-49000 posted 2 entries (45ms)
2026-03-14T14:02:28.794Z INFO  [payments] req=req-872c66 charge captured txn=lt-49000
2026-03-14T14:02:28.798Z INFO  [orders] req=req-872c66 order o-7e57e2 confirmed
2026-03-14T14:02:28.801Z INFO  [gateway] req=req-872c66 POST /api/checkout -> 201 (838ms) user=u-4520
2026-03-14T14:02:33.682Z INFO  [gateway] req=req-85c2b0 GET /api/products/SKU-1203 -> 200 (4ms)
2026-03-14T14:02:35.727Z INFO  [auth] req=req-37e9f1 token ok user=u-7745
2026-03-14T14:02:35.735Z INFO  [orders] req=req-37e9f1 cart validated items=6 total=EUR 204.36
2026-03-14T14:02:35.743Z INFO  [inventory] req=req-37e9f1 reserved 6 items hold=h-b5460
2026-03-14T14:02:35.750Z INFO  [payments] req=req-37e9f1 authorising EUR 204.36 with psp
2026-03-14T14:02:35.866Z INFO  [payments] req=req-37e9f1 psp authorised ref=psp_dcd2db1c
2026-03-14T14:02:35.868Z INFO  [payments] req=req-37e9f1 posting to ledger txn=lt-d89ae (attempt 1/2)
2026-03-14T14:02:35.870Z DEBUG [ledger-db] acquire txn=lt-d89ae waited=2ms in_use=3/4
2026-03-14T14:02:35.941Z INFO  [ledger] txn=lt-d89ae posted 2 entries (71ms)
2026-03-14T14:02:35.943Z INFO  [payments] req=req-37e9f1 charge captured txn=lt-d89ae
2026-03-14T14:02:35.947Z INFO  [orders] req=req-37e9f1 order o-cd6e3e confirmed
2026-03-14T14:02:35.950Z INFO  [gateway] req=req-37e9f1 POST /api/checkout -> 201 (224ms) user=u-7745
2026-03-14T14:02:36.734Z INFO  [auth] req=req-6b57cf token ok user=u-7444
2026-03-14T14:02:36.762Z INFO  [gateway] req=req-6b57cf GET /api/cart -> 200 (12ms) user=u-7444
2026-03-14T14:02:37.300Z INFO  [ledger-db] pool stats in_use=3 idle=1 max=4 waiters=0
2026-03-14T14:02:40.400Z INFO  [mailer] message=m-1e2910 delivered after 1 retry
2026-03-14T14:02:56.048Z INFO  [gateway] req=req-3f060c GET /api/products/SKU-0230 -> 200 (15ms)
2026-03-14T14:02:56.241Z INFO  [gateway] req=req-00b609 GET /api/products/SKU-0077 -> 200 (19ms)
2026-03-14T14:02:58.101Z INFO  [gateway] req=req-9bc057 GET /api/products/SKU-0105 -> 200 (18ms)
2026-03-14T14:02:58.901Z INFO  [auth] req=req-b921bc token ok user=u-9456
2026-03-14T14:02:58.909Z INFO  [orders] req=req-b921bc cart validated items=1 total=EUR 189.81
2026-03-14T14:02:58.917Z INFO  [inventory] req=req-b921bc reserved 1 items hold=h-a17c8
2026-03-14T14:02:58.924Z INFO  [payments] req=req-b921bc authorising EUR 189.81 with psp
2026-03-14T14:02:59.168Z INFO  [payments] req=req-b921bc psp authorised ref=psp_6de2e92c
2026-03-14T14:02:59.170Z INFO  [payments] req=req-b921bc posting to ledger txn=lt-a3553 (attempt 1/2)
2026-03-14T14:02:59.222Z INFO  [ledger] txn=lt-a3553 posted 2 entries (48ms)
2026-03-14T14:02:59.224Z INFO  [payments] req=req-b921bc charge captured txn=lt-a3553
2026-03-14T14:02:59.228Z INFO  [orders] req=req-b921bc order o-37ed29 confirmed
2026-03-14T14:02:59.231Z INFO  [gateway] req=req-b921bc POST /api/checkout -> 201 (331ms) user=u-9456
2026-03-14T14:03:00.000Z INFO  [ledger] settlement batch started: 51377 rows, workers=3 (each holds one db connection)
2026-03-14T14:03:00.794Z INFO  [auth] req=req-01f758 login ok user=u-7884 session=s-b31f5869
2026-03-14T14:03:00.798Z INFO  [gateway] req=req-01f758 POST /api/login -> 200 (34ms) user=u-7884
2026-03-14T14:03:05.008Z DEBUG [gateway] health auth ok (9ms)
2026-03-14T14:03:05.022Z DEBUG [gateway] health ledger ok (7ms)
2026-03-14T14:03:05.027Z DEBUG [gateway] health payments ok (1ms)
2026-03-14T14:03:05.028Z DEBUG [gateway] health inventory ok (8ms)
2026-03-14T14:03:05.036Z DEBUG [gateway] health orders ok (6ms)
2026-03-14T14:03:06.326Z INFO  [auth] req=req-c78f93 login ok user=u-7809 session=s-f1021bbe
2026-03-14T14:03:06.330Z INFO  [gateway] req=req-c78f93 POST /api/login -> 200 (34ms) user=u-7809
2026-03-14T14:03:07.300Z INFO  [ledger-db] pool stats in_use=4 idle=0 max=4 waiters=13
2026-03-14T14:03:08.760Z INFO  [gateway] req=req-021717 GET /api/products/SKU-0901 -> 200 (18ms)
2026-03-14T14:03:20.105Z INFO  [gateway] req=req-bf361b GET /api/products/SKU-0512 -> 200 (22ms)
2026-03-14T14:03:21.900Z INFO  [auth] req=req-87af11 token ok user=u-6266
2026-03-14T14:03:21.914Z INFO  [gateway] req=req-87af11 GET /api/orders/o-24b328 -> 200 (15ms) user=u-6266
2026-03-14T14:03:22.605Z INFO  [auth] req=req-63ce56 login ok user=u-8541 session=s-0188e59c
2026-03-14T14:03:22.609Z INFO  [gateway] req=req-63ce56 POST /api/login -> 200 (34ms) user=u-8541
2026-03-14T14:03:24.910Z INFO  [gateway] req=req-4f717f GET /api/products/SKU-0901 -> 200 (16ms)
2026-03-14T14:03:27.570Z INFO  [auth] req=req-38f4f5 token ok user=u-1140
2026-03-14T14:03:27.575Z INFO  [inventory] req=req-38f4f5 availability SKU-0318: 375 in stock
2026-03-14T14:03:27.578Z INFO  [gateway] req=req-38f4f5 GET /api/products/SKU-0318/availability -> 200 (9ms) user=u-1140
2026-03-14T14:03:27.658Z INFO  [auth] req=req-b69faf token ok user=u-4569
2026-03-14T14:03:27.666Z INFO  [orders] req=req-b69faf cart validated items=2 total=EUR 34.27
2026-03-14T14:03:27.674Z INFO  [inventory] req=req-b69faf reserved 2 items hold=h-cd76c
2026-03-14T14:03:27.681Z INFO  [payments] req=req-b69faf authorising EUR 34.27 with psp
2026-03-14T14:03:27.796Z INFO  [payments] req=req-b69faf psp authorised ref=psp_dd1c72e0
2026-03-14T14:03:27.798Z INFO  [payments] req=req-b69faf posting to ledger txn=lt-b1086 (attempt 1/2)
2026-03-14T14:03:28.015Z INFO  [gateway] req=req-dee212 GET /api/products/SKU-0077 -> 200 (22ms)
2026-03-14T14:03:28.579Z INFO  [cache] stats hit_ratio=0.8 keys=18903 evictions/s=175
2026-03-14T14:03:29.800Z ERROR [ledger-db] acquire timeout after 2000ms txn=lt-b1086 in_use=4/4 waiters=9
2026-03-14T14:03:29.801Z ERROR [ledger] txn=lt-b1086 aborted: PoolTimeout (could not get a connection)
2026-03-14T14:03:29.803Z WARN  [payments] req=req-b69faf ledger post failed txn=lt-b1086: 503 ledger unavailable, retrying in 100ms
2026-03-14T14:03:29.903Z INFO  [payments] req=req-b69faf posting to ledger txn=lt-a9e02 (attempt 2/2)
2026-03-14T14:03:30.323Z INFO  [gateway] req=req-96d965 GET /api/products/SKU-0077 -> 200 (20ms)
2026-03-14T14:03:31.171Z INFO  [gateway] req=req-be8786 GET /api/products/SKU-0012 -> 200 (8ms)
2026-03-14T14:03:31.217Z WARN  [ledger-db] slow acquire txn=lt-a9e02 waited=1314ms in_use=4/4
2026-03-14T14:03:31.320Z INFO  [ledger] txn=lt-a9e02 posted 2 entries (103ms)
2026-03-14T14:03:31.322Z INFO  [payments] req=req-b69faf charge captured txn=lt-a9e02
2026-03-14T14:03:31.326Z INFO  [orders] req=req-b69faf order o-2ed6d5 confirmed
2026-03-14T14:03:31.329Z INFO  [gateway] req=req-b69faf POST /api/checkout -> 201 (3672ms) user=u-4569
2026-03-14T14:03:33.957Z INFO  [auth] req=req-081c29 token ok user=u-8109
2026-03-14T14:03:33.993Z INFO  [gateway] req=req-081c29 GET /api/cart -> 200 (9ms) user=u-8109
2026-03-14T14:03:34.140Z INFO  [gateway] req=req-8a51fd GET /api/products/SKU-0318 -> 200 (5ms)
2026-03-14T14:03:35.349Z INFO  [auth] req=req-29e6d1 login ok user=u-4260 session=s-105c2055
2026-03-14T14:03:35.353Z INFO  [gateway] req=req-29e6d1 POST /api/login -> 200 (34ms) user=u-4260
2026-03-14T14:03:35.918Z INFO  [auth] req=req-8f2d6e token ok user=u-2947
2026-03-14T14:03:35.955Z INFO  [gateway] req=req-8f2d6e GET /api/cart -> 200 (14ms) user=u-2947
2026-03-14T14:03:36.447Z INFO  [auth] req=req-6f69c3 token ok user=u-6889
2026-03-14T14:03:36.452Z INFO  [inventory] req=req-6f69c3 availability SKU-0230: 55 in stock
2026-03-14T14:03:36.455Z INFO  [gateway] req=req-6f69c3 GET /api/products/SKU-0230/availability -> 200 (9ms) user=u-6889
2026-03-14T14:03:37.300Z INFO  [ledger-db] pool stats in_use=4 idle=0 max=4 waiters=6
2026-03-14T14:03:37.959Z INFO  [auth] req=req-0fe167 token ok user=u-6774
2026-03-14T14:03:37.967Z INFO  [orders] req=req-0fe167 cart validated items=4 total=EUR 464.99
2026-03-14T14:03:37.975Z INFO  [inventory] req=req-0fe167 reserved 4 items hold=h-74228
2026-03-14T14:03:37.982Z INFO  [payments] req=req-0fe167 authorising EUR 464.99 with psp
2026-03-14T14:03:38.164Z INFO  [payments] req=req-0fe167 psp authorised ref=psp_d57e5e92
2026-03-14T14:03:38.166Z INFO  [payments] req=req-0fe167 posting to ledger txn=lt-d6324 (attempt 1/2)
2026-03-14T14:03:39.169Z INFO  [auth] req=req-82897f token ok user=u-1460
2026-03-14T14:03:39.183Z INFO  [gateway] req=req-82897f GET /api/orders/o-806b70 -> 200 (15ms) user=u-1460
2026-03-14T14:03:40.172Z ERROR [ledger-db] acquire timeout after 2000ms txn=lt-d6324 in_use=4/4 waiters=15
2026-03-14T14:03:40.173Z ERROR [ledger] txn=lt-d6324 aborted: PoolTimeout (could not get a connection)
2026-03-14T14:03:40.175Z WARN  [payments] req=req-0fe167 ledger post failed txn=lt-d6324: 503 ledger unavailable, retrying in 100ms
2026-03-14T14:03:40.275Z INFO  [payments] req=req-0fe167 posting to ledger txn=lt-fe113 (attempt 2/2)
2026-03-14T14:03:42.275Z ERROR [ledger-db] acquire timeout after 2000ms txn=lt-fe113 in_use=4/4 waiters=20
2026-03-14T14:03:42.276Z ERROR [ledger] txn=lt-fe113 aborted: PoolTimeout (could not get a connection)
2026-03-14T14:03:42.278Z ERROR [payments] req=req-0fe167 ledger post failed txn=lt-fe113: 503 ledger unavailable
2026-03-14T14:03:42.279Z ERROR [payments] req=req-0fe167 charge failed after 2 attempts: ledger unavailable (txns lt-d6324, lt-fe113); voiding psp authorisation
2026-03-14T14:03:42.282Z INFO  [inventory] req=req-0fe167 released hold=h-74228
2026-03-14T14:03:42.283Z ERROR [orders] req=req-0fe167 checkout failed: payment step returned 502
2026-03-14T14:03:42.285Z ERROR [gateway] req=req-0fe167 POST /api/checkout -> 502 (4327ms) user=u-6774
2026-03-14T14:03:42.977Z INFO  [auth] req=req-15be19 token ok user=u-3301
2026-03-14T14:03:42.996Z INFO  [gateway] req=req-15be19 GET /api/cart -> 200 (36ms) user=u-3301
2026-03-14T14:03:43.013Z INFO  [gateway] req=req-88cde9 GET /api/products/SKU-0777 -> 200 (20ms)
2026-03-14T14:03:43.175Z INFO  [auth] req=req-5ac300 token ok user=u-6743
2026-03-14T14:03:43.183Z INFO  [orders] req=req-5ac300 cart validated items=5 total=EUR 111.94
2026-03-14T14:03:43.191Z INFO  [inventory] req=req-5ac300 reserved 5 items hold=h-b78ed
2026-03-14T14:03:43.198Z INFO  [payments] req=req-5ac300 authorising EUR 111.94 with psp
2026-03-14T14:03:43.409Z INFO  [payments] req=req-5ac300 psp authorised ref=psp_2433cdc0
2026-03-14T14:03:43.411Z INFO  [payments] req=req-5ac300 posting to ledger txn=lt-e4e7d (attempt 1/2)
2026-03-14T14:03:44.897Z WARN  [ledger-db] slow acquire txn=lt-e4e7d waited=1486ms in_use=4/4
2026-03-14T14:03:44.976Z INFO  [ledger] txn=lt-e4e7d posted 2 entries (79ms)
2026-03-14T14:03:44.978Z INFO  [payments] req=req-5ac300 charge captured txn=lt-e4e7d
2026-03-14T14:03:44.982Z INFO  [orders] req=req-5ac300 order o-c55aad confirmed
2026-03-14T14:03:44.985Z INFO  [gateway] req=req-5ac300 POST /api/checkout -> 201 (1811ms) user=u-6743
2026-03-14T14:03:48.203Z INFO  [auth] req=req-b4708b token ok user=u-7344
2026-03-14T14:03:48.208Z INFO  [inventory] req=req-b4708b availability SKU-0318: 174 in stock
2026-03-14T14:03:48.211Z INFO  [gateway] req=req-b4708b GET /api/products/SKU-0318/availability -> 200 (9ms) user=u-7344
2026-03-14T14:03:51.592Z INFO  [gateway] req=req-ee57fb GET /api/products/SKU-0512 -> 200 (28ms)
2026-03-14T14:03:52.491Z INFO  [auth] req=req-a60c5b token ok user=u-9737
2026-03-14T14:03:52.512Z INFO  [gateway] req=req-a60c5b GET /api/cart -> 200 (10ms) user=u-9737
2026-03-14T14:03:52.942Z INFO  [auth] req=req-1fbe9e token ok user=u-5255
2026-03-14T14:03:52.950Z INFO  [orders] req=req-1fbe9e cart validated items=4 total=EUR 174.23
2026-03-14T14:03:52.958Z INFO  [inventory] req=req-1fbe9e reserved 4 items hold=h-163d3
2026-03-14T14:03:52.965Z INFO  [payments] req=req-1fbe9e authorising EUR 174.23 with psp
2026-03-14T14:03:53.138Z INFO  [payments] req=req-1fbe9e psp authorised ref=psp_76179a05
2026-03-14T14:03:53.140Z INFO  [payments] req=req-1fbe9e posting to ledger txn=lt-b68b5 (attempt 1/2)
2026-03-14T14:03:54.093Z WARN  [ledger-db] slow acquire txn=lt-b68b5 waited=953ms in_use=4/4
2026-03-14T14:03:54.132Z INFO  [ledger] txn=lt-b68b5 posted 2 entries (39ms)
2026-03-14T14:03:54.134Z INFO  [payments] req=req-1fbe9e charge captured txn=lt-b68b5
2026-03-14T14:03:54.138Z INFO  [orders] req=req-1fbe9e order o-21fdb6 confirmed
2026-03-14T14:03:54.141Z INFO  [gateway] req=req-1fbe9e POST /api/checkout -> 201 (1200ms) user=u-5255
2026-03-14T14:04:00.422Z INFO  [auth] req=req-af0582 token ok user=u-7033
2026-03-14T14:04:00.427Z INFO  [inventory] req=req-af0582 availability SKU-0404: 99 in stock
2026-03-14T14:04:00.430Z INFO  [gateway] req=req-af0582 GET /api/products/SKU-0404/availability -> 200 (9ms) user=u-7033
2026-03-14T14:04:02.281Z INFO  [auth] req=req-32ba1d login ok user=u-2243 session=s-fc3cddb8
2026-03-14T14:04:02.285Z INFO  [gateway] req=req-32ba1d POST /api/login -> 200 (34ms) user=u-2243
2026-03-14T14:04:02.304Z INFO  [gateway] req=req-37ba0a GET /api/products/SKU-0512 -> 200 (15ms)
2026-03-14T14:04:04.561Z INFO  [gateway] req=req-d63925 GET /api/products/SKU-0777 -> 200 (5ms)
2026-03-14T14:04:05.001Z DEBUG [gateway] health auth ok (5ms)
2026-03-14T14:04:05.003Z DEBUG [gateway] health ledger ok (4ms)
2026-03-14T14:04:05.013Z DEBUG [gateway] health orders ok (5ms)
2026-03-14T14:04:05.017Z DEBUG [gateway] health inventory ok (6ms)
2026-03-14T14:04:05.022Z DEBUG [gateway] health payments ok (3ms)
2026-03-14T14:04:07.300Z INFO  [ledger-db] pool stats in_use=4 idle=0 max=4 waiters=18
2026-03-14T14:04:07.641Z INFO  [auth] req=req-bbbdde token ok user=u-6511
2026-03-14T14:04:07.669Z INFO  [gateway] req=req-bbbdde GET /api/cart -> 200 (20ms) user=u-6511
2026-03-14T14:04:07.994Z INFO  [auth] req=req-7ee0ca token ok user=u-5876
2026-03-14T14:04:07.999Z INFO  [inventory] req=req-7ee0ca availability SKU-0777: 73 in stock
2026-03-14T14:04:08.002Z INFO  [gateway] req=req-7ee0ca GET /api/products/SKU-0777/availability -> 200 (9ms) user=u-5876
2026-03-14T14:04:09.675Z INFO  [gateway] req=req-9736ef GET /api/products/SKU-0012 -> 200 (4ms)
2026-03-14T14:04:10.803Z INFO  [gateway] req=req-10c03d GET /api/products/SKU-0777 -> 200 (15ms)
2026-03-14T14:04:16.005Z INFO  [gateway] req=req-c5ecc9 GET /api/products/SKU-0012 -> 200 (5ms)
2026-03-14T14:04:16.900Z INFO  [auth] req=req-c8b58e login ok user=u-6318 session=s-f9542707
2026-03-14T14:04:16.904Z INFO  [gateway] req=req-c8b58e POST /api/login -> 200 (34ms) user=u-6318
2026-03-14T14:04:18.559Z INFO  [auth] req=req-21c3ee token ok user=u-4260
2026-03-14T14:04:18.573Z INFO  [gateway] req=req-21c3ee GET /api/orders/o-51821c -> 200 (15ms) user=u-4260
2026-03-14T14:04:18.806Z INFO  [gateway] req=req-1f2891 GET /api/products/SKU-0901 -> 200 (16ms)
2026-03-14T14:04:25.465Z INFO  [gateway] req=req-d4fb31 GET /api/products/SKU-0318 -> 200 (13ms)
2026-03-14T14:04:27.149Z INFO  [gateway] req=req-49468b GET /api/products/SKU-0012 -> 200 (11ms)
2026-03-14T14:04:31.072Z INFO  [auth] req=req-468d73 token ok user=u-1632
2026-03-14T14:04:31.109Z INFO  [gateway] req=req-468d73 GET /api/cart -> 200 (8ms) user=u-1632
2026-03-14T14:04:32.290Z INFO  [cache] stats hit_ratio=0.82 keys=20750 evictions/s=398
2026-03-14T14:04:32.293Z WARN  [cache] eviction rate high (404/s) - consider raising maxmemory
2026-03-14T14:04:32.821Z INFO  [auth] req=req-82765f login ok user=u-8541 session=s-b69561e3
2026-03-14T14:04:32.825Z INFO  [gateway] req=req-82765f POST /api/login -> 200 (34ms) user=u-8541
2026-03-14T14:04:37.228Z WARN  [auth] req=req-a04f25 token expired user=u-5255
2026-03-14T14:04:37.229Z INFO  [gateway] req=req-a04f25 POST /api/checkout -> 401 (2ms)
2026-03-14T14:04:37.300Z INFO  [ledger-db] pool stats in_use=4 idle=0 max=4 waiters=10
2026-03-14T14:04:40.256Z INFO  [gateway] req=req-adf876 GET /api/products/SKU-0077 -> 200 (10ms)
2026-03-14T14:04:41.160Z INFO  [auth] req=req-e53c16 token ok user=u-8451
2026-03-14T14:04:41.168Z INFO  [orders] req=req-e53c16 cart validated items=3 total=EUR 171.84
2026-03-14T14:04:41.176Z INFO  [inventory] req=req-e53c16 reserved 3 items hold=h-1f0fa
2026-03-14T14:04:41.183Z INFO  [payments] req=req-e53c16 authorising EUR 171.84 with psp
2026-03-14T14:04:41.218Z INFO  [gateway] req=req-ea99bc GET /api/products/SKU-0512 -> 200 (11ms)
2026-03-14T14:04:41.330Z INFO  [payments] req=req-e53c16 psp authorised ref=psp_ad927ea3
2026-03-14T14:04:41.332Z INFO  [payments] req=req-e53c16 posting to ledger txn=lt-e8c4f (attempt 1/2)
2026-03-14T14:04:43.333Z ERROR [ledger-db] acquire timeout after 2000ms txn=lt-e8c4f in_use=4/4 waiters=9
2026-03-14T14:04:43.334Z ERROR [ledger] txn=lt-e8c4f aborted: PoolTimeout (could not get a connection)
2026-03-14T14:04:43.336Z WARN  [payments] req=req-e53c16 ledger post failed txn=lt-e8c4f: 503 ledger unavailable, retrying in 100ms
2026-03-14T14:04:43.436Z INFO  [payments] req=req-e53c16 posting to ledger txn=lt-23cbd (attempt 2/2)
2026-03-14T14:04:45.441Z ERROR [ledger-db] acquire timeout after 2000ms txn=lt-23cbd in_use=4/4 waiters=18
2026-03-14T14:04:45.442Z ERROR [ledger] txn=lt-23cbd aborted: PoolTimeout (could not get a connection)
2026-03-14T14:04:45.444Z ERROR [payments] req=req-e53c16 ledger post failed txn=lt-23cbd: 503 ledger unavailable
2026-03-14T14:04:45.445Z ERROR [payments] req=req-e53c16 charge failed after 2 attempts: ledger unavailable (txns lt-e8c4f, lt-23cbd); voiding psp authorisation
2026-03-14T14:04:45.448Z INFO  [inventory] req=req-e53c16 released hold=h-1f0fa
2026-03-14T14:04:45.449Z ERROR [orders] req=req-e53c16 checkout failed: payment step returned 502
2026-03-14T14:04:45.451Z ERROR [gateway] req=req-e53c16 POST /api/checkout -> 502 (4292ms) user=u-8451
2026-03-14T14:04:48.265Z INFO  [auth] req=req-41087d token ok user=u-3301
2026-03-14T14:04:48.273Z INFO  [orders] req=req-41087d cart validated items=2 total=EUR 117.59
2026-03-14T14:04:48.281Z INFO  [inventory] req=req-41087d reserved 2 items hold=h-52564
2026-03-14T14:04:48.288Z INFO  [payments] req=req-41087d authorising EUR 117.59 with psp
2026-03-14T14:04:48.389Z INFO  [payments] req=req-41087d psp authorised ref=psp_a4ab5240
2026-03-14T14:04:48.391Z INFO  [payments] req=req-41087d posting to ledger txn=lt-ac52f (attempt 1/2)
2026-03-14T14:04:48.541Z INFO  [auth] req=req-106270 token ok user=u-4543
2026-03-14T14:04:48.549Z INFO  [orders] req=req-106270 cart validated items=6 total=EUR 320.12
2026-03-14T14:04:48.557Z INFO  [inventory] req=req-106270 reserved 6 items hold=h-daf84
2026-03-14T14:04:48.564Z INFO  [payments] req=req-106270 authorising EUR 320.12 with psp
2026-03-14T14:04:48.811Z INFO  [payments] req=req-106270 psp authorised ref=psp_89202132
2026-03-14T14:04:48.813Z INFO  [payments] req=req-106270 posting to ledger txn=lt-25f65 (attempt 1/2)
2026-03-14T14:04:48.874Z WARN  [ledger-db] slow acquire txn=lt-ac52f waited=483ms in_use=4/4
2026-03-14T14:04:48.917Z INFO  [ledger] txn=lt-ac52f posted 2 entries (43ms)
2026-03-14T14:04:48.919Z INFO  [payments] req=req-41087d charge captured txn=lt-ac52f
2026-03-14T14:04:48.923Z INFO  [orders] req=req-41087d order o-075f0c confirmed
2026-03-14T14:04:48.926Z INFO  [gateway] req=req-41087d POST /api/checkout -> 201 (662ms) user=u-3301
2026-03-14T14:04:49.078Z INFO  [gateway] req=req-45a4cd GET /api/products/SKU-0901 -> 200 (5ms)
2026-03-14T14:04:50.000Z INFO  [ledger] settlement batch progress 6%
2026-03-14T14:04:50.818Z ERROR [ledger-db] acquire timeout after 2000ms txn=lt-25f65 in_use=4/4 waiters=8
2026-03-14T14:04:50.819Z ERROR [ledger] txn=lt-25f65 aborted: PoolTimeout (could not get a connection)
2026-03-14T14:04:50.821Z WARN  [payments] req=req-106270 ledger post failed txn=lt-25f65: 503 ledger unavailable, retrying in 100ms
2026-03-14T14:04:50.921Z INFO  [payments] req=req-106270 posting to ledger txn=lt-a940f (attempt 2/2)
2026-03-14T14:04:52.541Z WARN  [ledger-db] slow acquire txn=lt-a940f waited=1620ms in_use=4/4
2026-03-14T14:04:52.580Z INFO  [ledger] txn=lt-a940f posted 2 entries (39ms)
2026-03-14T14:04:52.582Z INFO  [payments] req=req-106270 charge captured txn=lt-a940f
2026-03-14T14:04:52.586Z INFO  [orders] req=req-106270 order o-e79c86 confirmed
2026-03-14T14:04:52.589Z INFO  [gateway] req=req-106270 POST /api/checkout -> 201 (4049ms) user=u-4543
2026-03-14T14:04:53.740Z INFO  [gateway] req=req-5d0fb0 GET /api/products/SKU-0512 -> 200 (8ms)
2026-03-14T14:04:54.075Z INFO  [auth] req=req-331835 token ok user=u-4911
2026-03-14T14:04:54.083Z INFO  [orders] req=req-331835 cart validated items=2 total=EUR 425.27
2026-03-14T14:04:54.091Z INFO  [inventory] req=req-331835 reserved 2 items hold=h-b608f
2026-03-14T14:04:54.098Z INFO  [payments] req=req-331835 authorising EUR 425.27 with psp
2026-03-14T14:04:54.298Z INFO  [payments] req=req-331835 psp authorised ref=psp_76d894eb
2026-03-14T14:04:54.300Z INFO  [payments] req=req-331835 posting to ledger txn=lt-22bd8 (attempt 1/2)
2026-03-14T14:04:54.896Z INFO  [gateway] req=req-1f93f0 GET /api/products/SKU-0105 -> 200 (29ms)
2026-03-14T14:04:56.302Z ERROR [ledger-db] acquire timeout after 2000ms txn=lt-22bd8 in_use=4/4 waiters=7
2026-03-14T14:04:56.303Z ERROR [ledger] txn=lt-22bd8 aborted: PoolTimeout (could not get a connection)
2026-03-14T14:04:56.305Z WARN  [payments] req=req-331835 ledger post failed txn=lt-22bd8: 503 ledger unavailable, retrying in 100ms
2026-03-14T14:04:56.405Z INFO  [payments] req=req-331835 posting to ledger txn=lt-1123f (attempt 2/2)
2026-03-14T14:04:56.459Z WARN  [auth] req=req-86ab12 login failed for user=u-4260: bad password (attempt 3)
2026-03-14T14:04:56.497Z INFO  [gateway] req=req-86ab12 POST /api/login -> 401 (40ms)
2026-03-14T14:04:56.580Z INFO  [auth] req=req-802ff8 token ok user=u-4442
2026-03-14T14:04:56.588Z INFO  [orders] req=req-802ff8 cart validated items=1 total=EUR 399.40
2026-03-14T14:04:56.596Z INFO  [inventory] req=req-802ff8 reserved 1 items hold=h-187c8
2026-03-14T14:04:56.603Z INFO  [payments] req=req-802ff8 authorising EUR 399.40 with psp
2026-03-14T14:04:56.730Z INFO  [payments] req=req-802ff8 psp authorised ref=psp_56e29a2c
2026-03-14T14:04:56.732Z INFO  [payments] req=req-802ff8 posting to ledger txn=lt-e1789 (attempt 1/2)
2026-03-14T14:04:58.227Z WARN  [ledger-db] slow acquire txn=lt-e1789 waited=1495ms in_use=4/4
2026-03-14T14:04:58.335Z INFO  [ledger] txn=lt-e1789 posted 2 entries (108ms)
2026-03-14T14:04:58.337Z INFO  [payments] req=req-802ff8 charge captured txn=lt-e1789
2026-03-14T14:04:58.341Z INFO  [orders] req=req-802ff8 order o-f4c5bd confirmed
2026-03-14T14:04:58.344Z INFO  [gateway] req=req-802ff8 POST /api/checkout -> 201 (1765ms) user=u-4442
2026-03-14T14:04:58.410Z ERROR [ledger-db] acquire timeout after 2000ms txn=lt-1123f in_use=4/4 waiters=12
2026-03-14T14:04:58.411Z ERROR [ledger] txn=lt-1123f aborted: PoolTimeout (could not get a connection)
2026-03-14T14:04:58.413Z ERROR [payments] req=req-331835 ledger post failed txn=lt-1123f: 503 ledger unavailable
2026-03-14T14:04:58.414Z ERROR [payments] req=req-331835 charge failed after 2 attempts: ledger unavailable (txns lt-22bd8, lt-1123f); voiding psp authorisation
2026-03-14T14:04:58.417Z INFO  [inventory] req=req-331835 released hold=h-b608f
2026-03-14T14:04:58.418Z ERROR [orders] req=req-331835 checkout failed: payment step returned 502
2026-03-14T14:04:58.420Z ERROR [gateway] req=req-331835 POST /api/checkout -> 502 (4346ms) user=u-4911
2026-03-14T14:04:58.795Z INFO  [auth] req=req-88431b token ok user=u-9427
2026-03-14T14:04:58.803Z INFO  [orders] req=req-88431b cart validated items=6 total=EUR 166.38
2026-03-14T14:04:58.811Z INFO  [inventory] req=req-88431b reserved 6 items hold=h-0a917
2026-03-14T14:04:58.818Z INFO  [payments] req=req-88431b authorising EUR 166.38 with psp
2026-03-14T14:04:58.922Z INFO  [payments] req=req-88431b psp authorised ref=psp_727155c9
2026-03-14T14:04:58.924Z INFO  [payments] req=req-88431b posting to ledger txn=lt-2c248 (attempt 1/2)
2026-03-14T14:05:00.924Z ERROR [ledger-db] acquire timeout after 2000ms txn=lt-2c248 in_use=4/4 waiters=15
2026-03-14T14:05:00.925Z ERROR [ledger] txn=lt-2c248 aborted: PoolTimeout (could not get a connection)
2026-03-14T14:05:00.927Z WARN  [payments] req=req-88431b ledger post failed txn=lt-2c248: 503 ledger unavailable, retrying in 100ms
2026-03-14T14:05:01.027Z INFO  [payments] req=req-88431b posting to ledger txn=lt-e576b (attempt 2/2)
2026-03-14T14:05:03.027Z ERROR [ledger-db] acquire timeout after 2000ms txn=lt-e576b in_use=4/4 waiters=14
2026-03-14T14:05:03.028Z ERROR [ledger] txn=lt-e576b aborted: PoolTimeout (could not get a connection)
2026-03-14T14:05:03.030Z ERROR [payments] req=req-88431b ledger post failed txn=lt-e576b: 503 ledger unavailable
2026-03-14T14:05:03.031Z ERROR [payments] req=req-88431b charge failed after 2 attempts: ledger unavailable (txns lt-2c248, lt-e576b); voiding psp authorisation
2026-03-14T14:05:03.034Z INFO  [inventory] req=req-88431b released hold=h-0a917
2026-03-14T14:05:03.035Z ERROR [orders] req=req-88431b checkout failed: payment step returned 502
2026-03-14T14:05:03.037Z ERROR [gateway] req=req-88431b POST /api/checkout -> 502 (4243ms) user=u-9427
2026-03-14T14:05:05.009Z DEBUG [gateway] health payments ok (3ms)
2026-03-14T14:05:05.010Z DEBUG [gateway] health auth ok (7ms)
2026-03-14T14:05:05.032Z DEBUG [gateway] health inventory ok (4ms)
2026-03-14T14:05:05.035Z DEBUG [gateway] health ledger ok (1ms)
2026-03-14T14:05:05.038Z DEBUG [gateway] health orders ok (1ms)
2026-03-14T14:05:05.212Z INFO  [auth] req=req-5d7eaf token ok user=u-9760
2026-03-14T14:05:05.226Z INFO  [gateway] req=req-5d7eaf GET /api/orders/o-513672 -> 200 (15ms) user=u-9760
2026-03-14T14:05:06.847Z INFO  [auth] req=req-4b7770 token ok user=u-6902
2026-03-14T14:05:06.884Z INFO  [gateway] req=req-4b7770 GET /api/cart -> 200 (36ms) user=u-6902
2026-03-14T14:05:07.300Z INFO  [ledger-db] pool stats in_use=4 idle=0 max=4 waiters=14
2026-03-14T14:05:07.464Z INFO  [gateway] req=req-04670a GET /api/products/SKU-0512 -> 200 (26ms)
2026-03-14T14:05:08.011Z INFO  [gateway] req=req-40a888 GET /api/products/SKU-0901 -> 200 (18ms)
2026-03-14T14:05:08.718Z INFO  [auth] req=req-896bf0 token ok user=u-5175
2026-03-14T14:05:08.754Z INFO  [gateway] req=req-896bf0 GET /api/cart -> 200 (30ms) user=u-5175
2026-03-14T14:05:10.264Z INFO  [auth] req=req-7bf2f5 token ok user=u-6647
2026-03-14T14:05:10.269Z INFO  [inventory] req=req-7bf2f5 availability SKU-0777: 169 in stock
2026-03-14T14:05:10.272Z INFO  [gateway] req=req-7bf2f5 GET /api/products/SKU-0777/availability -> 200 (9ms) user=u-6647
2026-03-14T14:05:11.353Z INFO  [auth] req=req-255889 token ok user=u-5525
2026-03-14T14:05:11.361Z INFO  [orders] req=req-255889 cart validated items=4 total=EUR 181.38
2026-03-14T14:05:11.369Z INFO  [inventory] req=req-255889 reserved 4 items hold=h-1fd04
2026-03-14T14:05:11.376Z INFO  [payments] req=req-255889 authorising EUR 181.38 with psp
2026-03-14T14:05:11.510Z INFO  [payments] req=req-255889 psp authorised ref=psp_797ad125
2026-03-14T14:05:11.512Z INFO  [payments] req=req-255889 posting to ledger txn=lt-78d11 (attempt 1/2)
2026-03-14T14:05:11.881Z INFO  [auth] req=req-f6424c token ok user=u-3663
2026-03-14T14:05:11.889Z INFO  [orders] req=req-f6424c cart validated items=4 total=EUR 22.59
2026-03-14T14:05:11.897Z INFO  [inventory] req=req-f6424c reserved 4 items hold=h-00435
2026-03-14T14:05:11.904Z INFO  [payments] req=req-f6424c authorising EUR 22.59 with psp
2026-03-14T14:05:12.078Z INFO  [payments] req=req-f6424c psp authorised ref=psp_51be7fbe
2026-03-14T14:05:12.080Z INFO  [payments] req=req-f6424c posting to ledger txn=lt-75f2f (attempt 1/2)
2026-03-14T14:05:13.518Z ERROR [ledger-db] acquire timeout after 2000ms txn=lt-78d11 in_use=4/4 waiters=13
2026-03-14T14:05:13.519Z ERROR [ledger] txn=lt-78d11 aborted: PoolTimeout (could not get a connection)
2026-03-14T14:05:13.521Z WARN  [payments] req=req-255889 ledger post failed txn=lt-78d11: 503 ledger unavailable, retrying in 100ms
2026-03-14T14:05:13.621Z INFO  [payments] req=req-255889 posting to ledger txn=lt-b33d5 (attempt 2/2)
2026-03-14T14:05:13.626Z INFO  [auth] req=req-2be057 token ok user=u-7915
2026-03-14T14:05:13.631Z INFO  [inventory] req=req-2be057 availability SKU-0105: 24 in stock
2026-03-14T14:05:13.634Z INFO  [gateway] req=req-2be057 GET /api/products/SKU-0105/availability -> 200 (9ms) user=u-7915
2026-03-14T14:05:14.083Z ERROR [ledger-db] acquire timeout after 2000ms txn=lt-75f2f in_use=4/4 waiters=16
2026-03-14T14:05:14.084Z ERROR [ledger] txn=lt-75f2f aborted: PoolTimeout (could not get a connection)
2026-03-14T14:05:14.086Z WARN  [payments] req=req-f6424c ledger post failed txn=lt-75f2f: 503 ledger unavailable, retrying in 100ms
2026-03-14T14:05:14.186Z INFO  [payments] req=req-f6424c posting to ledger txn=lt-a878f (attempt 2/2)
2026-03-14T14:05:15.476Z INFO  [gateway] req=req-e42a3c GET /api/products/SKU-0901 -> 200 (19ms)
2026-03-14T14:05:15.626Z ERROR [ledger-db] acquire timeout after 2000ms txn=lt-b33d5 in_use=4/4 waiters=19
2026-03-14T14:05:15.627Z ERROR [ledger] txn=lt-b33d5 aborted: PoolTimeout (could not get a connection)
2026-03-14T14:05:15.629Z ERROR [payments] req=req-255889 ledger post failed txn=lt-b33d5: 503 ledger unavailable
2026-03-14T14:05:15.630Z ERROR [payments] req=req-255889 charge failed after 2 attempts: ledger unavailable (txns lt-78d11, lt-b33d5); voiding psp authorisation
2026-03-14T14:05:15.633Z INFO  [inventory] req=req-255889 released hold=h-1fd04
2026-03-14T14:05:15.634Z ERROR [orders] req=req-255889 checkout failed: payment step returned 502
2026-03-14T14:05:15.636Z ERROR [gateway] req=req-255889 POST /api/checkout -> 502 (4284ms) user=u-5525
2026-03-14T14:05:16.191Z ERROR [ledger-db] acquire timeout after 2000ms txn=lt-a878f in_use=4/4 waiters=16
2026-03-14T14:05:16.192Z ERROR [ledger] txn=lt-a878f aborted: PoolTimeout (could not get a connection)
2026-03-14T14:05:16.194Z ERROR [payments] req=req-f6424c ledger post failed txn=lt-a878f: 503 ledger unavailable
2026-03-14T14:05:16.195Z ERROR [payments] req=req-f6424c charge failed after 2 attempts: ledger unavailable (txns lt-75f2f, lt-a878f); voiding psp authorisation
2026-03-14T14:05:16.198Z INFO  [inventory] req=req-f6424c released hold=h-00435
2026-03-14T14:05:16.199Z ERROR [orders] req=req-f6424c checkout failed: payment step returned 502
2026-03-14T14:05:16.201Z ERROR [gateway] req=req-f6424c POST /api/checkout -> 502 (4321ms) user=u-3663
2026-03-14T14:05:16.202Z WARN  [gateway] circuit breaker payments OPEN (5 failures in 60s)
2026-03-14T14:05:22.517Z WARN  [auth] req=req-388eb7 token expired user=u-9745
2026-03-14T14:05:22.518Z INFO  [gateway] req=req-388eb7 POST /api/checkout -> 401 (2ms)
2026-03-14T14:05:24.787Z INFO  [gateway] req=req-2cbeac GET /api/products/SKU-0230 -> 200 (27ms)
2026-03-14T14:05:25.040Z INFO  [gateway] req=req-611ad7 GET /api/products/SKU-0105 -> 200 (20ms)
2026-03-14T14:05:26.064Z INFO  [gateway] req=req-dd630f GET /api/products/SKU-0777 -> 200 (23ms)
2026-03-14T14:05:32.421Z INFO  [gateway] req=req-b744ff GET /api/products/SKU-0901 -> 200 (23ms)
2026-03-14T14:05:33.112Z INFO  [auth] req=req-9708e3 login ok user=u-6211 session=s-e2192443
2026-03-14T14:05:33.116Z INFO  [gateway] req=req-9708e3 POST /api/login -> 200 (34ms) user=u-6211
2026-03-14T14:05:33.548Z INFO  [auth] req=req-1c44dd token ok user=u-3466
2026-03-14T14:05:33.559Z INFO  [gateway] req=req-1c44dd GET /api/cart -> 200 (23ms) user=u-3466
2026-03-14T14:05:33.836Z WARN  [orders] req=req-3b40cb payments circuit open, failing fast
2026-03-14T14:05:33.838Z ERROR [gateway] req=req-3b40cb POST /api/checkout -> 503 (3ms) user=u-6666
2026-03-14T14:05:34.530Z INFO  [cache] stats hit_ratio=0.8 keys=19294 evictions/s=287
2026-03-14T14:05:34.533Z WARN  [cache] eviction rate high (390/s) - consider raising maxmemory
2026-03-14T14:05:37.300Z INFO  [ledger-db] pool stats in_use=4 idle=0 max=4 waiters=7
2026-03-14T14:05:38.365Z WARN  [orders] req=req-5f0740 payments circuit open, failing fast
2026-03-14T14:05:38.367Z ERROR [gateway] req=req-5f0740 POST /api/checkout -> 503 (3ms) user=u-3789
2026-03-14T14:05:41.000Z INFO  [scheduler] job=purge-expired-sessions started
2026-03-14T14:05:41.607Z INFO  [scheduler] job=purge-expired-sessions finished removed=174
2026-03-14T14:05:41.720Z WARN  [orders] req=req-9d1bf4 payments circuit open, failing fast
2026-03-14T14:05:41.722Z ERROR [gateway] req=req-9d1bf4 POST /api/checkout -> 503 (3ms) user=u-1838
2026-03-14T14:05:47.483Z INFO  [gateway] circuit breaker payments HALF_OPEN, letting one request through
2026-03-14T14:05:47.484Z INFO  [auth] req=req-41d648 token ok user=u-4330
2026-03-14T14:05:47.492Z INFO  [orders] req=req-41d648 cart validated items=2 total=EUR 160.70
2026-03-14T14:05:47.500Z INFO  [inventory] req=req-41d648 reserved 2 items hold=h-dabfa
2026-03-14T14:05:47.507Z INFO  [payments] req=req-41d648 authorising EUR 160.70 with psp
2026-03-14T14:05:47.643Z INFO  [payments] req=req-41d648 psp authorised ref=psp_28de74b7
2026-03-14T14:05:47.645Z INFO  [payments] req=req-41d648 posting to ledger txn=lt-81b92 (attempt 1/2)
2026-03-14T14:05:49.649Z ERROR [ledger-db] acquire timeout after 2000ms txn=lt-81b92 in_use=4/4 waiters=5
2026-03-14T14:05:49.650Z ERROR [ledger] txn=lt-81b92 aborted: PoolTimeout (could not get a connection)
2026-03-14T14:05:49.652Z WARN  [payments] req=req-41d648 ledger post failed txn=lt-81b92: 503 ledger unavailable, retrying in 100ms
2026-03-14T14:05:49.752Z INFO  [payments] req=req-41d648 posting to ledger txn=lt-15f0a (attempt 2/2)
2026-03-14T14:05:50.843Z INFO  [gateway] req=req-be4648 GET /api/products/SKU-1203 -> 200 (6ms)
2026-03-14T14:05:51.755Z ERROR [ledger-db] acquire timeout after 2000ms txn=lt-15f0a in_use=4/4 waiters=5
2026-03-14T14:05:51.756Z ERROR [ledger] txn=lt-15f0a aborted: PoolTimeout (could not get a connection)
2026-03-14T14:05:51.758Z ERROR [payments] req=req-41d648 ledger post failed txn=lt-15f0a: 503 ledger unavailable
2026-03-14T14:05:51.759Z ERROR [payments] req=req-41d648 charge failed after 2 attempts: ledger unavailable (txns lt-81b92, lt-15f0a); voiding psp authorisation
2026-03-14T14:05:51.762Z INFO  [inventory] req=req-41d648 released hold=h-dabfa
2026-03-14T14:05:51.763Z ERROR [orders] req=req-41d648 checkout failed: payment step returned 502
2026-03-14T14:05:51.765Z ERROR [gateway] req=req-41d648 POST /api/checkout -> 502 (4282ms) user=u-4330
2026-03-14T14:05:51.766Z WARN  [gateway] circuit breaker payments OPEN (trial request failed)
2026-03-14T14:05:54.676Z INFO  [gateway] req=req-a5a831 GET /api/products/SKU-0012 -> 200 (21ms)
2026-03-14T14:05:58.811Z INFO  [gateway] req=req-5a8c39 GET /api/products/SKU-0230 -> 200 (6ms)
2026-03-14T14:05:58.952Z INFO  [gateway] req=req-0f5ac9 GET /api/products/SKU-0105 -> 200 (13ms)
2026-03-14T14:05:59.664Z WARN  [orders] req=req-76da95 payments circuit open, failing fast
2026-03-14T14:05:59.666Z ERROR [gateway] req=req-76da95 POST /api/checkout -> 503 (3ms) user=u-2866
2026-03-14T14:06:01.457Z INFO  [auth] req=req-26ce63 token ok user=u-6412
2026-03-14T14:06:01.462Z INFO  [inventory] req=req-26ce63 availability SKU-1203: 32 in stock
2026-03-14T14:06:01.465Z INFO  [gateway] req=req-26ce63 GET /api/products/SKU-1203/availability -> 200 (9ms) user=u-6412
2026-03-14T14:06:05.000Z DEBUG [gateway] health auth ok (1ms)
2026-03-14T14:06:05.003Z DEBUG [gateway] health ledger ok (6ms)
2026-03-14T14:06:05.009Z DEBUG [gateway] health inventory ok (1ms)
2026-03-14T14:06:05.020Z DEBUG [gateway] health payments ok (4ms)
2026-03-14T14:06:05.037Z DEBUG [gateway] health orders ok (5ms)
2026-03-14T14:06:05.364Z WARN  [orders] req=req-84d292 payments circuit open, failing fast
2026-03-14T14:06:05.366Z ERROR [gateway] req=req-84d292 POST /api/checkout -> 503 (3ms) user=u-6647
2026-03-14T14:06:07.300Z INFO  [ledger-db] pool stats in_use=4 idle=0 max=4 waiters=6
2026-03-14T14:06:08.257Z WARN  [auth] req=req-1cccca login failed for user=u-3789: bad password (attempt 1)
2026-03-14T14:06:08.295Z INFO  [gateway] req=req-1cccca POST /api/login -> 401 (40ms)
2026-03-14T14:06:08.920Z WARN  [orders] req=req-792ff0 payments circuit open, failing fast
2026-03-14T14:06:08.922Z ERROR [gateway] req=req-792ff0 POST /api/checkout -> 503 (3ms) user=u-6536
2026-03-14T14:06:09.233Z INFO  [gateway] req=req-b80264 GET /api/products/SKU-0404 -> 200 (21ms)
2026-03-14T14:06:13.778Z INFO  [auth] req=req-31e3d1 token ok user=u-3301
2026-03-14T14:06:13.783Z INFO  [inventory] req=req-31e3d1 availability SKU-0105: 125 in stock
2026-03-14T14:06:13.786Z INFO  [gateway] req=req-31e3d1 GET /api/products/SKU-0105/availability -> 200 (9ms) user=u-3301
2026-03-14T14:06:15.595Z INFO  [gateway] req=req-d729b6 GET /api/products/SKU-0512 -> 200 (12ms)
2026-03-14T14:06:15.861Z INFO  [auth] req=req-5f4af9 token ok user=u-7552
2026-03-14T14:06:15.866Z INFO  [inventory] req=req-5f4af9 availability SKU-0404: 126 in stock
2026-03-14T14:06:15.869Z INFO  [gateway] req=req-5f4af9 GET /api/products/SKU-0404/availability -> 200 (9ms) user=u-7552
2026-03-14T14:06:16.136Z WARN  [orders] req=req-1eeec8 payments circuit open, failing fast
2026-03-14T14:06:16.138Z ERROR [gateway] req=req-1eeec8 POST /api/checkout -> 503 (3ms) user=u-2535
2026-03-14T14:06:16.959Z INFO  [auth] req=req-5001b1 token ok user=u-3301
2026-03-14T14:06:16.964Z INFO  [inventory] req=req-5001b1 availability SKU-0901: 132 in stock
2026-03-14T14:06:16.967Z INFO  [gateway] req=req-5001b1 GET /api/products/SKU-0901/availability -> 200 (9ms) user=u-3301
2026-03-14T14:06:18.263Z WARN  [orders] req=req-665a77 payments circuit open, failing fast
2026-03-14T14:06:18.265Z ERROR [gateway] req=req-665a77 POST /api/checkout -> 503 (3ms) user=u-4341
2026-03-14T14:06:18.596Z INFO  [auth] req=req-0227dc token ok user=u-1654
2026-03-14T14:06:18.604Z INFO  [gateway] req=req-0227dc GET /api/cart -> 200 (36ms) user=u-1654
2026-03-14T14:06:19.023Z INFO  [auth] req=req-602c94 token ok user=u-8842
2026-03-14T14:06:19.030Z INFO  [gateway] req=req-602c94 GET /api/cart -> 200 (30ms) user=u-8842
2026-03-14T14:06:22.904Z INFO  [auth] req=req-28c33c token ok user=u-4868
2026-03-14T14:06:22.913Z INFO  [gateway] req=req-28c33c GET /api/cart -> 200 (15ms) user=u-4868
2026-03-14T14:06:23.746Z INFO  [gateway] req=req-2c79b2 GET /api/products/SKU-0901 -> 200 (5ms)
2026-03-14T14:06:24.034Z INFO  [gateway] req=req-acac7f GET /api/products/SKU-0077 -> 200 (18ms)
2026-03-14T14:06:27.336Z INFO  [gateway] req=req-c971d1 GET /api/products/SKU-0512 -> 200 (20ms)
2026-03-14T14:06:29.049Z INFO  [auth] req=req-a0c6e6 token ok user=u-5697
2026-03-14T14:06:29.054Z INFO  [inventory] req=req-a0c6e6 availability SKU-0404: 343 in stock
2026-03-14T14:06:29.057Z INFO  [gateway] req=req-a0c6e6 GET /api/products/SKU-0404/availability -> 200 (9ms) user=u-5697
2026-03-14T14:06:31.846Z INFO  [auth] req=req-d8b743 token ok user=u-4912
2026-03-14T14:06:31.860Z INFO  [gateway] req=req-d8b743 GET /api/orders/o-3e8bbc -> 200 (15ms) user=u-4912
2026-03-14T14:06:37.300Z INFO  [ledger-db] pool stats in_use=4 idle=0 max=4 waiters=12
2026-03-14T14:06:40.000Z INFO  [ledger] settlement batch progress 11%
2026-03-14T14:06:41.312Z INFO  [gateway] circuit breaker payments HALF_OPEN, letting one request through
2026-03-14T14:06:41.313Z INFO  [auth] req=req-ed11cb token ok user=u-7552
2026-03-14T14:06:41.321Z INFO  [orders] req=req-ed11cb cart validated items=6 total=EUR 167.51
2026-03-14T14:06:41.329Z INFO  [inventory] req=req-ed11cb reserved 6 items hold=h-011e1
2026-03-14T14:06:41.336Z INFO  [payments] req=req-ed11cb authorising EUR 167.51 with psp
2026-03-14T14:06:41.552Z INFO  [payments] req=req-ed11cb psp authorised ref=psp_ee5a08a1
2026-03-14T14:06:41.554Z INFO  [payments] req=req-ed11cb posting to ledger txn=lt-08997 (attempt 1/2)
2026-03-14T14:06:42.650Z INFO  [auth] req=req-3a0c34 token ok user=u-1490
2026-03-14T14:06:42.686Z INFO  [gateway] req=req-3a0c34 GET /api/cart -> 200 (19ms) user=u-1490
2026-03-14T14:06:43.560Z ERROR [ledger-db] acquire timeout after 2000ms txn=lt-08997 in_use=4/4 waiters=17
2026-03-14T14:06:43.561Z ERROR [ledger] txn=lt-08997 aborted: PoolTimeout (could not get a connection)
2026-03-14T14:06:43.563Z WARN  [payments] req=req-ed11cb ledger post failed txn=lt-08997: 503 ledger unavailable, retrying in 100ms
2026-03-14T14:06:43.663Z INFO  [payments] req=req-ed11cb posting to ledger txn=lt-7ecb2 (attempt 2/2)
2026-03-14T14:06:44.404Z INFO  [cache] stats hit_ratio=0.83 keys=18602 evictions/s=185
2026-03-14T14:06:45.662Z INFO  [auth] req=req-7293b4 token ok user=u-2898
2026-03-14T14:06:45.668Z ERROR [ledger-db] acquire timeout after 2000ms txn=lt-7ecb2 in_use=4/4 waiters=6
2026-03-14T14:06:45.669Z ERROR [ledger] txn=lt-7ecb2 aborted: PoolTimeout (could not get a connection)
2026-03-14T14:06:45.671Z ERROR [payments] req=req-ed11cb ledger post failed txn=lt-7ecb2: 503 ledger unavailable
2026-03-14T14:06:45.672Z ERROR [payments] req=req-ed11cb charge failed after 2 attempts: ledger unavailable (txns lt-08997, lt-7ecb2); voiding psp authorisation
2026-03-14T14:06:45.675Z INFO  [inventory] req=req-ed11cb released hold=h-011e1
2026-03-14T14:06:45.676Z ERROR [orders] req=req-ed11cb checkout failed: payment step returned 502
2026-03-14T14:06:45.678Z ERROR [gateway] req=req-ed11cb POST /api/checkout -> 502 (4366ms) user=u-7552
2026-03-14T14:06:45.679Z WARN  [gateway] circuit breaker payments OPEN (trial request failed)
2026-03-14T14:06:45.697Z INFO  [gateway] req=req-7293b4 GET /api/cart -> 200 (25ms) user=u-2898
2026-03-14T14:06:45.927Z INFO  [auth] req=req-098d1c token ok user=u-4868
2026-03-14T14:06:45.957Z INFO  [gateway] req=req-098d1c GET /api/cart -> 200 (26ms) user=u-4868
2026-03-14T14:06:50.846Z INFO  [auth] req=req-4d0e25 token ok user=u-3137
2026-03-14T14:06:50.860Z INFO  [gateway] req=req-4d0e25 GET /api/orders/o-6f6504 -> 200 (15ms) user=u-3137
2026-03-14T14:06:52.015Z WARN  [orders] req=req-c2e14a payments circuit open, failing fast
2026-03-14T14:06:52.017Z ERROR [gateway] req=req-c2e14a POST /api/checkout -> 503 (3ms) user=u-1299
2026-03-14T14:06:52.840Z INFO  [auth] req=req-7bbe06 token ok user=u-6666
2026-03-14T14:06:52.845Z INFO  [inventory] req=req-7bbe06 availability SKU-0230: 361 in stock
2026-03-14T14:06:52.848Z INFO  [gateway] req=req-7bbe06 GET /api/products/SKU-0230/availability -> 200 (9ms) user=u-6666
2026-03-14T14:06:57.560Z WARN  [orders] req=req-f36cc9 payments circuit open, failing fast
2026-03-14T14:06:57.562Z ERROR [gateway] req=req-f36cc9 POST /api/checkout -> 503 (3ms) user=u-9737
2026-03-14T14:07:00.719Z INFO  [auth] req=req-feb36b token ok user=u-7444
2026-03-14T14:07:00.733Z INFO  [gateway] req=req-feb36b GET /api/orders/o-a33915 -> 200 (15ms) user=u-7444
2026-03-14T14:07:02.930Z INFO  [gateway] req=req-648f88 GET /api/products/SKU-0318 -> 200 (22ms)
2026-03-14T14:07:03.752Z INFO  [auth] req=req-5bfd81 token ok user=u-1011
2026-03-14T14:07:03.766Z INFO  [gateway] req=req-5bfd81 GET /api/orders/o-788b0d -> 200 (15ms) user=u-1011
2026-03-14T14:07:04.114Z INFO  [auth] req=req-9a849e token ok user=u-8359
2026-03-14T14:07:04.134Z INFO  [gateway] req=req-9a849e GET /api/cart -> 200 (10ms) user=u-8359
2026-03-14T14:07:05.008Z DEBUG [gateway] health auth ok (5ms)
2026-03-14T14:07:05.009Z DEBUG [gateway] health inventory ok (7ms)
2026-03-14T14:07:05.017Z DEBUG [gateway] health ledger ok (6ms)
2026-03-14T14:07:05.022Z DEBUG [gateway] health payments ok (4ms)
2026-03-14T14:07:05.028Z DEBUG [gateway] health orders ok (5ms)
2026-03-14T14:07:07.300Z INFO  [ledger-db] pool stats in_use=4 idle=0 max=4 waiters=12
2026-03-14T14:07:08.018Z INFO  [auth] req=req-9a9166 token ok user=u-8691
2026-03-14T14:07:08.032Z INFO  [gateway] req=req-9a9166 GET /api/orders/o-7f792e -> 200 (15ms) user=u-8691
2026-03-14T14:07:10.925Z INFO  [gateway] req=req-129922 GET /api/products/SKU-1203 -> 200 (26ms)
2026-03-14T14:07:12.526Z INFO  [auth] req=req-166423 login ok user=u-9760 session=s-829174a2
2026-03-14T14:07:12.530Z INFO  [gateway] req=req-166423 POST /api/login -> 200 (34ms) user=u-9760
2026-03-14T14:07:15.673Z INFO  [auth] req=req-730003 token ok user=u-7033
2026-03-14T14:07:15.687Z INFO  [gateway] req=req-730003 GET /api/orders/o-a96245 -> 200 (15ms) user=u-7033
2026-03-14T14:07:19.781Z INFO  [gateway] req=req-45032f GET /api/products/SKU-0105 -> 200 (20ms)
2026-03-14T14:07:22.468Z INFO  [gateway] req=req-e7729f GET /api/products/SKU-0012 -> 200 (14ms)
2026-03-14T14:07:27.601Z INFO  [gateway] circuit breaker payments HALF_OPEN, letting one request through
2026-03-14T14:07:27.602Z INFO  [auth] req=req-e25ae0 token ok user=u-3285
2026-03-14T14:07:27.610Z INFO  [orders] req=req-e25ae0 cart validated items=2 total=EUR 277.62
2026-03-14T14:07:27.618Z INFO  [inventory] req=req-e25ae0 reserved 2 items hold=h-8c499
2026-03-14T14:07:27.625Z INFO  [payments] req=req-e25ae0 authorising EUR 277.62 with psp
2026-03-14T14:07:27.744Z INFO  [payments] req=req-e25ae0 psp authorised ref=psp_ffceb13b
2026-03-14T14:07:27.746Z INFO  [payments] req=req-e25ae0 posting to ledger txn=lt-217d0 (attempt 1/2)
2026-03-14T14:07:29.752Z ERROR [ledger-db] acquire timeout after 2000ms txn=lt-217d0 in_use=4/4 waiters=7
2026-03-14T14:07:29.753Z ERROR [ledger] txn=lt-217d0 aborted: PoolTimeout (could not get a connection)
2026-03-14T14:07:29.755Z WARN  [payments] req=req-e25ae0 ledger post failed txn=lt-217d0: 503 ledger unavailable, retrying in 100ms
2026-03-14T14:07:29.855Z INFO  [payments] req=req-e25ae0 posting to ledger txn=lt-fd650 (attempt 2/2)
2026-03-14T14:07:31.861Z ERROR [ledger-db] acquire timeout after 2000ms txn=lt-fd650 in_use=4/4 waiters=15
2026-03-14T14:07:31.862Z ERROR [ledger] txn=lt-fd650 aborted: PoolTimeout (could not get a connection)
2026-03-14T14:07:31.864Z ERROR [payments] req=req-e25ae0 ledger post failed txn=lt-fd650: 503 ledger unavailable
2026-03-14T14:07:31.865Z ERROR [payments] req=req-e25ae0 charge failed after 2 attempts: ledger unavailable (txns lt-217d0, lt-fd650); voiding psp authorisation
2026-03-14T14:07:31.868Z INFO  [inventory] req=req-e25ae0 released hold=h-8c499
2026-03-14T14:07:31.869Z ERROR [orders] req=req-e25ae0 checkout failed: payment step returned 502
2026-03-14T14:07:31.871Z ERROR [gateway] req=req-e25ae0 POST /api/checkout -> 502 (4270ms) user=u-3285
2026-03-14T14:07:31.872Z WARN  [gateway] circuit breaker payments OPEN (trial request failed)
2026-03-14T14:07:32.595Z INFO  [auth] req=req-fa2831 token ok user=u-9745
2026-03-14T14:07:32.628Z INFO  [gateway] req=req-fa2831 GET /api/cart -> 200 (24ms) user=u-9745
2026-03-14T14:07:33.682Z INFO  [gateway] req=req-2d4f3e GET /api/products/SKU-0512 -> 200 (27ms)
2026-03-14T14:07:37.300Z INFO  [ledger-db] pool stats in_use=4 idle=0 max=4 waiters=14
2026-03-14T14:07:38.069Z INFO  [auth] req=req-ee3499 token ok user=u-7272
2026-03-14T14:07:38.083Z INFO  [gateway] req=req-ee3499 GET /api/orders/o-b0c6b6 -> 200 (15ms) user=u-7272
2026-03-14T14:07:38.863Z WARN  [orders] req=req-3f182a payments circuit open, failing fast
2026-03-14T14:07:38.865Z ERROR [gateway] req=req-3f182a POST /api/checkout -> 503 (3ms) user=u-7770
2026-03-14T14:07:38.920Z WARN  [orders] req=req-43b814 payments circuit open, failing fast
2026-03-14T14:07:38.922Z ERROR [gateway] req=req-43b814 POST /api/checkout -> 503 (3ms) user=u-8763
2026-03-14T14:07:40.176Z INFO  [gateway] req=req-9d711a GET /api/products/SKU-0230 -> 200 (17ms)
2026-03-14T14:07:41.622Z INFO  [auth] req=req-3b9d50 login ok user=u-9737 session=s-9b30ac40
2026-03-14T14:07:41.626Z INFO  [gateway] req=req-3b9d50 POST /api/login -> 200 (34ms) user=u-9737
2026-03-14T14:07:42.466Z WARN  [orders] req=req-1c551a payments circuit open, failing fast
2026-03-14T14:07:42.468Z ERROR [gateway] req=req-1c551a POST /api/checkout -> 503 (3ms) user=u-9456
2026-03-14T14:07:43.952Z INFO  [gateway] req=req-072dd4 GET /api/products/SKU-0404 -> 200 (23ms)
2026-03-14T14:07:45.033Z INFO  [auth] req=req-718946 login ok user=u-7884 session=s-20017e67
2026-03-14T14:07:45.037Z INFO  [gateway] req=req-718946 POST /api/login -> 200 (34ms) user=u-7884
2026-03-14T14:07:48.818Z INFO  [auth] req=req-fa2486 login ok user=u-3789 session=s-251a0fa1
2026-03-14T14:07:48.822Z INFO  [gateway] req=req-fa2486 POST /api/login -> 200 (34ms) user=u-3789
2026-03-14T14:07:49.636Z WARN  [auth] req=req-b7f1ce token expired user=u-1632
2026-03-14T14:07:49.637Z INFO  [gateway] req=req-b7f1ce POST /api/checkout -> 401 (2ms)
2026-03-14T14:07:50.401Z INFO  [auth] req=req-03be8c token ok user=u-5279
2026-03-14T14:07:50.420Z INFO  [gateway] req=req-03be8c GET /api/cart -> 200 (38ms) user=u-5279
2026-03-14T14:07:54.441Z INFO  [auth] req=req-8953b8 token ok user=u-6957
2026-03-14T14:07:54.446Z INFO  [inventory] req=req-8953b8 availability SKU-1203: 103 in stock
2026-03-14T14:07:54.449Z INFO  [gateway] req=req-8953b8 GET /api/products/SKU-1203/availability -> 200 (9ms) user=u-6957
2026-03-14T14:07:56.198Z INFO  [cache] stats hit_ratio=0.83 keys=20622 evictions/s=391
2026-03-14T14:07:56.375Z INFO  [auth] req=req-534a6b token ok user=u-6511
2026-03-14T14:07:56.389Z INFO  [gateway] req=req-534a6b GET /api/orders/o-91cc83 -> 200 (15ms) user=u-6511
2026-03-14T14:07:56.762Z INFO  [gateway] req=req-f9c0d0 GET /api/products/SKU-0512 -> 200 (19ms)
2026-03-14T14:07:57.116Z WARN  [orders] req=req-839d6e payments circuit open, failing fast
2026-03-14T14:07:57.118Z ERROR [gateway] req=req-839d6e POST /api/checkout -> 503 (3ms) user=u-4442
2026-03-14T14:07:57.647Z INFO  [auth] req=req-9d44f6 login ok user=u-7552 session=s-dfcb65c5
2026-03-14T14:07:57.651Z INFO  [gateway] req=req-9d44f6 POST /api/login -> 200 (34ms) user=u-7552
2026-03-14T14:08:02.711Z INFO  [gateway] req=req-fe8e76 GET /api/products/SKU-0012 -> 200 (25ms)
2026-03-14T14:08:04.066Z INFO  [gateway] circuit breaker payments HALF_OPEN, letting one request through
2026-03-14T14:08:04.067Z INFO  [auth] req=req-233c72 token ok user=u-3651
2026-03-14T14:08:04.075Z INFO  [orders] req=req-233c72 cart validated items=2 total=EUR 178.77
2026-03-14T14:08:04.083Z INFO  [inventory] req=req-233c72 reserved 2 items hold=h-84279
2026-03-14T14:08:04.090Z INFO  [payments] req=req-233c72 authorising EUR 178.77 with psp
2026-03-14T14:08:04.271Z INFO  [payments] req=req-233c72 psp authorised ref=psp_b2dfda2d
2026-03-14T14:08:04.273Z INFO  [payments] req=req-233c72 posting to ledger txn=lt-b4f58 (attempt 1/2)
2026-03-14T14:08:05.021Z DEBUG [gateway] health orders ok (6ms)
2026-03-14T14:08:05.025Z DEBUG [gateway] health auth ok (2ms)
2026-03-14T14:08:05.029Z DEBUG [gateway] health payments ok (3ms)
2026-03-14T14:08:05.033Z DEBUG [gateway] health ledger ok (8ms)
2026-03-14T14:08:05.034Z DEBUG [gateway] health inventory ok (7ms)
2026-03-14T14:08:06.276Z ERROR [ledger-db] acquire timeout after 2000ms txn=lt-b4f58 in_use=4/4 waiters=7
2026-03-14T14:08:06.277Z ERROR [ledger] txn=lt-b4f58 aborted: PoolTimeout (could not get a connection)
2026-03-14T14:08:06.279Z WARN  [payments] req=req-233c72 ledger post failed txn=lt-b4f58: 503 ledger unavailable, retrying in 100ms
2026-03-14T14:08:06.379Z INFO  [payments] req=req-233c72 posting to ledger txn=lt-ce234 (attempt 2/2)
2026-03-14T14:08:07.300Z INFO  [ledger-db] pool stats in_use=4 idle=0 max=4 waiters=12
2026-03-14T14:08:08.381Z ERROR [ledger-db] acquire timeout after 2000ms txn=lt-ce234 in_use=4/4 waiters=18
2026-03-14T14:08:08.382Z ERROR [ledger] txn=lt-ce234 aborted: PoolTimeout (could not get a connection)
2026-03-14T14:08:08.384Z ERROR [payments] req=req-233c72 ledger post failed txn=lt-ce234: 503 ledger unavailable
2026-03-14T14:08:08.385Z ERROR [payments] req=req-233c72 charge failed after 2 attempts: ledger unavailable (txns lt-b4f58, lt-ce234); voiding psp authorisation
2026-03-14T14:08:08.388Z INFO  [inventory] req=req-233c72 released hold=h-84279
2026-03-14T14:08:08.389Z ERROR [orders] req=req-233c72 checkout failed: payment step returned 502
2026-03-14T14:08:08.391Z ERROR [gateway] req=req-233c72 POST /api/checkout -> 502 (4325ms) user=u-3651
2026-03-14T14:08:08.392Z WARN  [gateway] circuit breaker payments OPEN (trial request failed)
2026-03-14T14:08:12.595Z WARN  [orders] req=req-02942a payments circuit open, failing fast
2026-03-14T14:08:12.597Z ERROR [gateway] req=req-02942a POST /api/checkout -> 503 (3ms) user=u-2796
2026-03-14T14:08:14.126Z WARN  [orders] req=req-57f68a payments circuit open, failing fast
2026-03-14T14:08:14.128Z ERROR [gateway] req=req-57f68a POST /api/checkout -> 503 (3ms) user=u-7033
2026-03-14T14:08:17.532Z INFO  [auth] req=req-2b0311 token ok user=u-9760
2026-03-14T14:08:17.542Z INFO  [gateway] req=req-2b0311 GET /api/cart -> 200 (15ms) user=u-9760
2026-03-14T14:08:18.453Z INFO  [gateway] req=req-8e301e GET /api/products/SKU-0404 -> 200 (30ms)
2026-03-14T14:08:21.262Z WARN  [orders] req=req-01b55d payments circuit open, failing fast
2026-03-14T14:08:21.264Z ERROR [gateway] req=req-01b55d POST /api/checkout -> 503 (3ms) user=u-5054
2026-03-14T14:08:21.332Z WARN  [orders] req=req-7d8ab9 payments circuit open, failing fast
2026-03-14T14:08:21.334Z ERROR [gateway] req=req-7d8ab9 POST /api/checkout -> 503 (3ms) user=u-9456
2026-03-14T14:08:25.888Z INFO  [auth] req=req-341b82 token ok user=u-5525
2026-03-14T14:08:25.893Z INFO  [inventory] req=req-341b82 availability SKU-0105: 89 in stock
2026-03-14T14:08:25.896Z INFO  [gateway] req=req-341b82 GET /api/products/SKU-0105/availability -> 200 (9ms) user=u-5525
2026-03-14T14:08:25.940Z INFO  [auth] req=req-6be18f login ok user=u-5854 session=s-512d1ddf
2026-03-14T14:08:25.944Z INFO  [gateway] req=req-6be18f POST /api/login -> 200 (34ms) user=u-5854
2026-03-14T14:08:27.501Z WARN  [orders] req=req-39612f payments circuit open, failing fast
2026-03-14T14:08:27.503Z ERROR [gateway] req=req-39612f POST /api/checkout -> 503 (3ms) user=u-8977
2026-03-14T14:08:29.051Z INFO  [gateway] req=req-0645f4 GET /api/products/SKU-0012 -> 200 (9ms)
2026-03-14T14:08:30.000Z INFO  [ledger] settlement batch progress 15%
2026-03-14T14:08:32.824Z INFO  [auth] req=req-73e05e token ok user=u-5246
2026-03-14T14:08:32.850Z INFO  [gateway] req=req-73e05e GET /api/cart -> 200 (35ms) user=u-5246
2026-03-14T14:08:35.949Z INFO  [auth] req=req-d7082a token ok user=u-5246
2026-03-14T14:08:35.954Z INFO  [inventory] req=req-d7082a availability SKU-0077: 187 in stock
2026-03-14T14:08:35.957Z INFO  [gateway] req=req-d7082a GET /api/products/SKU-0077/availability -> 200 (9ms) user=u-5246
2026-03-14T14:08:37.300Z INFO  [ledger-db] pool stats in_use=4 idle=0 max=4 waiters=16
2026-03-14T14:08:44.928Z INFO  [gateway] req=req-cbb768 GET /api/products/SKU-0404 -> 200 (4ms)
2026-03-14T14:08:45.249Z INFO  [auth] req=req-087bea token ok user=u-2192
2026-03-14T14:08:45.254Z INFO  [inventory] req=req-087bea availability SKU-0512: 376 in stock
2026-03-14T14:08:45.257Z INFO  [gateway] req=req-087bea GET /api/products/SKU-0512/availability -> 200 (9ms) user=u-2192
2026-03-14T14:08:46.204Z INFO  [gateway] circuit breaker payments HALF_OPEN, letting one request through
2026-03-14T14:08:46.205Z INFO  [auth] req=req-c0b9be token ok user=u-9398
2026-03-14T14:08:46.213Z INFO  [orders] req=req-c0b9be cart validated items=5 total=EUR 277.18
2026-03-14T14:08:46.221Z INFO  [inventory] req=req-c0b9be reserved 5 items hold=h-ad603
2026-03-14T14:08:46.228Z INFO  [payments] req=req-c0b9be authorising EUR 277.18 with psp
2026-03-14T14:08:46.438Z INFO  [payments] req=req-c0b9be psp authorised ref=psp_36cad63b
2026-03-14T14:08:46.440Z INFO  [payments] req=req-c0b9be posting to ledger txn=lt-e865c (attempt 1/2)
2026-03-14T14:08:48.442Z ERROR [ledger-db] acquire timeout after 2000ms txn=lt-e865c in_use=4/4 waiters=18
2026-03-14T14:08:48.443Z ERROR [ledger] txn=lt-e865c aborted: PoolTimeout (could not get a connection)
2026-03-14T14:08:48.445Z WARN  [payments] req=req-c0b9be ledger post failed txn=lt-e865c: 503 ledger unavailable, retrying in 100ms
2026-03-14T14:08:48.545Z INFO  [payments] req=req-c0b9be posting to ledger txn=lt-612a1 (attempt 2/2)
2026-03-14T14:08:50.549Z ERROR [ledger-db] acquire timeout after 2000ms txn=lt-612a1 in_use=4/4 waiters=17
2026-03-14T14:08:50.550Z ERROR [ledger] txn=lt-612a1 aborted: PoolTimeout (could not get a connection)
2026-03-14T14:08:50.552Z ERROR [payments] req=req-c0b9be ledger post failed txn=lt-612a1: 503 ledger unavailable
2026-03-14T14:08:50.553Z ERROR [payments] req=req-c0b9be charge failed after 2 attempts: ledger unavailable (txns lt-e865c, lt-612a1); voiding psp authorisation
2026-03-14T14:08:50.556Z INFO  [inventory] req=req-c0b9be released hold=h-ad603
2026-03-14T14:08:50.557Z ERROR [orders] req=req-c0b9be checkout failed: payment step returned 502
2026-03-14T14:08:50.559Z ERROR [gateway] req=req-c0b9be POST /api/checkout -> 502 (4355ms) user=u-9398
2026-03-14T14:08:50.560Z WARN  [gateway] circuit breaker payments OPEN (trial request failed)
2026-03-14T14:08:50.967Z WARN  [auth] req=req-7eca33 token expired user=u-4449
2026-03-14T14:08:50.968Z INFO  [gateway] req=req-7eca33 POST /api/checkout -> 401 (2ms)
2026-03-14T14:08:51.475Z INFO  [gateway] req=req-912a4d GET /api/products/SKU-0012 -> 200 (29ms)
2026-03-14T14:08:52.449Z INFO  [auth] req=req-f22c48 token ok user=u-3726
2026-03-14T14:08:52.471Z INFO  [gateway] req=req-f22c48 GET /api/cart -> 200 (39ms) user=u-3726
2026-03-14T14:08:52.654Z INFO  [gateway] req=req-8d7799 GET /api/products/SKU-0230 -> 200 (25ms)
2026-03-14T14:08:53.039Z INFO  [gateway] req=req-b80017 GET /api/products/SKU-1203 -> 200 (16ms)
2026-03-14T14:08:54.057Z WARN  [orders] req=req-a1f13c payments circuit open, failing fast
2026-03-14T14:08:54.059Z ERROR [gateway] req=req-a1f13c POST /api/checkout -> 503 (3ms) user=u-7745
2026-03-14T14:08:56.536Z INFO  [auth] req=req-6fa532 token ok user=u-2653
2026-03-14T14:08:56.541Z INFO  [inventory] req=req-6fa532 availability SKU-0512: 318 in stock
2026-03-14T14:08:56.544Z INFO  [gateway] req=req-6fa532 GET /api/products/SKU-0512/availability -> 200 (9ms) user=u-2653
2026-03-14T14:08:57.041Z INFO  [cache] stats hit_ratio=0.86 keys=19693 evictions/s=225
2026-03-14T14:08:57.044Z WARN  [cache] eviction rate high (338/s) - consider raising maxmemory
2026-03-14T14:08:59.626Z INFO  [auth] req=req-3b379d token ok user=u-8359
2026-03-14T14:08:59.631Z INFO  [inventory] req=req-3b379d availability SKU-0077: 342 in stock
2026-03-14T14:08:59.634Z INFO  [gateway] req=req-3b379d GET /api/products/SKU-0077/availability -> 200 (9ms) user=u-8359
2026-03-14T14:09:02.498Z INFO  [gateway] req=req-f0632c GET /api/products/SKU-0230 -> 200 (8ms)
2026-03-14T14:09:02.941Z WARN  [orders] req=req-13d794 payments circuit open, failing fast
2026-03-14T14:09:02.943Z ERROR [gateway] req=req-13d794 POST /api/checkout -> 503 (3ms) user=u-3593
2026-03-14T14:09:03.300Z WARN  [gateway] upstream keepalive reset by peer (inventory:8443), reconnecting
2026-03-14T14:09:03.312Z INFO  [gateway] upstream inventory:8443 reconnected
2026-03-14T14:09:05.006Z DEBUG [gateway] health ledger ok (6ms)
2026-03-14T14:09:05.006Z DEBUG [gateway] health auth ok (1ms)
2026-03-14T14:09:05.011Z DEBUG [gateway] health inventory ok (8ms)
2026-03-14T14:09:05.014Z DEBUG [gateway] health payments ok (9ms)
2026-03-14T14:09:05.018Z DEBUG [gateway] health orders ok (1ms)
2026-03-14T14:09:05.880Z WARN  [orders] req=req-a6b07f payments circuit open, failing fast
2026-03-14T14:09:05.882Z ERROR [gateway] req=req-a6b07f POST /api/checkout -> 503 (3ms) user=u-3651
2026-03-14T14:09:06.593Z INFO  [auth] req=req-c1296a login ok user=u-9886 session=s-598d1f29
2026-03-14T14:09:06.597Z INFO  [gateway] req=req-c1296a POST /api/login -> 200 (34ms) user=u-9886
2026-03-14T14:09:07.300Z INFO  [ledger-db] pool stats in_use=4 idle=0 max=4 waiters=7
2026-03-14T14:09:07.457Z INFO  [auth] req=req-81d340 token ok user=u-4442
2026-03-14T14:09:07.472Z INFO  [gateway] req=req-81d340 GET /api/cart -> 200 (9ms) user=u-4442
2026-03-14T14:09:07.956Z INFO  [auth] req=req-e30d88 token ok user=u-9775
2026-03-14T14:09:07.961Z INFO  [inventory] req=req-e30d88 availability SKU-0230: 257 in stock
2026-03-14T14:09:07.964Z INFO  [gateway] req=req-e30d88 GET /api/products/SKU-0230/availability -> 200 (9ms) user=u-9775
2026-03-14T14:09:12.579Z INFO  [auth] req=req-1e6820 token ok user=u-1460
2026-03-14T14:09:12.584Z INFO  [inventory] req=req-1e6820 availability SKU-0512: 333 in stock
2026-03-14T14:09:12.587Z INFO  [gateway] req=req-1e6820 GET /api/products/SKU-0512/availability -> 200 (9ms) user=u-1460
2026-03-14T14:09:13.589Z INFO  [gateway] req=req-a2ee67 GET /api/products/SKU-0012 -> 200 (22ms)
2026-03-14T14:09:14.621Z INFO  [auth] req=req-7c4882 token ok user=u-5255
2026-03-14T14:09:14.657Z INFO  [gateway] req=req-7c4882 GET /api/cart -> 200 (8ms) user=u-5255
2026-03-14T14:09:17.043Z WARN  [orders] req=req-04c6a0 payments circuit open, failing fast
2026-03-14T14:09:17.045Z ERROR [gateway] req=req-04c6a0 POST /api/checkout -> 503 (3ms) user=u-6889
2026-03-14T14:09:17.134Z INFO  [auth] req=req-659cbd token ok user=u-1075
2026-03-14T14:09:17.139Z INFO  [inventory] req=req-659cbd availability SKU-0777: 115 in stock
2026-03-14T14:09:17.142Z INFO  [gateway] req=req-659cbd GET /api/products/SKU-0777/availability -> 200 (9ms) user=u-1075
2026-03-14T14:09:20.514Z INFO  [auth] req=req-b2abad token ok user=u-6774
2026-03-14T14:09:20.519Z INFO  [inventory] req=req-b2abad availability SKU-0012: 276 in stock
2026-03-14T14:09:20.522Z INFO  [gateway] req=req-b2abad GET /api/products/SKU-0012/availability -> 200 (9ms) user=u-6774
2026-03-14T14:09:21.345Z INFO  [auth] req=req-7c9895 token ok user=u-7680
2026-03-14T14:09:21.359Z INFO  [gateway] req=req-7c9895 GET /api/cart -> 200 (25ms) user=u-7680
2026-03-14T14:09:23.917Z INFO  [auth] req=req-be6e36 token ok user=u-9760
2026-03-14T14:09:23.922Z INFO  [inventory] req=req-be6e36 availability SKU-1203: 75 in stock
2026-03-14T14:09:23.925Z INFO  [gateway] req=req-be6e36 GET /api/products/SKU-1203/availability -> 200 (9ms) user=u-9760
2026-03-14T14:09:24.621Z INFO  [gateway] circuit breaker payments HALF_OPEN, letting one request through
2026-03-14T14:09:24.622Z INFO  [auth] req=req-e777f3 token ok user=u-9775
2026-03-14T14:09:24.630Z INFO  [orders] req=req-e777f3 cart validated items=4 total=EUR 419.80
2026-03-14T14:09:24.638Z INFO  [inventory] req=req-e777f3 reserved 4 items hold=h-273a9
2026-03-14T14:09:24.645Z INFO  [payments] req=req-e777f3 authorising EUR 419.80 with psp
2026-03-14T14:09:24.837Z INFO  [payments] req=req-e777f3 psp authorised ref=psp_ff8e8e05
2026-03-14T14:09:24.839Z INFO  [payments] req=req-e777f3 posting to ledger txn=lt-466ae (attempt 1/2)
2026-03-14T14:09:26.651Z INFO  [auth] req=req-3dbe63 token ok user=u-3207
2026-03-14T14:09:26.655Z WARN  [orders] req=req-3dbe63 validation failed: cart is empty
2026-03-14T14:09:26.656Z INFO  [gateway] req=req-3dbe63 POST /api/checkout -> 422 (6ms) user=u-3207
2026-03-14T14:09:26.842Z ERROR [ledger-db] acquire timeout after 2000ms txn=lt-466ae in_use=4/4 waiters=7
2026-03-14T14:09:26.843Z ERROR [ledger] txn=lt-466ae aborted: PoolTimeout (could not get a connection)
2026-03-14T14:09:26.845Z WARN  [payments] req=req-e777f3 ledger post failed txn=lt-466ae: 503 ledger unavailable, retrying in 100ms
2026-03-14T14:09:26.945Z INFO  [payments] req=req-e777f3 posting to ledger txn=lt-b694f (attempt 2/2)
2026-03-14T14:09:27.759Z INFO  [auth] req=req-b1faa2 token ok user=u-9737
2026-03-14T14:09:27.763Z WARN  [orders] req=req-b1faa2 validation failed: cart is empty
2026-03-14T14:09:27.764Z INFO  [gateway] req=req-b1faa2 POST /api/checkout -> 422 (6ms) user=u-9737
2026-03-14T14:09:28.945Z ERROR [ledger-db] acquire timeout after 2000ms txn=lt-b694f in_use=4/4 waiters=12
2026-03-14T14:09:28.946Z ERROR [ledger] txn=lt-b694f aborted: PoolTimeout (could not get a connection)
2026-03-14T14:09:28.948Z ERROR [payments] req=req-e777f3 ledger post failed txn=lt-b694f: 503 ledger unavailable
2026-03-14T14:09:28.949Z ERROR [payments] req=req-e777f3 charge failed after 2 attempts: ledger unavailable (txns lt-466ae, lt-b694f); voiding psp authorisation
2026-03-14T14:09:28.952Z INFO  [inventory] req=req-e777f3 released hold=h-273a9
2026-03-14T14:09:28.953Z ERROR [orders] req=req-e777f3 checkout failed: payment step returned 502
2026-03-14T14:09:28.955Z ERROR [gateway] req=req-e777f3 POST /api/checkout -> 502 (4334ms) user=u-9775
2026-03-14T14:09:28.956Z WARN  [gateway] circuit breaker payments OPEN (trial request failed)
2026-03-14T14:09:33.086Z INFO  [gateway] req=req-8cb6e3 GET /api/products/SKU-0012 -> 200 (29ms)
2026-03-14T14:09:37.184Z INFO  [auth] req=req-24b324 token ok user=u-8541
2026-03-14T14:09:37.189Z INFO  [inventory] req=req-24b324 availability SKU-0105: 288 in stock
2026-03-14T14:09:37.192Z INFO  [gateway] req=req-24b324 GET /api/products/SKU-0105/availability -> 200 (9ms) user=u-8541
2026-03-14T14:09:37.300Z INFO  [ledger-db] pool stats in_use=4 idle=0 max=4 waiters=6
2026-03-14T14:09:39.685Z INFO  [gateway] req=req-1314ea GET /api/products/SKU-0077 -> 200 (4ms)
2026-03-14T14:09:41.067Z INFO  [gateway] req=req-a990a5 GET /api/products/SKU-0777 -> 200 (25ms)
2026-03-14T14:09:47.756Z INFO  [auth] req=req-5eff87 token ok user=u-6889
2026-03-14T14:09:47.761Z INFO  [inventory] req=req-5eff87 availability SKU-0077: 175 in stock
2026-03-14T14:09:47.764Z INFO  [gateway] req=req-5eff87 GET /api/products/SKU-0077/availability -> 200 (9ms) user=u-6889
2026-03-14T14:09:48.799Z INFO  [auth] req=req-e4c115 token ok user=u-2192
2026-03-14T14:09:48.830Z INFO  [gateway] req=req-e4c115 GET /api/cart -> 200 (14ms) user=u-2192
2026-03-14T14:09:52.857Z WARN  [orders] req=req-c62a81 payments circuit open, failing fast
2026-03-14T14:09:52.859Z ERROR [gateway] req=req-c62a81 POST /api/checkout -> 503 (3ms) user=u-2243
2026-03-14T14:09:53.900Z WARN  [orders] req=req-3f3a8f payments circuit open, failing fast
2026-03-14T14:09:53.902Z ERROR [gateway] req=req-3f3a8f POST /api/checkout -> 503 (3ms) user=u-8687
2026-03-14T14:09:55.190Z INFO  [gateway] req=req-6ce1f7 GET /api/products/SKU-0901 -> 200 (12ms)
2026-03-14T14:09:56.403Z INFO  [gateway] req=req-7ffa4e GET /api/products/SKU-0077 -> 200 (5ms)
2026-03-14T14:09:56.804Z WARN  [orders] req=req-6852dd payments circuit open, failing fast
2026-03-14T14:09:56.806Z ERROR [gateway] req=req-6852dd POST /api/checkout -> 503 (3ms) user=u-5772
2026-03-14T14:09:57.105Z WARN  [orders] req=req-d69559 payments circuit open, failing fast
2026-03-14T14:09:57.107Z ERROR [gateway] req=req-d69559 POST /api/checkout -> 503 (3ms) user=u-1321
2026-03-14T14:09:57.453Z WARN  [orders] req=req-07ba60 payments circuit open, failing fast
2026-03-14T14:09:57.455Z ERROR [gateway] req=req-07ba60 POST /api/checkout -> 503 (3ms) user=u-9549
2026-03-14T14:10:00.525Z INFO  [gateway] circuit breaker payments HALF_OPEN, letting one request through
2026-03-14T14:10:00.526Z INFO  [auth] req=req-9852b0 token ok user=u-4395
2026-03-14T14:10:00.534Z INFO  [orders] req=req-9852b0 cart validated items=3 total=EUR 155.33
2026-03-14T14:10:00.542Z INFO  [inventory] req=req-9852b0 reserved 3 items hold=h-ca69a
2026-03-14T14:10:00.549Z INFO  [payments] req=req-9852b0 authorising EUR 155.33 with psp
2026-03-14T14:10:00.801Z INFO  [payments] req=req-9852b0 psp authorised ref=psp_0462ef9a
2026-03-14T14:10:00.803Z INFO  [payments] req=req-9852b0 posting to ledger txn=lt-c2f75 (attempt 1/2)
2026-03-14T14:10:02.463Z INFO  [cache] stats hit_ratio=0.8 keys=20633 evictions/s=334
2026-03-14T14:10:02.809Z ERROR [ledger-db] acquire timeout after 2000ms txn=lt-c2f75 in_use=4/4 waiters=17
2026-03-14T14:10:02.810Z ERROR [ledger] txn=lt-c2f75 aborted: PoolTimeout (could not get a connection)
2026-03-14T14:10:02.812Z WARN  [payments] req=req-9852b0 ledger post failed txn=lt-c2f75: 503 ledger unavailable, retrying in 100ms
2026-03-14T14:10:02.912Z INFO  [payments] req=req-9852b0 posting to ledger txn=lt-17d2f (attempt 2/2)
2026-03-14T14:10:04.210Z WARN  [ledger-db] slow acquire txn=lt-17d2f waited=1298ms in_use=4/4
2026-03-14T14:10:04.317Z INFO  [ledger] txn=lt-17d2f posted 2 entries (107ms)
2026-03-14T14:10:04.319Z INFO  [payments] req=req-9852b0 charge captured txn=lt-17d2f
2026-03-14T14:10:04.323Z INFO  [orders] req=req-9852b0 order o-3292fc confirmed
2026-03-14T14:10:04.326Z INFO  [gateway] req=req-9852b0 POST /api/checkout -> 201 (3801ms) user=u-4395
2026-03-14T14:10:04.327Z INFO  [gateway] circuit breaker payments CLOSED
2026-03-14T14:10:05.007Z DEBUG [gateway] health payments ok (6ms)
2026-03-14T14:10:05.008Z DEBUG [gateway] health orders ok (1ms)
2026-03-14T14:10:05.023Z DEBUG [gateway] health auth ok (9ms)
2026-03-14T14:10:05.033Z DEBUG [gateway] health inventory ok (7ms)
2026-03-14T14:10:05.033Z DEBUG [gateway] health ledger ok (1ms)
2026-03-14T14:10:05.354Z INFO  [gateway] req=req-272ad0 GET /api/products/SKU-0077 -> 200 (24ms)
2026-03-14T14:10:06.669Z INFO  [auth] req=req-c4550f token ok user=u-1606
2026-03-14T14:10:06.677Z INFO  [orders] req=req-c4550f cart validated items=2 total=EUR 123.20
2026-03-14T14:10:06.685Z INFO  [inventory] req=req-c4550f reserved 2 items hold=h-e5061
2026-03-14T14:10:06.692Z INFO  [payments] req=req-c4550f authorising EUR 123.20 with psp
2026-03-14T14:10:06.807Z INFO  [payments] req=req-c4550f psp authorised ref=psp_bafa7b78
2026-03-14T14:10:06.809Z INFO  [payments] req=req-c4550f posting to ledger txn=lt-bc87c (attempt 1/2)
2026-03-14T14:10:07.167Z INFO  [auth] req=req-6b8108 token ok user=u-6536
2026-03-14T14:10:07.175Z INFO  [orders] req=req-6b8108 cart validated items=1 total=EUR 144.55
2026-03-14T14:10:07.183Z INFO  [inventory] req=req-6b8108 reserved 1 items hold=h-9e4ab
2026-03-14T14:10:07.190Z INFO  [payments] req=req-6b8108 authorising EUR 144.55 with psp
2026-03-14T14:10:07.300Z INFO  [ledger-db] pool stats in_use=4 idle=0 max=4 waiters=15
2026-03-14T14:10:07.343Z INFO  [payments] req=req-6b8108 psp authorised ref=psp_1aa0f41c
2026-03-14T14:10:07.345Z INFO  [payments] req=req-6b8108 posting to ledger txn=lt-2adb5 (attempt 1/2)
2026-03-14T14:10:08.412Z INFO  [gateway] req=req-016b13 GET /api/products/SKU-0512 -> 200 (23ms)
2026-03-14T14:10:08.418Z WARN  [ledger-db] slow acquire txn=lt-2adb5 waited=1073ms in_use=4/4
2026-03-14T14:10:08.558Z INFO  [ledger] txn=lt-2adb5 posted 2 entries (140ms)
2026-03-14T14:10:08.560Z INFO  [payments] req=req-6b8108 charge captured txn=lt-2adb5
2026-03-14T14:10:08.564Z INFO  [orders] req=req-6b8108 order o-548e8e confirmed
2026-03-14T14:10:08.567Z INFO  [gateway] req=req-6b8108 POST /api/checkout -> 201 (1401ms) user=u-6536
2026-03-14T14:10:08.810Z ERROR [ledger-db] acquire timeout after 2000ms txn=lt-bc87c in_use=4/4 waiters=13
2026-03-14T14:10:08.811Z ERROR [ledger] txn=lt-bc87c aborted: PoolTimeout (could not get a connection)
2026-03-14T14:10:08.813Z WARN  [payments] req=req-c4550f ledger post failed txn=lt-bc87c: 503 ledger unavailable, retrying in 100ms
2026-03-14T14:10:08.825Z INFO  [gateway] req=req-688dc3 GET /api/products/SKU-0012 -> 200 (25ms)
2026-03-14T14:10:08.913Z INFO  [payments] req=req-c4550f posting to ledger txn=lt-8f5e0 (attempt 2/2)
2026-03-14T14:10:09.173Z INFO  [gateway] req=req-4ce4b6 GET /api/products/SKU-0230 -> 200 (26ms)
2026-03-14T14:10:10.165Z INFO  [auth] req=req-66297f token ok user=u-6774
2026-03-14T14:10:10.173Z INFO  [orders] req=req-66297f cart validated items=6 total=EUR 437.69
2026-03-14T14:10:10.181Z INFO  [inventory] req=req-66297f reserved 6 items hold=h-dd58f
2026-03-14T14:10:10.188Z INFO  [payments] req=req-66297f authorising EUR 437.69 with psp
2026-03-14T14:10:10.396Z INFO  [payments] req=req-66297f psp authorised ref=psp_24663f35
2026-03-14T14:10:10.398Z INFO  [payments] req=req-66297f posting to ledger txn=lt-b0d8c (attempt 1/2)
2026-03-14T14:10:10.917Z ERROR [ledger-db] acquire timeout after 2000ms txn=lt-8f5e0 in_use=4/4 waiters=13
2026-03-14T14:10:10.918Z ERROR [ledger] txn=lt-8f5e0 aborted: PoolTimeout (could not get a connection)
2026-03-14T14:10:10.920Z ERROR [payments] req=req-c4550f ledger post failed txn=lt-8f5e0: 503 ledger unavailable
2026-03-14T14:10:10.921Z ERROR [payments] req=req-c4550f charge failed after 2 attempts: ledger unavailable (txns lt-bc87c, lt-8f5e0); voiding psp authorisation
2026-03-14T14:10:10.924Z INFO  [inventory] req=req-c4550f released hold=h-e5061
2026-03-14T14:10:10.925Z ERROR [orders] req=req-c4550f checkout failed: payment step returned 502
2026-03-14T14:10:10.927Z ERROR [gateway] req=req-c4550f POST /api/checkout -> 502 (4259ms) user=u-1606
2026-03-14T14:10:12.400Z ERROR [ledger-db] acquire timeout after 2000ms txn=lt-b0d8c in_use=4/4 waiters=9
2026-03-14T14:10:12.401Z ERROR [ledger] txn=lt-b0d8c aborted: PoolTimeout (could not get a connection)
2026-03-14T14:10:12.403Z WARN  [payments] req=req-66297f ledger post failed txn=lt-b0d8c: 503 ledger unavailable, retrying in 100ms
2026-03-14T14:10:12.503Z INFO  [payments] req=req-66297f posting to ledger txn=lt-6420e (attempt 2/2)
2026-03-14T14:10:13.672Z WARN  [ledger-db] slow acquire txn=lt-6420e waited=1169ms in_use=4/4
2026-03-14T14:10:13.743Z INFO  [ledger] txn=lt-6420e posted 2 entries (71ms)
2026-03-14T14:10:13.745Z INFO  [payments] req=req-66297f charge captured txn=lt-6420e
2026-03-14T14:10:13.749Z INFO  [orders] req=req-66297f order o-d8e230 confirmed
2026-03-14T14:10:13.752Z INFO  [gateway] req=req-66297f POST /api/checkout -> 201 (3588ms) user=u-6774
2026-03-14T14:10:14.302Z INFO  [gateway] req=req-c68263 GET /api/products/SKU-0230 -> 200 (8ms)
2026-03-14T14:10:16.770Z INFO  [auth] req=req-3b80ce token ok user=u-1269
2026-03-14T14:10:16.778Z INFO  [orders] req=req-3b80ce cart validated items=5 total=EUR 424.99
2026-03-14T14:10:16.786Z INFO  [inventory] req=req-3b80ce reserved 5 items hold=h-eece4
2026-03-14T14:10:16.793Z INFO  [payments] req=req-3b80ce authorising EUR 424.99 with psp
2026-03-14T14:10:16.899Z INFO  [payments] req=req-3b80ce psp authorised ref=psp_edc9770a
2026-03-14T14:10:16.901Z INFO  [payments] req=req-3b80ce posting to ledger txn=lt-e909d (attempt 1/2)
2026-03-14T14:10:18.904Z ERROR [ledger-db] acquire timeout after 2000ms txn=lt-e909d in_use=4/4 waiters=6
2026-03-14T14:10:18.905Z ERROR [ledger] txn=lt-e909d aborted: PoolTimeout (could not get a connection)
2026-03-14T14:10:18.907Z WARN  [payments] req=req-3b80ce ledger post failed txn=lt-e909d: 503 ledger unavailable, retrying in 100ms
2026-03-14T14:10:19.007Z INFO  [payments] req=req-3b80ce posting to ledger txn=lt-bcef2 (attempt 2/2)
2026-03-14T14:10:20.000Z INFO  [ledger] settlement batch progress 19%
2026-03-14T14:10:21.008Z ERROR [ledger-db] acquire timeout after 2000ms txn=lt-bcef2 in_use=4/4 waiters=19
2026-03-14T14:10:21.009Z ERROR [ledger] txn=lt-bcef2 aborted: PoolTimeout (could not get a connection)
2026-03-14T14:10:21.011Z ERROR [payments] req=req-3b80ce ledger post failed txn=lt-bcef2: 503 ledger unavailable
2026-03-14T14:10:21.012Z ERROR [payments] req=req-3b80ce charge failed after 2 attempts: ledger unavailable (txns lt-e909d, lt-bcef2); voiding psp authorisation
2026-03-14T14:10:21.015Z INFO  [inventory] req=req-3b80ce released hold=h-eece4
2026-03-14T14:10:21.016Z ERROR [orders] req=req-3b80ce checkout failed: payment step returned 502
2026-03-14T14:10:21.018Z ERROR [gateway] req=req-3b80ce POST /api/checkout -> 502 (4249ms) user=u-1269
2026-03-14T14:10:23.606Z INFO  [auth] req=req-807164 token ok user=u-6957
2026-03-14T14:10:23.614Z INFO  [orders] req=req-807164 cart validated items=3 total=EUR 463.97
2026-03-14T14:10:23.622Z INFO  [inventory] req=req-807164 reserved 3 items hold=h-38328
2026-03-14T14:10:23.629Z INFO  [payments] req=req-807164 authorising EUR 463.97 with psp
2026-03-14T14:10:23.803Z INFO  [auth] req=req-a0d124 token ok user=u-4520
2026-03-14T14:10:23.811Z INFO  [orders] req=req-a0d124 cart validated items=6 total=EUR 227.11
2026-03-14T14:10:23.819Z INFO  [inventory] req=req-a0d124 reserved 6 items hold=h-590f6
2026-03-14T14:10:23.826Z INFO  [payments] req=req-a0d124 authorising EUR 227.11 with psp
2026-03-14T14:10:23.865Z INFO  [payments] req=req-807164 psp authorised ref=psp_f7bbe975
2026-03-14T14:10:23.867Z INFO  [payments] req=req-807164 posting to ledger txn=lt-d8624 (attempt 1/2)
2026-03-14T14:10:24.079Z INFO  [payments] req=req-a0d124 psp authorised ref=psp_9b9c426e
2026-03-14T14:10:24.081Z INFO  [payments] req=req-a0d124 posting to ledger txn=lt-ac59a (attempt 1/2)
2026-03-14T14:10:25.213Z WARN  [ledger-db] slow acquire txn=lt-d8624 waited=1346ms in_use=4/4
2026-03-14T14:10:25.347Z INFO  [ledger] txn=lt-d8624 posted 2 entries (134ms)
2026-03-14T14:10:25.349Z INFO  [payments] req=req-807164 charge captured txn=lt-d8624
2026-03-14T14:10:25.353Z INFO  [orders] req=req-807164 order o-04ad46 confirmed
2026-03-14T14:10:25.356Z INFO  [gateway] req=req-807164 POST /api/checkout -> 201 (1751ms) user=u-6957
2026-03-14T14:10:25.529Z INFO  [auth] req=req-a87030 token ok user=u-8636
2026-03-14T14:10:25.530Z WARN  [ledger-db] slow acquire txn=lt-ac59a waited=1449ms in_use=4/4
2026-03-14T14:10:25.534Z INFO  [inventory] req=req-a87030 availability SKU-0077: 245 in stock
2026-03-14T14:10:25.537Z INFO  [gateway] req=req-a87030 GET /api/products/SKU-0077/availability -> 200 (9ms) user=u-8636
2026-03-14T14:10:25.653Z INFO  [ledger] txn=lt-ac59a posted 2 entries (123ms)
2026-03-14T14:10:25.655Z INFO  [payments] req=req-a0d124 charge captured txn=lt-ac59a
2026-03-14T14:10:25.659Z INFO  [orders] req=req-a0d124 order o-132150 confirmed
2026-03-14T14:10:25.662Z INFO  [gateway] req=req-a0d124 POST /api/checkout -> 201 (1860ms) user=u-4520
2026-03-14T14:10:27.380Z INFO  [auth] req=req-52a27a token ok user=u-8116
2026-03-14T14:10:27.408Z INFO  [gateway] req=req-52a27a GET /api/cart -> 200 (15ms) user=u-8116
2026-03-14T14:10:28.175Z INFO  [auth] req=req-e887c7 token ok user=u-8763
2026-03-14T14:10:28.213Z INFO  [gateway] req=req-e887c7 GET /api/cart -> 200 (13ms) user=u-8763
2026-03-14T14:10:30.134Z INFO  [auth] req=req-9111fb token ok user=u-3663
2026-03-14T14:10:30.142Z INFO  [orders] req=req-9111fb cart validated items=1 total=EUR 479.82
2026-03-14T14:10:30.150Z INFO  [inventory] req=req-9111fb reserved 1 items hold=h-12d03
2026-03-14T14:10:30.157Z INFO  [payments] req=req-9111fb authorising EUR 479.82 with psp
2026-03-14T14:10:30.203Z INFO  [gateway] req=req-3b5813 GET /api/products/SKU-0901 -> 200 (16ms)
2026-03-14T14:10:30.348Z INFO  [payments] req=req-9111fb psp authorised ref=psp_d5bab4a1
2026-03-14T14:10:30.350Z INFO  [payments] req=req-9111fb posting to ledger txn=lt-d6f8e (attempt 1/2)
2026-03-14T14:10:32.352Z ERROR [ledger-db] acquire timeout after 2000ms txn=lt-d6f8e in_use=4/4 waiters=20
2026-03-14T14:10:32.353Z ERROR [ledger] txn=lt-d6f8e aborted: PoolTimeout (could not get a connection)
2026-03-14T14:10:32.355Z WARN  [payments] req=req-9111fb ledger post failed txn=lt-d6f8e: 503 ledger unavailable, retrying in 100ms
2026-03-14T14:10:32.455Z INFO  [payments] req=req-9111fb posting to ledger txn=lt-a0b7f (attempt 2/2)
2026-03-14T14:10:33.417Z WARN  [auth] req=req-58b15f token expired user=u-7272
2026-03-14T14:10:33.418Z INFO  [gateway] req=req-58b15f POST /api/checkout -> 401 (2ms)
2026-03-14T14:10:33.579Z WARN  [auth] req=req-0f38c5 login failed for user=u-6315: bad password (attempt 1)
2026-03-14T14:10:33.617Z INFO  [gateway] req=req-0f38c5 POST /api/login -> 401 (40ms)
2026-03-14T14:10:34.458Z ERROR [ledger-db] acquire timeout after 2000ms txn=lt-a0b7f in_use=4/4 waiters=14
2026-03-14T14:10:34.459Z ERROR [ledger] txn=lt-a0b7f aborted: PoolTimeout (could not get a connection)
2026-03-14T14:10:34.461Z ERROR [payments] req=req-9111fb ledger post failed txn=lt-a0b7f: 503 ledger unavailable
2026-03-14T14:10:34.462Z ERROR [payments] req=req-9111fb charge failed after 2 attempts: ledger unavailable (txns lt-d6f8e, lt-a0b7f); voiding psp authorisation
2026-03-14T14:10:34.465Z INFO  [inventory] req=req-9111fb released hold=h-12d03
2026-03-14T14:10:34.466Z ERROR [orders] req=req-9111fb checkout failed: payment step returned 502
2026-03-14T14:10:34.468Z ERROR [gateway] req=req-9111fb POST /api/checkout -> 502 (4335ms) user=u-3663
2026-03-14T14:10:37.300Z INFO  [ledger-db] pool stats in_use=4 idle=0 max=4 waiters=14
2026-03-14T14:10:39.375Z INFO  [gateway] req=req-2e804b GET /api/products/SKU-0077 -> 200 (5ms)
2026-03-14T14:10:41.000Z INFO  [scheduler] job=purge-expired-sessions started
2026-03-14T14:10:41.318Z INFO  [scheduler] job=purge-expired-sessions finished removed=239
2026-03-14T14:10:42.863Z INFO  [auth] req=req-8a4aeb token ok user=u-8977
2026-03-14T14:10:42.874Z INFO  [gateway] req=req-8a4aeb GET /api/cart -> 200 (10ms) user=u-8977
2026-03-14T14:10:43.436Z INFO  [auth] req=req-287bb2 login ok user=u-7033 session=s-6eeef9ba
2026-03-14T14:10:43.440Z INFO  [gateway] req=req-287bb2 POST /api/login -> 200 (34ms) user=u-7033
2026-03-14T14:10:45.989Z INFO  [gateway] req=req-724c94 GET /api/products/SKU-0077 -> 200 (9ms)
2026-03-14T14:10:52.048Z INFO  [gateway] req=req-282fae GET /api/products/SKU-0404 -> 200 (18ms)
2026-03-14T14:10:53.525Z INFO  [auth] req=req-d00f50 token ok user=u-9819
2026-03-14T14:10:53.547Z INFO  [gateway] req=req-d00f50 GET /api/cart -> 200 (29ms) user=u-9819
2026-03-14T14:10:53.613Z INFO  [auth] req=req-8c195c token ok user=u-1075
2026-03-14T14:10:53.618Z INFO  [inventory] req=req-8c195c availability SKU-1203: 246 in stock
2026-03-14T14:10:53.621Z INFO  [gateway] req=req-8c195c GET /api/products/SKU-1203/availability -> 200 (9ms) user=u-1075
2026-03-14T14:10:54.420Z INFO  [gateway] req=req-4d1260 GET /api/products/SKU-0901 -> 200 (17ms)
2026-03-14T14:10:56.238Z INFO  [auth] req=req-d33d49 token ok user=u-1299
2026-03-14T14:10:56.265Z INFO  [gateway] req=req-d33d49 GET /api/cart -> 200 (17ms) user=u-1299
2026-03-14T14:10:57.974Z INFO  [auth] req=req-6c676f token ok user=u-1606
2026-03-14T14:10:57.979Z INFO  [inventory] req=req-6c676f availability SKU-0077: 146 in stock
2026-03-14T14:10:57.982Z INFO  [gateway] req=req-6c676f GET /api/products/SKU-0077/availability -> 200 (9ms) user=u-1606
2026-03-14T14:11:05.003Z DEBUG [gateway] health inventory ok (6ms)
2026-03-14T14:11:05.009Z DEBUG [gateway] health auth ok (2ms)
2026-03-14T14:11:05.018Z DEBUG [gateway] health orders ok (7ms)
2026-03-14T14:11:05.021Z DEBUG [gateway] health payments ok (4ms)
2026-03-14T14:11:05.027Z DEBUG [gateway] health ledger ok (6ms)
2026-03-14T14:11:05.073Z INFO  [gateway] req=req-1b9e45 GET /api/products/SKU-0777 -> 200 (9ms)
2026-03-14T14:11:06.184Z INFO  [auth] req=req-ebdfac login ok user=u-3030 session=s-1accc1ba
2026-03-14T14:11:06.188Z INFO  [gateway] req=req-ebdfac POST /api/login -> 200 (34ms) user=u-3030
2026-03-14T14:11:07.300Z INFO  [ledger-db] pool stats in_use=4 idle=0 max=4 waiters=17
2026-03-14T14:11:08.045Z INFO  [auth] req=req-e5c6b8 login ok user=u-6842 session=s-030fba7a
2026-03-14T14:11:08.049Z INFO  [gateway] req=req-e5c6b8 POST /api/login -> 200 (34ms) user=u-6842
2026-03-14T14:11:08.810Z INFO  [gateway] req=req-b445e4 GET /api/products/SKU-0404 -> 200 (5ms)
2026-03-14T14:11:09.286Z INFO  [auth] req=req-b31613 token ok user=u-3322
2026-03-14T14:11:09.300Z INFO  [gateway] req=req-b31613 GET /api/orders/o-2b793f -> 200 (15ms) user=u-3322
2026-03-14T14:11:09.519Z INFO  [auth] req=req-b5fafc login ok user=u-7552 session=s-99645457
2026-03-14T14:11:09.523Z INFO  [gateway] req=req-b5fafc POST /api/login -> 200 (34ms) user=u-7552
2026-03-14T14:11:11.866Z INFO  [gateway] req=req-426fc5 GET /api/products/SKU-0404 -> 200 (29ms)
2026-03-14T14:11:14.443Z INFO  [gateway] req=req-01642f GET /api/products/SKU-0012 -> 200 (8ms)
2026-03-14T14:11:15.111Z INFO  [auth] req=req-52d826 login ok user=u-3207 session=s-2ee6de87
2026-03-14T14:11:15.115Z INFO  [gateway] req=req-52d826 POST /api/login -> 200 (34ms) user=u-3207
2026-03-14T14:11:16.501Z INFO  [cache] stats hit_ratio=0.82 keys=18011 evictions/s=348
2026-03-14T14:11:16.504Z WARN  [cache] eviction rate high (455/s) - consider raising maxmemory
2026-03-14T14:11:17.275Z INFO  [auth] req=req-e28665 login ok user=u-6889 session=s-eb556517
2026-03-14T14:11:17.279Z INFO  [gateway] req=req-e28665 POST /api/login -> 200 (34ms) user=u-6889
2026-03-14T14:11:19.077Z INFO  [gateway] req=req-8be426 GET /api/products/SKU-0318 -> 200 (29ms)
2026-03-14T14:11:24.293Z INFO  [auth] req=req-e5247e token ok user=u-1140
2026-03-14T14:11:24.301Z INFO  [orders] req=req-e5247e cart validated items=4 total=EUR 333.15
2026-03-14T14:11:24.309Z INFO  [inventory] req=req-e5247e reserved 4 items hold=h-eb2dd
2026-03-14T14:11:24.316Z INFO  [payments] req=req-e5247e authorising EUR 333.15 with psp
2026-03-14T14:11:24.553Z INFO  [payments] req=req-e5247e psp authorised ref=psp_7f6e304a
2026-03-14T14:11:24.555Z INFO  [payments] req=req-e5247e posting to ledger txn=lt-e6300 (attempt 1/2)
2026-03-14T14:11:25.727Z INFO  [auth] req=req-eb462a token ok user=u-3301
2026-03-14T14:11:25.741Z INFO  [gateway] req=req-eb462a GET /api/orders/o-fb3d98 -> 200 (15ms) user=u-3301
2026-03-14T14:11:26.543Z INFO  [auth] req=req-0404e5 token ok user=u-6266
2026-03-14T14:11:26.548Z INFO  [inventory] req=req-0404e5 availability SKU-0318: 172 in stock
2026-03-14T14:11:26.551Z INFO  [gateway] req=req-0404e5 GET /api/products/SKU-0318/availability -> 200 (9ms) user=u-6266
2026-03-14T14:11:26.555Z ERROR [ledger-db] acquire timeout after 2000ms txn=lt-e6300 in_use=4/4 waiters=16
2026-03-14T14:11:26.556Z ERROR [ledger] txn=lt-e6300 aborted: PoolTimeout (could not get a connection)
2026-03-14T14:11:26.558Z WARN  [payments] req=req-e5247e ledger post failed txn=lt-e6300: 503 ledger unavailable, retrying in 100ms
2026-03-14T14:11:26.658Z INFO  [payments] req=req-e5247e posting to ledger txn=lt-8f803 (attempt 2/2)
2026-03-14T14:11:27.704Z INFO  [auth] req=req-6a375e login ok user=u-3417 session=s-e013660a
2026-03-14T14:11:27.708Z INFO  [gateway] req=req-6a375e POST /api/login -> 200 (34ms) user=u-3417
2026-03-14T14:11:28.660Z ERROR [ledger-db] acquire timeout after 2000ms txn=lt-8f803 in_use=4/4 waiters=12
2026-03-14T14:11:28.661Z ERROR [ledger] txn=lt-8f803 aborted: PoolTimeout (could not get a connection)
2026-03-14T14:11:28.663Z ERROR [payments] req=req-e5247e ledger post failed txn=lt-8f803: 503 ledger unavailable
2026-03-14T14:11:28.664Z ERROR [payments] req=req-e5247e charge failed after 2 attempts: ledger unavailable (txns lt-e6300, lt-8f803); voiding psp authorisation
2026-03-14T14:11:28.667Z INFO  [inventory] req=req-e5247e released hold=h-eb2dd
2026-03-14T14:11:28.668Z ERROR [orders] req=req-e5247e checkout failed: payment step returned 502
2026-03-14T14:11:28.670Z ERROR [gateway] req=req-e5247e POST /api/checkout -> 502 (4378ms) user=u-1140
2026-03-14T14:11:28.936Z INFO  [auth] req=req-00c1ed token ok user=u-7884
2026-03-14T14:11:28.944Z INFO  [orders] req=req-00c1ed cart validated items=1 total=EUR 299.91
2026-03-14T14:11:28.952Z INFO  [inventory] req=req-00c1ed reserved 1 items hold=h-037c1
2026-03-14T14:11:28.959Z INFO  [payments] req=req-00c1ed authorising EUR 299.91 with psp
2026-03-14T14:11:29.171Z INFO  [payments] req=req-00c1ed psp authorised ref=psp_f8920093
2026-03-14T14:11:29.173Z INFO  [payments] req=req-00c1ed posting to ledger txn=lt-952fc (attempt 1/2)
2026-03-14T14:11:30.173Z INFO  [gateway] req=req-16788d GET /api/products/SKU-1203 -> 200 (18ms)
2026-03-14T14:11:31.176Z ERROR [ledger-db] acquire timeout after 2000ms txn=lt-952fc in_use=4/4 waiters=6
2026-03-14T14:11:31.177Z ERROR [ledger] txn=lt-952fc aborted: PoolTimeout (could not get a connection)
2026-03-14T14:11:31.179Z WARN  [payments] req=req-00c1ed ledger post failed txn=lt-952fc: 503 ledger unavailable, retrying in 100ms
2026-03-14T14:11:31.279Z INFO  [payments] req=req-00c1ed posting to ledger txn=lt-6af61 (attempt 2/2)
2026-03-14T14:11:32.463Z WARN  [ledger-db] slow acquire txn=lt-6af61 waited=1184ms in_use=4/4
2026-03-14T14:11:32.544Z INFO  [ledger] txn=lt-6af61 posted 2 entries (81ms)
2026-03-14T14:11:32.546Z INFO  [payments] req=req-00c1ed charge captured txn=lt-6af61
2026-03-14T14:11:32.550Z INFO  [orders] req=req-00c1ed order o-927fe0 confirmed
2026-03-14T14:11:32.553Z INFO  [gateway] req=req-00c1ed POST /api/checkout -> 201 (3618ms) user=u-7884
2026-03-14T14:11:36.139Z INFO  [auth] req=req-b74219 token ok user=u-7770
2026-03-14T14:11:36.147Z INFO  [orders] req=req-b74219 cart validated items=6 total=EUR 142.68
2026-03-14T14:11:36.155Z INFO  [inventory] req=req-b74219 reserved 6 items hold=h-567aa
2026-03-14T14:11:36.162Z INFO  [payments] req=req-b74219 authorising EUR 142.68 with psp
2026-03-14T14:11:36.338Z INFO  [payments] req=req-b74219 psp authorised ref=psp_a6137f4e
2026-03-14T14:11:36.340Z INFO  [payments] req=req-b74219 posting to ledger txn=lt-b1b15 (attempt 1/2)
2026-03-14T14:11:37.300Z INFO  [ledger-db] pool stats in_use=4 idle=0 max=4 waiters=16
2026-03-14T14:11:38.342Z ERROR [ledger-db] acquire timeout after 2000ms txn=lt-b1b15 in_use=4/4 waiters=12
2026-03-14T14:11:38.343Z ERROR [ledger] txn=lt-b1b15 aborted: PoolTimeout (could not get a connection)
2026-03-14T14:11:38.345Z WARN  [payments] req=req-b74219 ledger post failed txn=lt-b1b15: 503 ledger unavailable, retrying in 100ms
2026-03-14T14:11:38.445Z INFO  [payments] req=req-b74219 posting to ledger txn=lt-96a88 (attempt 2/2)
2026-03-14T14:11:39.054Z INFO  [auth] req=req-7ea58c token ok user=u-8842
2026-03-14T14:11:39.084Z INFO  [gateway] req=req-7ea58c GET /api/cart -> 200 (18ms) user=u-8842
2026-03-14T14:11:40.257Z INFO  [auth] req=req-fb4987 token ok user=u-4449
2026-03-14T14:11:40.265Z INFO  [orders] req=req-fb4987 cart validated items=2 total=EUR 166.46
2026-03-14T14:11:40.273Z INFO  [inventory] req=req-fb4987 reserved 2 items hold=h-ea540
2026-03-14T14:11:40.280Z INFO  [payments] req=req-fb4987 authorising EUR 166.46 with psp
2026-03-14T14:11:40.445Z ERROR [ledger-db] acquire timeout after 2000ms txn=lt-96a88 in_use=4/4 waiters=17
2026-03-14T14:11:40.446Z ERROR [ledger] txn=lt-96a88 aborted: PoolTimeout (could not get a connection)
2026-03-14T14:11:40.448Z ERROR [payments] req=req-b74219 ledger post failed txn=lt-96a88: 503 ledger unavailable
2026-03-14T14:11:40.449Z ERROR [payments] req=req-b74219 charge failed after 2 attempts: ledger unavailable (txns lt-b1b15, lt-96a88); voiding psp authorisation
2026-03-14T14:11:40.452Z INFO  [inventory] req=req-b74219 released hold=h-567aa
2026-03-14T14:11:40.453Z ERROR [orders] req=req-b74219 checkout failed: payment step returned 502
2026-03-14T14:11:40.455Z ERROR [gateway] req=req-b74219 POST /api/checkout -> 502 (4317ms) user=u-7770
2026-03-14T14:11:40.524Z INFO  [payments] req=req-fb4987 psp authorised ref=psp_455fa77c
2026-03-14T14:11:40.526Z INFO  [payments] req=req-fb4987 posting to ledger txn=lt-64be5 (attempt 1/2)
2026-03-14T14:11:41.894Z INFO  [auth] req=req-1e1479 token ok user=u-9318
2026-03-14T14:11:41.905Z INFO  [gateway] req=req-1e1479 GET /api/cart -> 200 (17ms) user=u-9318
2026-03-14T14:11:42.530Z ERROR [ledger-db] acquire timeout after 2000ms txn=lt-64be5 in_use=4/4 waiters=18
2026-03-14T14:11:42.531Z ERROR [ledger] txn=lt-64be5 aborted: PoolTimeout (could not get a connection)
2026-03-14T14:11:42.533Z WARN  [payments] req=req-fb4987 ledger post failed txn=lt-64be5: 503 ledger unavailable, retrying in 100ms
2026-03-14T14:11:42.633Z INFO  [payments] req=req-fb4987 posting to ledger txn=lt-7787a (attempt 2/2)
2026-03-14T14:11:42.814Z INFO  [auth] req=req-c18660 token ok user=u-4911
2026-03-14T14:11:42.819Z INFO  [gateway] req=req-42403d GET /api/products/SKU-0230 -> 200 (17ms)
2026-03-14T14:11:42.832Z INFO  [gateway] req=req-c18660 GET /api/cart -> 200 (29ms) user=u-4911
2026-03-14T14:11:43.111Z INFO  [auth] req=req-bef510 token ok user=u-7424
2026-03-14T14:11:43.115Z WARN  [orders] req=req-bef510 validation failed: cart is empty
2026-03-14T14:11:43.116Z INFO  [gateway] req=req-bef510 POST /api/checkout -> 422 (6ms) user=u-7424
2026-03-14T14:11:43.628Z INFO  [auth] req=req-5e895d token ok user=u-9276
2026-03-14T14:11:43.636Z INFO  [orders] req=req-5e895d cart validated items=3 total=EUR 37.29
2026-03-14T14:11:43.644Z INFO  [inventory] req=req-5e895d reserved 3 items hold=h-32157
2026-03-14T14:11:43.651Z INFO  [payments] req=req-5e895d authorising EUR 37.29 with psp
2026-03-14T14:11:43.756Z INFO  [payments] req=req-5e895d psp authorised ref=psp_47199714
2026-03-14T14:11:43.758Z INFO  [payments] req=req-5e895d posting to ledger txn=lt-e9e0f (attempt 1/2)
2026-03-14T14:11:44.466Z INFO  [auth] req=req-735083 token ok user=u-7033
2026-03-14T14:11:44.474Z INFO  [orders] req=req-735083 cart validated items=1 total=EUR 432.64
2026-03-14T14:11:44.482Z INFO  [inventory] req=req-735083 reserved 1 items hold=h-91437
2026-03-14T14:11:44.489Z INFO  [payments] req=req-735083 authorising EUR 432.64 with psp
2026-03-14T14:11:44.634Z ERROR [ledger-db] acquire timeout after 2000ms txn=lt-7787a in_use=4/4 waiters=14
2026-03-14T14:11:44.635Z ERROR [ledger] txn=lt-7787a aborted: PoolTimeout (could not get a connection)
2026-03-14T14:11:44.637Z ERROR [payments] req=req-fb4987 ledger post failed txn=lt-7787a: 503 ledger unavailable
2026-03-14T14:11:44.638Z ERROR [payments] req=req-fb4987 charge failed after 2 attempts: ledger unavailable (txns lt-64be5, lt-7787a); voiding psp authorisation
2026-03-14T14:11:44.641Z INFO  [inventory] req=req-fb4987 released hold=h-ea540
2026-03-14T14:11:44.642Z ERROR [orders] req=req-fb4987 checkout failed: payment step returned 502
2026-03-14T14:11:44.644Z ERROR [gateway] req=req-fb4987 POST /api/checkout -> 502 (4388ms) user=u-4449
2026-03-14T14:11:44.742Z INFO  [payments] req=req-735083 psp authorised ref=psp_b2f13fa0
2026-03-14T14:11:44.744Z INFO  [payments] req=req-735083 posting to ledger txn=lt-b20d6 (attempt 1/2)
2026-03-14T14:11:45.045Z INFO  [auth] req=req-188e41 token ok user=u-1769
2026-03-14T14:11:45.058Z INFO  [gateway] req=req-188e41 GET /api/cart -> 200 (23ms) user=u-1769
2026-03-14T14:11:45.758Z ERROR [ledger-db] acquire timeout after 2000ms txn=lt-e9e0f in_use=4/4 waiters=9
2026-03-14T14:11:45.759Z ERROR [ledger] txn=lt-e9e0f aborted: PoolTimeout (could not get a connection)
2026-03-14T14:11:45.761Z WARN  [payments] req=req-5e895d ledger post failed txn=lt-e9e0f: 503 ledger unavailable, retrying in 100ms
2026-03-14T14:11:45.861Z INFO  [payments] req=req-5e895d posting to ledger txn=lt-0248f (attempt 2/2)
2026-03-14T14:11:46.744Z ERROR [ledger-db] acquire timeout after 2000ms txn=lt-b20d6 in_use=4/4 waiters=19
2026-03-14T14:11:46.745Z ERROR [ledger] txn=lt-b20d6 aborted: PoolTimeout (could not get a connection)
2026-03-14T14:11:46.747Z WARN  [payments] req=req-735083 ledger post failed txn=lt-b20d6: 503 ledger unavailable, retrying in 100ms
2026-03-14T14:11:46.847Z INFO  [payments] req=req-735083 posting to ledger txn=lt-43e59 (attempt 2/2)
2026-03-14T14:11:47.867Z ERROR [ledger-db] acquire timeout after 2000ms txn=lt-0248f in_use=4/4 waiters=6
2026-03-14T14:11:47.868Z ERROR [ledger] txn=lt-0248f aborted: PoolTimeout (could not get a connection)
2026-03-14T14:11:47.870Z ERROR [payments] req=req-5e895d ledger post failed txn=lt-0248f: 503 ledger unavailable
2026-03-14T14:11:47.871Z ERROR [payments] req=req-5e895d charge failed after 2 attempts: ledger unavailable (txns lt-e9e0f, lt-0248f); voiding psp authorisation
2026-03-14T14:11:47.874Z INFO  [inventory] req=req-5e895d released hold=h-32157
2026-03-14T14:11:47.875Z ERROR [orders] req=req-5e895d checkout failed: payment step returned 502
2026-03-14T14:11:47.877Z ERROR [gateway] req=req-5e895d POST /api/checkout -> 502 (4250ms) user=u-9276
2026-03-14T14:11:48.853Z ERROR [ledger-db] acquire timeout after 2000ms txn=lt-43e59 in_use=4/4 waiters=14
2026-03-14T14:11:48.854Z ERROR [ledger] txn=lt-43e59 aborted: PoolTimeout (could not get a connection)
2026-03-14T14:11:48.856Z ERROR [payments] req=req-735083 ledger post failed txn=lt-43e59: 503 ledger unavailable
2026-03-14T14:11:48.857Z ERROR [payments] req=req-735083 charge failed after 2 attempts: ledger unavailable (txns lt-b20d6, lt-43e59); voiding psp authorisation
2026-03-14T14:11:48.860Z INFO  [inventory] req=req-735083 released hold=h-91437
2026-03-14T14:11:48.861Z ERROR [orders] req=req-735083 checkout failed: payment step returned 502
2026-03-14T14:11:48.863Z ERROR [gateway] req=req-735083 POST /api/checkout -> 502 (4398ms) user=u-7033
2026-03-14T14:11:48.864Z WARN  [gateway] circuit breaker payments OPEN (5 failures in 60s)
2026-03-14T14:11:49.432Z WARN  [orders] req=req-79d1f7 payments circuit open, failing fast
2026-03-14T14:11:49.434Z ERROR [gateway] req=req-79d1f7 POST /api/checkout -> 503 (3ms) user=u-3717
2026-03-14T14:11:57.683Z INFO  [auth] req=req-d3316e token ok user=u-9760
2026-03-14T14:11:57.718Z INFO  [gateway] req=req-d3316e GET /api/cart -> 200 (13ms) user=u-9760
2026-03-14T14:11:57.999Z INFO  [gateway] req=req-6e958c GET /api/products/SKU-0077 -> 200 (17ms)
2026-03-14T14:11:59.544Z WARN  [orders] req=req-060d80 payments circuit open, failing fast
2026-03-14T14:11:59.546Z ERROR [gateway] req=req-060d80 POST /api/checkout -> 503 (3ms) user=u-8295
2026-03-14T14:12:00.314Z WARN  [orders] req=req-a934bc payments circuit open, failing fast
2026-03-14T14:12:00.316Z ERROR [gateway] req=req-a934bc POST /api/checkout -> 503 (3ms) user=u-8763
2026-03-14T14:12:02.166Z WARN  [orders] req=req-a6d157 payments circuit open, failing fast
2026-03-14T14:12:02.168Z ERROR [gateway] req=req-a6d157 POST /api/checkout -> 503 (3ms) user=u-8954
2026-03-14T14:12:03.000Z WARN  [scheduler] job=reindex-search skipped: lock held by node-b (this is expected on secondary nodes)
2026-03-14T14:12:03.532Z INFO  [auth] req=req-f8da30 token ok user=u-3566
2026-03-14T14:12:03.556Z INFO  [gateway] req=req-f8da30 GET /api/cart -> 200 (8ms) user=u-3566
2026-03-14T14:12:05.010Z DEBUG [gateway] health orders ok (4ms)
2026-03-14T14:12:05.011Z DEBUG [gateway] health inventory ok (9ms)
2026-03-14T14:12:05.030Z DEBUG [gateway] health auth ok (9ms)
2026-03-14T14:12:05.032Z DEBUG [gateway] health payments ok (5ms)
2026-03-14T14:12:05.033Z DEBUG [gateway] health ledger ok (4ms)
2026-03-14T14:12:05.048Z INFO  [auth] req=req-976c5a login ok user=u-1838 session=s-8593f6b6
2026-03-14T14:12:05.052Z INFO  [gateway] req=req-976c5a POST /api/login -> 200 (34ms) user=u-1838
2026-03-14T14:12:05.933Z INFO  [auth] req=req-6c33b2 login ok user=u-8739 session=s-856dad6f
2026-03-14T14:12:05.937Z INFO  [gateway] req=req-6c33b2 POST /api/login -> 200 (34ms) user=u-8739
2026-03-14T14:12:06.930Z WARN  [auth] req=req-e7ba0c token expired user=u-9874
2026-03-14T14:12:06.931Z INFO  [gateway] req=req-e7ba0c POST /api/checkout -> 401 (2ms)
2026-03-14T14:12:07.300Z INFO  [ledger-db] pool stats in_use=4 idle=0 max=4 waiters=11
2026-03-14T14:12:08.135Z INFO  [auth] req=req-04a13e login ok user=u-3651 session=s-31b17e74
2026-03-14T14:12:08.139Z INFO  [gateway] req=req-04a13e POST /api/login -> 200 (34ms) user=u-3651
2026-03-14T14:12:09.919Z WARN  [orders] req=req-719f96 payments circuit open, failing fast
2026-03-14T14:12:09.921Z ERROR [gateway] req=req-719f96 POST /api/checkout -> 503 (3ms) user=u-7770
2026-03-14T14:12:10.000Z INFO  [ledger] settlement batch progress 24%
2026-03-14T14:12:13.095Z INFO  [gateway] req=req-ce669f GET /api/products/SKU-0512 -> 200 (28ms)
2026-03-14T14:12:14.873Z WARN  [orders] req=req-00313a payments circuit open, failing fast
2026-03-14T14:12:14.875Z ERROR [gateway] req=req-00313a POST /api/checkout -> 503 (3ms) user=u-3417
2026-03-14T14:12:15.540Z INFO  [gateway] req=req-ec2b25 GET /api/products/SKU-0512 -> 200 (16ms)
2026-03-14T14:12:20.151Z INFO  [gateway] req=req-1228f5 GET /api/products/SKU-0318 -> 200 (27ms)
2026-03-14T14:12:20.342Z INFO  [gateway] circuit breaker payments HALF_OPEN, letting one request through
2026-03-14T14:12:20.343Z INFO  [auth] req=req-18184b token ok user=u-6536
2026-03-14T14:12:20.351Z INFO  [orders] req=req-18184b cart validated items=6 total=EUR 214.60
2026-03-14T14:12:20.359Z INFO  [inventory] req=req-18184b reserved 6 items hold=h-b6f73
2026-03-14T14:12:20.366Z INFO  [payments] req=req-18184b authorising EUR 214.60 with psp
2026-03-14T14:12:20.535Z INFO  [payments] req=req-18184b psp authorised ref=psp_703d44b1
2026-03-14T14:12:20.537Z INFO  [payments] req=req-18184b posting to ledger txn=lt-f3e1a (attempt 1/2)
2026-03-14T14:12:20.820Z WARN  [auth] req=req-a38ec5 token expired user=u-1299
2026-03-14T14:12:20.821Z INFO  [gateway] req=req-a38ec5 POST /api/checkout -> 401 (2ms)
2026-03-14T14:12:21.845Z INFO  [cache] stats hit_ratio=0.82 keys=18836 evictions/s=332
2026-03-14T14:12:22.539Z ERROR [ledger-db] acquire timeout after 2000ms txn=lt-f3e1a in_use=4/4 waiters=19
2026-03-14T14:12:22.540Z ERROR [ledger] txn=lt-f3e1a aborted: PoolTimeout (could not get a connection)
2026-03-14T14:12:22.542Z WARN  [payments] req=req-18184b ledger post failed txn=lt-f3e1a: 503 ledger unavailable, retrying in 100ms
2026-03-14T14:12:22.642Z INFO  [payments] req=req-18184b posting to ledger txn=lt-7a570 (attempt 2/2)
2026-03-14T14:12:24.646Z ERROR [ledger-db] acquire timeout after 2000ms txn=lt-7a570 in_use=4/4 waiters=9
2026-03-14T14:12:24.647Z ERROR [ledger] txn=lt-7a570 aborted: PoolTimeout (could not get a connection)
2026-03-14T14:12:24.649Z ERROR [payments] req=req-18184b ledger post failed txn=lt-7a570: 503 ledger unavailable
2026-03-14T14:12:24.650Z ERROR [payments] req=req-18184b charge failed after 2 attempts: ledger unavailable (txns lt-f3e1a, lt-7a570); voiding psp authorisation
2026-03-14T14:12:24.653Z INFO  [inventory] req=req-18184b released hold=h-b6f73
2026-03-14T14:12:24.654Z ERROR [orders] req=req-18184b checkout failed: payment step returned 502
2026-03-14T14:12:24.656Z ERROR [gateway] req=req-18184b POST /api/checkout -> 502 (4314ms) user=u-6536
2026-03-14T14:12:24.657Z WARN  [gateway] circuit breaker payments OPEN (trial request failed)
2026-03-14T14:12:26.404Z INFO  [gateway] req=req-baa77d GET /api/products/SKU-0318 -> 200 (20ms)
2026-03-14T14:12:34.138Z INFO  [auth] req=req-a781c9 login ok user=u-5357 session=s-55218c5b
2026-03-14T14:12:34.142Z INFO  [gateway] req=req-a781c9 POST /api/login -> 200 (34ms) user=u-5357
2026-03-14T14:12:36.999Z WARN  [orders] req=req-f0c432 payments circuit open, failing fast
2026-03-14T14:12:37.001Z ERROR [gateway] req=req-f0c432 POST /api/checkout -> 503 (3ms) user=u-3301
2026-03-14T14:12:37.300Z INFO  [ledger-db] pool stats in_use=4 idle=0 max=4 waiters=18
2026-03-14T14:12:37.584Z WARN  [orders] req=req-c774af payments circuit open, failing fast
2026-03-14T14:12:37.586Z ERROR [gateway] req=req-c774af POST /api/checkout -> 503 (3ms) user=u-1269
2026-03-14T14:12:38.926Z WARN  [orders] req=req-aecc62 payments circuit open, failing fast
2026-03-14T14:12:38.928Z ERROR [gateway] req=req-aecc62 POST /api/checkout -> 503 (3ms) user=u-3077
2026-03-14T14:12:39.457Z INFO  [auth] req=req-3c5691 token ok user=u-3417
2026-03-14T14:12:39.471Z INFO  [gateway] req=req-3c5691 GET /api/orders/o-e39996 -> 200 (15ms) user=u-3417
2026-03-14T14:12:46.814Z INFO  [gateway] req=req-7417f3 GET /api/products/SKU-0901 -> 200 (15ms)
2026-03-14T14:12:48.007Z INFO  [gateway] req=req-77681b GET /api/products/SKU-0105 -> 200 (4ms)
2026-03-14T14:12:50.877Z WARN  [orders] req=req-63c11b payments circuit open, failing fast
2026-03-14T14:12:50.879Z ERROR [gateway] req=req-63c11b POST /api/checkout -> 503 (3ms) user=u-2699
2026-03-14T14:12:54.228Z INFO  [auth] req=req-2ca781 token ok user=u-4540
2026-03-14T14:12:54.242Z INFO  [gateway] req=req-2ca781 GET /api/orders/o-642d25 -> 200 (15ms) user=u-4540
2026-03-14T14:12:55.618Z INFO  [auth] req=req-bfe840 token ok user=u-2530
2026-03-14T14:12:55.632Z INFO  [gateway] req=req-bfe840 GET /api/orders/o-4b1f0a -> 200 (15ms) user=u-2530
2026-03-14T14:12:55.950Z INFO  [gateway] req=req-18b968 GET /api/products/SKU-0105 -> 200 (19ms)
2026-03-14T14:12:56.939Z INFO  [auth] req=req-e0aa33 token ok user=u-8636
2026-03-14T14:12:56.944Z INFO  [inventory] req=req-e0aa33 availability SKU-0777: 250 in stock
2026-03-14T14:12:56.947Z INFO  [gateway] req=req-e0aa33 GET /api/products/SKU-0777/availability -> 200 (9ms) user=u-8636
2026-03-14T14:12:59.154Z INFO  [gateway] circuit breaker payments HALF_OPEN, letting one request through
2026-03-14T14:12:59.155Z INFO  [auth] req=req-8db8c9 token ok user=u-3987
2026-03-14T14:12:59.163Z INFO  [orders] req=req-8db8c9 cart validated items=2 total=EUR 173.68
2026-03-14T14:12:59.171Z INFO  [inventory] req=req-8db8c9 reserved 2 items hold=h-aca78
2026-03-14T14:12:59.178Z INFO  [payments] req=req-8db8c9 authorising EUR 173.68 with psp
2026-03-14T14:12:59.289Z INFO  [payments] req=req-8db8c9 psp authorised ref=psp_27d2d805
2026-03-14T14:12:59.291Z INFO  [payments] req=req-8db8c9 posting to ledger txn=lt-f720a (attempt 1/2)
2026-03-14T14:13:01.296Z ERROR [ledger-db] acquire timeout after 2000ms txn=lt-f720a in_use=4/4 waiters=14
2026-03-14T14:13:01.297Z ERROR [ledger] txn=lt-f720a aborted: PoolTimeout (could not get a connection)
2026-03-14T14:13:01.299Z WARN  [payments] req=req-8db8c9 ledger post failed txn=lt-f720a: 503 ledger unavailable, retrying in 100ms
2026-03-14T14:13:01.399Z INFO  [payments] req=req-8db8c9 posting to ledger txn=lt-aade0 (attempt 2/2)
2026-03-14T14:13:02.162Z INFO  [gateway] req=req-6e43b5 GET /api/products/SKU-0318 -> 200 (5ms)
2026-03-14T14:13:02.555Z WARN  [ledger-db] slow acquire txn=lt-aade0 waited=1156ms in_use=4/4
2026-03-14T14:13:02.587Z INFO  [ledger] txn=lt-aade0 posted 2 entries (32ms)
2026-03-14T14:13:02.589Z INFO  [payments] req=req-8db8c9 charge captured txn=lt-aade0
2026-03-14T14:13:02.593Z INFO  [orders] req=req-8db8c9 order o-e939f9 confirmed
2026-03-14T14:13:02.596Z INFO  [gateway] req=req-8db8c9 POST /api/checkout -> 201 (3442ms) user=u-3987
2026-03-14T14:13:02.597Z INFO  [gateway] circuit breaker payments CLOSED
2026-03-14T14:13:04.482Z INFO  [auth] req=req-d34375 login ok user=u-2535 session=s-97482262
2026-03-14T14:13:04.486Z INFO  [gateway] req=req-d34375 POST /api/login -> 200 (34ms) user=u-2535
2026-03-14T14:13:05.010Z DEBUG [gateway] health orders ok (3ms)
2026-03-14T14:13:05.020Z DEBUG [gateway] health inventory ok (7ms)
2026-03-14T14:13:05.020Z DEBUG [gateway] health auth ok (2ms)
2026-03-14T14:13:05.025Z DEBUG [gateway] health ledger ok (9ms)
2026-03-14T14:13:05.040Z DEBUG [gateway] health payments ok (9ms)
2026-03-14T14:13:07.300Z INFO  [ledger-db] pool stats in_use=4 idle=0 max=4 waiters=13
2026-03-14T14:13:11.657Z INFO  [gateway] req=req-8b87f4 GET /api/products/SKU-0230 -> 200 (24ms)
2026-03-14T14:13:12.320Z WARN  [auth] req=req-a5cae0 token expired user=u-3322
2026-03-14T14:13:12.321Z INFO  [gateway] req=req-a5cae0 POST /api/checkout -> 401 (2ms)
2026-03-14T14:13:13.204Z INFO  [auth] req=req-8c6342 token ok user=u-7033
2026-03-14T14:13:13.216Z INFO  [gateway] req=req-8c6342 GET /api/cart -> 200 (11ms) user=u-7033
2026-03-14T14:13:18.997Z INFO  [auth] req=req-b652e8 token ok user=u-2947
2026-03-14T14:13:19.005Z INFO  [orders] req=req-b652e8 cart validated items=4 total=EUR 238.41
2026-03-14T14:13:19.013Z INFO  [inventory] req=req-b652e8 reserved 4 items hold=h-1f968
2026-03-14T14:13:19.020Z INFO  [payments] req=req-b652e8 authorising EUR 238.41 with psp
2026-03-14T14:13:19.276Z INFO  [payments] req=req-b652e8 psp authorised ref=psp_535ed208
2026-03-14T14:13:19.278Z INFO  [payments] req=req-b652e8 posting to ledger txn=lt-be1fb (attempt 1/2)
2026-03-14T14:13:20.546Z INFO  [auth] req=req-701838 token ok user=u-9456
2026-03-14T14:13:20.554Z INFO  [orders] req=req-701838 cart validated items=3 total=EUR 312.46
2026-03-14T14:13:20.562Z INFO  [inventory] req=req-701838 reserved 3 items hold=h-4b307
2026-03-14T14:13:20.569Z INFO  [payments] req=req-701838 authorising EUR 312.46 with psp
2026-03-14T14:13:20.694Z INFO  [payments] req=req-701838 psp authorised ref=psp_17df0258
2026-03-14T14:13:20.696Z INFO  [payments] req=req-701838 posting to ledger txn=lt-41900 (attempt 1/2)
2026-03-14T14:13:21.278Z ERROR [ledger-db] acquire timeout after 2000ms txn=lt-be1fb in_use=4/4 waiters=13
2026-03-14T14:13:21.279Z ERROR [ledger] txn=lt-be1fb aborted: PoolTimeout (could not get a connection)
2026-03-14T14:13:21.281Z WARN  [payments] req=req-b652e8 ledger post failed txn=lt-be1fb: 503 ledger unavailable, retrying in 100ms
2026-03-14T14:13:21.381Z INFO  [payments] req=req-b652e8 posting to ledger txn=lt-7c2f6 (attempt 2/2)
2026-03-14T14:13:22.700Z ERROR [ledger-db] acquire timeout after 2000ms txn=lt-41900 in_use=4/4 waiters=7
2026-03-14T14:13:22.701Z ERROR [ledger] txn=lt-41900 aborted: PoolTimeout (could not get a connection)
2026-03-14T14:13:22.703Z WARN  [payments] req=req-701838 ledger post failed txn=lt-41900: 503 ledger unavailable, retrying in 100ms
2026-03-14T14:13:22.722Z INFO  [gateway] req=req-02fbf2 GET /api/products/SKU-1203 -> 200 (20ms)
2026-03-14T14:13:22.803Z INFO  [payments] req=req-701838 posting to ledger txn=lt-604b4 (attempt 2/2)
2026-03-14T14:13:23.382Z ERROR [ledger-db] acquire timeout after 2000ms txn=lt-7c2f6 in_use=4/4 waiters=20
2026-03-14T14:13:23.383Z ERROR [ledger] txn=lt-7c2f6 aborted: PoolTimeout (could not get a connection)
2026-03-14T14:13:23.385Z ERROR [payments] req=req-b652e8 ledger post failed txn=lt-7c2f6: 503 ledger unavailable
2026-03-14T14:13:23.386Z ERROR [payments] req=req-b652e8 charge failed after 2 attempts: ledger unavailable (txns lt-be1fb, lt-7c2f6); voiding psp authorisation
2026-03-14T14:13:23.389Z INFO  [inventory] req=req-b652e8 released hold=h-1f968
2026-03-14T14:13:23.390Z ERROR [orders] req=req-b652e8 checkout failed: payment step returned 502
2026-03-14T14:13:23.392Z ERROR [gateway] req=req-b652e8 POST /api/checkout -> 502 (4396ms) user=u-2947
2026-03-14T14:13:23.481Z INFO  [auth] req=req-5211d4 token ok user=u-2866
2026-03-14T14:13:23.486Z INFO  [inventory] req=req-5211d4 availability SKU-0512: 262 in stock
2026-03-14T14:13:23.489Z INFO  [gateway] req=req-5211d4 GET /api/products/SKU-0512/availability -> 200 (9ms) user=u-2866
2026-03-14T14:13:23.721Z INFO  [auth] req=req-ef454d token ok user=u-9485
2026-03-14T14:13:23.725Z WARN  [orders] req=req-ef454d validation failed: cart is empty
2026-03-14T14:13:23.726Z INFO  [gateway] req=req-ef454d POST /api/checkout -> 422 (6ms) user=u-9485
2026-03-14T14:13:24.807Z ERROR [ledger-db] acquire timeout after 2000ms txn=lt-604b4 in_use=4/4 waiters=13
2026-03-14T14:13:24.808Z ERROR [ledger] txn=lt-604b4 aborted: PoolTimeout (could not get a connection)
2026-03-14T14:13:24.810Z ERROR [payments] req=req-701838 ledger post failed txn=lt-604b4: 503 ledger unavailable
2026-03-14T14:13:24.811Z ERROR [payments] req=req-701838 charge failed after 2 attempts: ledger unavailable (txns lt-41900, lt-604b4); voiding psp authorisation
2026-03-14T14:13:24.814Z INFO  [inventory] req=req-701838 released hold=h-4b307
2026-03-14T14:13:24.815Z ERROR [orders] req=req-701838 checkout failed: payment step returned 502
2026-03-14T14:13:24.817Z ERROR [gateway] req=req-701838 POST /api/checkout -> 502 (4272ms) user=u-9456
2026-03-14T14:13:26.874Z INFO  [auth] req=req-716154 token ok user=u-6412
2026-03-14T14:13:26.882Z INFO  [orders] req=req-716154 cart validated items=3 total=EUR 43.91
2026-03-14T14:13:26.890Z INFO  [inventory] req=req-716154 reserved 3 items hold=h-c7c08
2026-03-14T14:13:26.897Z INFO  [payments] req=req-716154 authorising EUR 43.91 with psp
2026-03-14T14:13:27.108Z INFO  [payments] req=req-716154 psp authorised ref=psp_80028edf
2026-03-14T14:13:27.110Z INFO  [payments] req=req-716154 posting to ledger txn=lt-67be3 (attempt 1/2)
2026-03-14T14:13:27.599Z INFO  [auth] req=req-8cdfeb token ok user=u-4422
2026-03-14T14:13:27.607Z INFO  [orders] req=req-8cdfeb cart validated items=3 total=EUR 88.13
2026-03-14T14:13:27.615Z INFO  [inventory] req=req-8cdfeb reserved 3 items hold=h-d3e09
2026-03-14T14:13:27.622Z INFO  [payments] req=req-8cdfeb authorising EUR 88.13 with psp
2026-03-14T14:13:27.744Z INFO  [payments] req=req-8cdfeb psp authorised ref=psp_da115670
2026-03-14T14:13:27.746Z INFO  [payments] req=req-8cdfeb posting to ledger txn=lt-0a17e (attempt 1/2)
2026-03-14T14:13:28.883Z INFO  [cache] stats hit_ratio=0.83 keys=18723 evictions/s=359
2026-03-14T14:13:29.112Z ERROR [ledger-db] acquire timeout after 2000ms txn=lt-67be3 in_use=4/4 waiters=20
2026-03-14T14:13:29.113Z ERROR [ledger] txn=lt-67be3 aborted: PoolTimeout (could not get a connection)
2026-03-14T14:13:29.115Z WARN  [payments] req=req-716154 ledger post failed txn=lt-67be3: 503 ledger unavailable, retrying in 100ms
2026-03-14T14:13:29.215Z INFO  [payments] req=req-716154 posting to ledger txn=lt-5ecb5 (attempt 2/2)
2026-03-14T14:13:29.598Z INFO  [gateway] req=req-d18aa2 GET /api/products/SKU-0230 -> 200 (26ms)
2026-03-14T14:13:29.748Z ERROR [ledger-db] acquire timeout after 2000ms txn=lt-0a17e in_use=4/4 waiters=12
2026-03-14T14:13:29.749Z ERROR [ledger] txn=lt-0a17e aborted: PoolTimeout (could not get a connection)
2026-03-14T14:13:29.751Z WARN  [payments] req=req-8cdfeb ledger post failed txn=lt-0a17e: 503 ledger unavailable, retrying in 100ms
2026-03-14T14:13:29.851Z INFO  [payments] req=req-8cdfeb posting to ledger txn=lt-47585 (attempt 2/2)
2026-03-14T14:13:31.217Z ERROR [ledger-db] acquire timeout after 2000ms txn=lt-5ecb5 in_use=4/4 waiters=8
2026-03-14T14:13:31.218Z ERROR [ledger] txn=lt-5ecb5 aborted: PoolTimeout (could not get a connection)
2026-03-14T14:13:31.220Z ERROR [payments] req=req-716154 ledger post failed txn=lt-5ecb5: 503 ledger unavailable
2026-03-14T14:13:31.221Z ERROR [payments] req=req-716154 charge failed after 2 attempts: ledger unavailable (txns lt-67be3, lt-5ecb5); voiding psp authorisation
2026-03-14T14:13:31.224Z INFO  [inventory] req=req-716154 released hold=h-c7c08
2026-03-14T14:13:31.225Z ERROR [orders] req=req-716154 checkout failed: payment step returned 502
2026-03-14T14:13:31.227Z ERROR [gateway] req=req-716154 POST /api/checkout -> 502 (4354ms) user=u-6412
2026-03-14T14:13:31.854Z ERROR [ledger-db] acquire timeout after 2000ms txn=lt-47585 in_use=4/4 waiters=18
2026-03-14T14:13:31.855Z ERROR [ledger] txn=lt-47585 aborted: PoolTimeout (could not get a connection)
2026-03-14T14:13:31.857Z ERROR [payments] req=req-8cdfeb ledger post failed txn=lt-47585: 503 ledger unavailable
2026-03-14T14:13:31.858Z ERROR [payments] req=req-8cdfeb charge failed after 2 attempts: ledger unavailable (txns lt-0a17e, lt-47585); voiding psp authorisation
2026-03-14T14:13:31.861Z INFO  [inventory] req=req-8cdfeb released hold=h-d3e09
2026-03-14T14:13:31.862Z ERROR [orders] req=req-8cdfeb checkout failed: payment step returned 502
2026-03-14T14:13:31.864Z ERROR [gateway] req=req-8cdfeb POST /api/checkout -> 502 (4266ms) user=u-4422
2026-03-14T14:13:34.646Z WARN  [auth] req=req-3fc3d1 token expired user=u-6805
2026-03-14T14:13:34.647Z INFO  [gateway] req=req-3fc3d1 POST /api/checkout -> 401 (2ms)
2026-03-14T14:13:36.571Z INFO  [auth] req=req-ebd732 token ok user=u-6957
2026-03-14T14:13:36.576Z INFO  [inventory] req=req-ebd732 availability SKU-0077: 207 in stock
2026-03-14T14:13:36.579Z INFO  [gateway] req=req-ebd732 GET /api/products/SKU-0077/availability -> 200 (9ms) user=u-6957
2026-03-14T14:13:37.116Z INFO  [auth] req=req-87b9aa token ok user=u-5525
2026-03-14T14:13:37.124Z INFO  [orders] req=req-87b9aa cart validated items=4 total=EUR 426.73
2026-03-14T14:13:37.132Z INFO  [inventory] req=req-87b9aa reserved 4 items hold=h-6b9e5
2026-03-14T14:13:37.139Z INFO  [payments] req=req-87b9aa authorising EUR 426.73 with psp
2026-03-14T14:13:37.300Z INFO  [ledger-db] pool stats in_use=4 idle=0 max=4 waiters=7
2026-03-14T14:13:37.369Z INFO  [payments] req=req-87b9aa psp authorised ref=psp_13f6ebff
2026-03-14T14:13:37.371Z INFO  [payments] req=req-87b9aa posting to ledger txn=lt-d7bf1 (attempt 1/2)
2026-03-14T14:13:37.389Z INFO  [gateway] req=req-8f5198 GET /api/products/SKU-0777 -> 200 (9ms)
2026-03-14T14:13:39.376Z ERROR [ledger-db] acquire timeout after 2000ms txn=lt-d7bf1 in_use=4/4 waiters=18
2026-03-14T14:13:39.377Z ERROR [ledger] txn=lt-d7bf1 aborted: PoolTimeout (could not get a connection)
2026-03-14T14:13:39.379Z WARN  [payments] req=req-87b9aa ledger post failed txn=lt-d7bf1: 503 ledger unavailable, retrying in 100ms
2026-03-14T14:13:39.479Z INFO  [payments] req=req-87b9aa posting to ledger txn=lt-04033 (attempt 2/2)
2026-03-14T14:13:39.503Z INFO  [auth] req=req-ca833e token ok user=u-7444
2026-03-14T14:13:39.508Z INFO  [inventory] req=req-ca833e availability SKU-0318: 67 in stock
2026-03-14T14:13:39.511Z INFO  [gateway] req=req-ca833e GET /api/products/SKU-0318/availability -> 200 (9ms) user=u-7444
2026-03-14T14:13:40.186Z INFO  [gateway] req=req-f9c97a GET /api/products/SKU-0777 -> 200 (27ms)
2026-03-14T14:13:40.528Z WARN  [auth] req=req-f930e9 token expired user=u-2699
2026-03-14T14:13:40.529Z INFO  [gateway] req=req-f930e9 POST /api/checkout -> 401 (2ms)
2026-03-14T14:13:40.931Z INFO  [gateway] req=req-ce23b5 GET /api/products/SKU-0901 -> 200 (10ms)
2026-03-14T14:13:41.485Z ERROR [ledger-db] acquire timeout after 2000ms txn=lt-04033 in_use=4/4 waiters=16
2026-03-14T14:13:41.486Z ERROR [ledger] txn=lt-04033 aborted: PoolTimeout (could not get a connection)
2026-03-14T14:13:41.488Z ERROR [payments] req=req-87b9aa ledger post failed txn=lt-04033: 503 ledger unavailable
2026-03-14T14:13:41.489Z ERROR [payments] req=req-87b9aa charge failed after 2 attempts: ledger unavailable (txns lt-d7bf1, lt-04033); voiding psp authorisation
2026-03-14T14:13:41.492Z INFO  [inventory] req=req-87b9aa released hold=h-6b9e5
2026-03-14T14:13:41.493Z ERROR [orders] req=req-87b9aa checkout failed: payment step returned 502
2026-03-14T14:13:41.495Z ERROR [gateway] req=req-87b9aa POST /api/checkout -> 502 (4380ms) user=u-5525
2026-03-14T14:13:41.496Z WARN  [gateway] circuit breaker payments OPEN (5 failures in 60s)
2026-03-14T14:13:42.625Z INFO  [gateway] req=req-2e4b4e GET /api/products/SKU-0230 -> 200 (5ms)
2026-03-14T14:13:43.459Z INFO  [gateway] req=req-534bcd GET /api/products/SKU-0901 -> 200 (21ms)
2026-03-14T14:13:44.131Z WARN  [orders] req=req-0d400e payments circuit open, failing fast
2026-03-14T14:13:44.133Z ERROR [gateway] req=req-0d400e POST /api/checkout -> 503 (3ms) user=u-3726
2026-03-14T14:13:46.322Z INFO  [auth] req=req-9851d5 token ok user=u-1632
2026-03-14T14:13:46.329Z INFO  [gateway] req=req-9851d5 GET /api/cart -> 200 (22ms) user=u-1632
2026-03-14T14:13:51.112Z INFO  [auth] req=req-a9a922 token ok user=u-9456
2026-03-14T14:13:51.117Z INFO  [inventory] req=req-a9a922 availability SKU-0512: 135 in stock
2026-03-14T14:13:51.120Z INFO  [gateway] req=req-a9a922 GET /api/products/SKU-0512/availability -> 200 (9ms) user=u-9456
2026-03-14T14:13:56.260Z INFO  [gateway] req=req-75de67 GET /api/products/SKU-0230 -> 200 (20ms)
2026-03-14T14:14:00.000Z INFO  [ledger] settlement batch progress 31%
2026-03-14T14:14:00.974Z INFO  [auth] req=req-1076d6 token ok user=u-5847
2026-03-14T14:14:00.982Z INFO  [gateway] req=req-1076d6 GET /api/cart -> 200 (39ms) user=u-5847
2026-03-14T14:14:01.342Z INFO  [auth] req=req-7e6ddd token ok user=u-5772
2026-03-14T14:14:01.346Z WARN  [orders] req=req-7e6ddd validation failed: cart is empty
2026-03-14T14:14:01.347Z INFO  [gateway] req=req-7e6ddd POST /api/checkout -> 422 (6ms) user=u-5772
2026-03-14T14:14:02.972Z INFO  [auth] req=req-a0ec4b token ok user=u-8554
2026-03-14T14:14:03.002Z INFO  [gateway] req=req-a0ec4b GET /api/cart -> 200 (30ms) user=u-8554
2026-03-14T14:14:05.011Z DEBUG [gateway] health payments ok (6ms)
2026-03-14T14:14:05.013Z DEBUG [gateway] health auth ok (3ms)
2026-03-14T14:14:05.016Z DEBUG [gateway] health ledger ok (6ms)
2026-03-14T14:14:05.037Z DEBUG [gateway] health inventory ok (7ms)
2026-03-14T14:14:05.038Z DEBUG [gateway] health orders ok (9ms)
2026-03-14T14:14:06.295Z INFO  [auth] req=req-59eba1 token ok user=u-2778
2026-03-14T14:14:06.300Z INFO  [inventory] req=req-59eba1 availability SKU-0077: 327 in stock
2026-03-14T14:14:06.303Z INFO  [gateway] req=req-59eba1 GET /api/products/SKU-0077/availability -> 200 (9ms) user=u-2778
2026-03-14T14:14:07.144Z INFO  [auth] req=req-7aac95 token ok user=u-7884
2026-03-14T14:14:07.149Z INFO  [inventory] req=req-7aac95 availability SKU-0077: 306 in stock
2026-03-14T14:14:07.152Z INFO  [gateway] req=req-7aac95 GET /api/products/SKU-0077/availability -> 200 (9ms) user=u-7884
2026-03-14T14:14:07.300Z INFO  [ledger-db] pool stats in_use=4 idle=0 max=4 waiters=16
2026-03-14T14:14:08.220Z INFO  [gateway] req=req-57af8b GET /api/products/SKU-0105 -> 200 (18ms)
2026-03-14T14:14:08.242Z INFO  [auth] req=req-10a872 token ok user=u-5424
2026-03-14T14:14:08.264Z INFO  [gateway] req=req-10a872 GET /api/cart -> 200 (33ms) user=u-5424
2026-03-14T14:14:11.950Z INFO  [auth] req=req-74804e token ok user=u-2653
2026-03-14T14:14:11.964Z INFO  [gateway] req=req-74804e GET /api/orders/o-e19e37 -> 200 (15ms) user=u-2653
2026-03-14T14:14:12.279Z INFO  [gateway] req=req-aa6a4f GET /api/products/SKU-0777 -> 200 (26ms)
2026-03-14T14:14:12.820Z INFO  [auth] req=req-69b25d token ok user=u-7884
2026-03-14T14:14:12.847Z INFO  [gateway] req=req-69b25d GET /api/cart -> 200 (36ms) user=u-7884
2026-03-14T14:14:19.965Z INFO  [gateway] circuit breaker payments HALF_OPEN, letting one request through
2026-03-14T14:14:19.966Z INFO  [auth] req=req-57a0aa token ok user=u-9957
2026-03-14T14:14:19.974Z INFO  [orders] req=req-57a0aa cart validated items=5 total=EUR 317.47
2026-03-14T14:14:19.982Z INFO  [inventory] req=req-57a0aa reserved 5 items hold=h-cc6a2
2026-03-14T14:14:19.989Z INFO  [payments] req=req-57a0aa authorising EUR 317.47 with psp
2026-03-14T14:14:20.086Z INFO  [payments] req=req-57a0aa psp authorised ref=psp_14276b40
2026-03-14T14:14:20.088Z INFO  [payments] req=req-57a0aa posting to ledger txn=lt-0d77d (attempt 1/2)
2026-03-14T14:14:22.088Z ERROR [ledger-db] acquire timeout after 2000ms txn=lt-0d77d in_use=4/4 waiters=14
2026-03-14T14:14:22.089Z ERROR [ledger] txn=lt-0d77d aborted: PoolTimeout (could not get a connection)
2026-03-14T14:14:22.091Z WARN  [payments] req=req-57a0aa ledger post failed txn=lt-0d77d: 503 ledger unavailable, retrying in 100ms
2026-03-14T14:14:22.191Z INFO  [payments] req=req-57a0aa posting to ledger txn=lt-423d7 (attempt 2/2)
2026-03-14T14:14:24.195Z ERROR [ledger-db] acquire timeout after 2000ms txn=lt-423d7 in_use=4/4 waiters=17
2026-03-14T14:14:24.196Z ERROR [ledger] txn=lt-423d7 aborted: PoolTimeout (could not get a connection)
2026-03-14T14:14:24.198Z ERROR [payments] req=req-57a0aa ledger post failed txn=lt-423d7: 503 ledger unavailable
2026-03-14T14:14:24.199Z ERROR [payments] req=req-57a0aa charge failed after 2 attempts: ledger unavailable (txns lt-0d77d, lt-423d7); voiding psp authorisation
2026-03-14T14:14:24.202Z INFO  [inventory] req=req-57a0aa released hold=h-cc6a2
2026-03-14T14:14:24.203Z ERROR [orders] req=req-57a0aa checkout failed: payment step returned 502
2026-03-14T14:14:24.205Z ERROR [gateway] req=req-57a0aa POST /api/checkout -> 502 (4240ms) user=u-9957
2026-03-14T14:14:24.206Z WARN  [gateway] circuit breaker payments OPEN (trial request failed)
2026-03-14T14:14:25.117Z INFO  [auth] req=req-65fc64 login ok user=u-7884 session=s-9904f534
2026-03-14T14:14:25.121Z INFO  [gateway] req=req-65fc64 POST /api/login -> 200 (34ms) user=u-7884
2026-03-14T14:14:25.780Z INFO  [cache] stats hit_ratio=0.83 keys=18776 evictions/s=260
2026-03-14T14:14:30.175Z INFO  [gateway] req=req-ad776c GET /api/products/SKU-0077 -> 200 (20ms)
2026-03-14T14:14:30.420Z WARN  [orders] req=req-3553a5 payments circuit open, failing fast
2026-03-14T14:14:30.422Z ERROR [gateway] req=req-3553a5 POST /api/checkout -> 503 (3ms) user=u-9318
2026-03-14T14:14:31.000Z ERROR [mailer] SMTP 421 4.7.0 try again later (smtp-relay-2) message=m-ec2b41; queued for retry
2026-03-14T14:14:33.612Z INFO  [auth] req=req-2946bf token ok user=u-6935
2026-03-14T14:14:33.617Z INFO  [inventory] req=req-2946bf availability SKU-0901: 32 in stock
2026-03-14T14:14:33.620Z INFO  [gateway] req=req-2946bf GET /api/products/SKU-0901/availability -> 200 (9ms) user=u-6935
2026-03-14T14:14:33.863Z INFO  [auth] req=req-785415 login ok user=u-6275 session=s-4baf3443
2026-03-14T14:14:33.867Z INFO  [gateway] req=req-785415 POST /api/login -> 200 (34ms) user=u-6275
2026-03-14T14:14:34.153Z INFO  [auth] req=req-c1d222 token ok user=u-4520
2026-03-14T14:14:34.163Z INFO  [gateway] req=req-c1d222 GET /api/cart -> 200 (21ms) user=u-4520
2026-03-14T14:14:37.049Z INFO  [auth] req=req-be8972 token ok user=u-8785
2026-03-14T14:14:37.054Z INFO  [inventory] req=req-be8972 availability SKU-0318: 128 in stock
2026-03-14T14:14:37.057Z INFO  [gateway] req=req-be8972 GET /api/products/SKU-0318/availability -> 200 (9ms) user=u-8785
2026-03-14T14:14:37.300Z INFO  [ledger-db] pool stats in_use=4 idle=0 max=4 waiters=18
2026-03-14T14:14:39.072Z WARN  [auth] req=req-2f065d login failed for user=u-6842: bad password (attempt 3)
2026-03-14T14:14:39.110Z INFO  [gateway] req=req-2f065d POST /api/login -> 401 (40ms)
2026-03-14T14:14:39.813Z INFO  [gateway] req=req-5c0436 GET /api/products/SKU-0318 -> 200 (10ms)
2026-03-14T14:14:39.915Z INFO  [auth] req=req-e18e4d token ok user=u-9886
2026-03-14T14:14:39.919Z WARN  [orders] req=req-e18e4d validation failed: cart is empty
2026-03-14T14:14:39.920Z INFO  [gateway] req=req-e18e4d POST /api/checkout -> 422 (6ms) user=u-9886
2026-03-14T14:14:40.682Z WARN  [orders] req=req-107d09 payments circuit open, failing fast
2026-03-14T14:14:40.684Z ERROR [gateway] req=req-107d09 POST /api/checkout -> 503 (3ms) user=u-1178
2026-03-14T14:14:43.812Z INFO  [auth] req=req-5d9458 token ok user=u-4341
2026-03-14T14:14:43.842Z INFO  [gateway] req=req-5d9458 GET /api/cart -> 200 (13ms) user=u-4341
2026-03-14T14:14:45.312Z INFO  [auth] req=req-0e8a1e token ok user=u-6647
2026-03-14T14:14:45.317Z INFO  [inventory] req=req-0e8a1e availability SKU-0012: 214 in stock
2026-03-14T14:14:45.320Z INFO  [gateway] req=req-0e8a1e GET /api/products/SKU-0012/availability -> 200 (9ms) user=u-6647
2026-03-14T14:14:47.015Z WARN  [orders] req=req-bd8409 payments circuit open, failing fast
2026-03-14T14:14:47.017Z ERROR [gateway] req=req-bd8409 POST /api/checkout -> 503 (3ms) user=u-9398
2026-03-14T14:14:49.544Z INFO  [gateway] req=req-354005 GET /api/products/SKU-0318 -> 200 (23ms)
2026-03-14T14:14:50.124Z WARN  [orders] req=req-2c63bb payments circuit open, failing fast
2026-03-14T14:14:50.126Z ERROR [gateway] req=req-2c63bb POST /api/checkout -> 503 (3ms) user=u-4540
2026-03-14T14:14:53.877Z INFO  [gateway] req=req-9b2f40 GET /api/products/SKU-0512 -> 200 (23ms)
2026-03-14T14:14:56.404Z INFO  [gateway] circuit breaker payments HALF_OPEN, letting one request through
2026-03-14T14:14:56.405Z INFO  [auth] req=req-2c9ca5 token ok user=u-3987
2026-03-14T14:14:56.413Z INFO  [orders] req=req-2c9ca5 cart validated items=2 total=EUR 360.89
2026-03-14T14:14:56.421Z INFO  [inventory] req=req-2c9ca5 reserved 2 items hold=h-b6066
2026-03-14T14:14:56.428Z INFO  [payments] req=req-2c9ca5 authorising EUR 360.89 with psp
2026-03-14T14:14:56.676Z INFO  [payments] req=req-2c9ca5 psp authorised ref=psp_0255cad1
2026-03-14T14:14:56.678Z INFO  [payments] req=req-2c9ca5 posting to ledger txn=lt-432d8 (attempt 1/2)
2026-03-14T14:14:58.680Z ERROR [ledger-db] acquire timeout after 2000ms txn=lt-432d8 in_use=4/4 waiters=15
2026-03-14T14:14:58.681Z ERROR [ledger] txn=lt-432d8 aborted: PoolTimeout (could not get a connection)
2026-03-14T14:14:58.683Z WARN  [payments] req=req-2c9ca5 ledger post failed txn=lt-432d8: 503 ledger unavailable, retrying in 100ms
2026-03-14T14:14:58.783Z INFO  [payments] req=req-2c9ca5 posting to ledger txn=lt-21e2f (attempt 2/2)
2026-03-14T14:15:00.787Z ERROR [ledger-db] acquire timeout after 2000ms txn=lt-21e2f in_use=4/4 waiters=8
2026-03-14T14:15:00.788Z ERROR [ledger] txn=lt-21e2f aborted: PoolTimeout (could not get a connection)
2026-03-14T14:15:00.790Z ERROR [payments] req=req-2c9ca5 ledger post failed txn=lt-21e2f: 503 ledger unavailable
2026-03-14T14:15:00.791Z ERROR [payments] req=req-2c9ca5 charge failed after 2 attempts: ledger unavailable (txns lt-432d8, lt-21e2f); voiding psp authorisation
2026-03-14T14:15:00.794Z INFO  [inventory] req=req-2c9ca5 released hold=h-b6066
2026-03-14T14:15:00.795Z ERROR [orders] req=req-2c9ca5 checkout failed: payment step returned 502
2026-03-14T14:15:00.797Z ERROR [gateway] req=req-2c9ca5 POST /api/checkout -> 502 (4393ms) user=u-3987
2026-03-14T14:15:00.798Z WARN  [gateway] circuit breaker payments OPEN (trial request failed)
2026-03-14T14:15:01.000Z INFO  [mailer] message=m-ec2b41 delivered after 1 retry
2026-03-14T14:15:01.518Z INFO  [gateway] req=req-cca701 GET /api/products/SKU-0012 -> 200 (8ms)
2026-03-14T14:15:05.002Z DEBUG [gateway] health auth ok (8ms)
2026-03-14T14:15:05.009Z DEBUG [gateway] health orders ok (9ms)
2026-03-14T14:15:05.014Z DEBUG [gateway] health inventory ok (2ms)
2026-03-14T14:15:05.023Z DEBUG [gateway] health payments ok (1ms)
2026-03-14T14:15:05.039Z DEBUG [gateway] health ledger ok (3ms)
2026-03-14T14:15:06.003Z INFO  [auth] req=req-74dd4d token ok user=u-7884
2026-03-14T14:15:06.042Z INFO  [gateway] req=req-74dd4d GET /api/cart -> 200 (24ms) user=u-7884
2026-03-14T14:15:07.300Z INFO  [ledger-db] pool stats in_use=4 idle=0 max=4 waiters=10
2026-03-14T14:15:08.256Z WARN  [orders] req=req-b614eb payments circuit open, failing fast
2026-03-14T14:15:08.258Z ERROR [gateway] req=req-b614eb POST /api/checkout -> 503 (3ms) user=u-8691
2026-03-14T14:15:08.457Z INFO  [auth] req=req-58383c token ok user=u-9318
2026-03-14T14:15:08.462Z INFO  [inventory] req=req-58383c availability SKU-0105: 285 in stock
2026-03-14T14:15:08.465Z INFO  [gateway] req=req-58383c GET /api/products/SKU-0105/availability -> 200 (9ms) user=u-9318
2026-03-14T14:15:10.828Z INFO  [auth] req=req-ca1865 token ok user=u-4442
2026-03-14T14:15:10.833Z INFO  [inventory] req=req-ca1865 availability SKU-0777: 142 in stock
2026-03-14T14:15:10.836Z INFO  [gateway] req=req-ca1865 GET /api/products/SKU-0777/availability -> 200 (9ms) user=u-4442
2026-03-14T14:15:14.680Z INFO  [gateway] req=req-edd7d8 GET /api/products/SKU-0105 -> 200 (25ms)
2026-03-14T14:15:16.840Z INFO  [gateway] req=req-66f198 GET /api/products/SKU-0512 -> 200 (30ms)
2026-03-14T14:15:17.860Z WARN  [orders] req=req-da27f0 payments circuit open, failing fast
2026-03-14T14:15:17.862Z ERROR [gateway] req=req-da27f0 POST /api/checkout -> 503 (3ms) user=u-4341
2026-03-14T14:15:18.867Z INFO  [auth] req=req-be1055 token ok user=u-5424
2026-03-14T14:15:18.872Z INFO  [inventory] req=req-be1055 availability SKU-1203: 53 in stock
2026-03-14T14:15:18.875Z INFO  [gateway] req=req-be1055 GET /api/products/SKU-1203/availability -> 200 (9ms) user=u-5424
2026-03-14T14:15:19.944Z WARN  [orders] req=req-27b4a3 payments circuit open, failing fast
2026-03-14T14:15:19.946Z ERROR [gateway] req=req-27b4a3 POST /api/checkout -> 503 (3ms) user=u-9318
2026-03-14T14:15:20.644Z INFO  [auth] req=req-2dff56 login ok user=u-7816 session=s-a940818b
2026-03-14T14:15:20.648Z INFO  [gateway] req=req-2dff56 POST /api/login -> 200 (34ms) user=u-7816
2026-03-14T14:15:22.113Z WARN  [orders] req=req-b797a2 payments circuit open, failing fast
2026-03-14T14:15:22.115Z ERROR [gateway] req=req-b797a2 POST /api/checkout -> 503 (3ms) user=u-2796
2026-03-14T14:15:23.405Z INFO  [auth] req=req-f4b06b token ok user=u-8116
2026-03-14T14:15:23.419Z INFO  [gateway] req=req-f4b06b GET /api/orders/o-dc29c8 -> 200 (15ms) user=u-8116
2026-03-14T14:15:25.408Z WARN  [orders] req=req-4ec5bd payments circuit open, failing fast
2026-03-14T14:15:25.410Z ERROR [gateway] req=req-4ec5bd POST /api/checkout -> 503 (3ms) user=u-9719
2026-03-14T14:15:26.452Z INFO  [gateway] req=req-707915 GET /api/products/SKU-0404 -> 200 (12ms)
2026-03-14T14:15:34.010Z WARN  [auth] req=req-6d3819 token expired user=u-4330
2026-03-14T14:15:34.011Z INFO  [gateway] req=req-6d3819 POST /api/checkout -> 401 (2ms)
2026-03-14T14:15:35.180Z INFO  [auth] req=req-611ff3 login ok user=u-9737 session=s-676fee7a
2026-03-14T14:15:35.184Z INFO  [gateway] req=req-611ff3 POST /api/login -> 200 (34ms) user=u-9737
2026-03-14T14:15:36.486Z INFO  [gateway] circuit breaker payments HALF_OPEN, letting one request through
2026-03-14T14:15:36.487Z INFO  [auth] req=req-3f5215 token ok user=u-5876
2026-03-14T14:15:36.495Z INFO  [orders] req=req-3f5215 cart validated items=3 total=EUR 74.78
2026-03-14T14:15:36.503Z INFO  [inventory] req=req-3f5215 reserved 3 items hold=h-e1cbd
2026-03-14T14:15:36.510Z INFO  [payments] req=req-3f5215 authorising EUR 74.78 with psp
2026-03-14T14:15:36.693Z INFO  [payments] req=req-3f5215 psp authorised ref=psp_9342aaab
2026-03-14T14:15:36.695Z INFO  [payments] req=req-3f5215 posting to ledger txn=lt-6b78b (attempt 1/2)
2026-03-14T14:15:37.300Z INFO  [ledger-db] pool stats in_use=4 idle=0 max=4 waiters=18
2026-03-14T14:15:38.142Z INFO  [auth] req=req-2d8bad token ok user=u-6266
2026-03-14T14:15:38.174Z INFO  [gateway] req=req-2d8bad GET /api/cart -> 200 (29ms) user=u-6266
2026-03-14T14:15:38.701Z ERROR [ledger-db] acquire timeout after 2000ms txn=lt-6b78b in_use=4/4 waiters=12
2026-03-14T14:15:38.702Z ERROR [ledger] txn=lt-6b78b aborted: PoolTimeout (could not get a connection)
2026-03-14T14:15:38.704Z WARN  [payments] req=req-3f5215 ledger post failed txn=lt-6b78b: 503 ledger unavailable, retrying in 100ms
2026-03-14T14:15:38.804Z INFO  [payments] req=req-3f5215 posting to ledger txn=lt-7861d (attempt 2/2)
2026-03-14T14:15:40.005Z INFO  [cache] stats hit_ratio=0.82 keys=20148 evictions/s=206
2026-03-14T14:15:40.008Z WARN  [cache] eviction rate high (441/s) - consider raising maxmemory
2026-03-14T14:15:40.802Z INFO  [auth] req=req-79326e token ok user=u-3417
2026-03-14T14:15:40.804Z ERROR [ledger-db] acquire timeout after 2000ms txn=lt-7861d in_use=4/4 waiters=6
2026-03-14T14:15:40.805Z ERROR [ledger] txn=lt-7861d aborted: PoolTimeout (could not get a connection)
2026-03-14T14:15:40.806Z WARN  [orders] req=req-79326e validation failed: cart is empty
2026-03-14T14:15:40.807Z ERROR [payments] req=req-3f5215 ledger post failed txn=lt-7861d: 503 ledger unavailable
2026-03-14T14:15:40.807Z INFO  [gateway] req=req-79326e POST /api/checkout -> 422 (6ms) user=u-3417
2026-03-14T14:15:40.808Z ERROR [payments] req=req-3f5215 charge failed after 2 attempts: ledger unavailable (txns lt-6b78b, lt-7861d); voiding psp authorisation
2026-03-14T14:15:40.811Z INFO  [inventory] req=req-3f5215 released hold=h-e1cbd
2026-03-14T14:15:40.812Z ERROR [orders] req=req-3f5215 checkout failed: payment step returned 502
2026-03-14T14:15:40.814Z ERROR [gateway] req=req-3f5215 POST /api/checkout -> 502 (4328ms) user=u-5876
2026-03-14T14:15:40.815Z WARN  [gateway] circuit breaker payments OPEN (trial request failed)
2026-03-14T14:15:41.000Z INFO  [scheduler] job=purge-expired-sessions started
2026-03-14T14:15:41.347Z INFO  [auth] req=req-9708a5 token ok user=u-6318
2026-03-14T14:15:41.361Z INFO  [gateway] req=req-9708a5 GET /api/orders/o-3e2ec5 -> 200 (15ms) user=u-6318
2026-03-14T14:15:41.561Z INFO  [scheduler] job=purge-expired-sessions finished removed=96
2026-03-14T14:15:42.792Z INFO  [gateway] req=req-a58d55 GET /api/products/SKU-0901 -> 200 (25ms)
2026-03-14T14:15:50.000Z INFO  [ledger] settlement batch progress 44%
2026-03-14T14:15:50.769Z INFO  [gateway] req=req-103b14 GET /api/products/SKU-1203 -> 200 (19ms)
2026-03-14T14:15:53.870Z WARN  [orders] req=req-1e3658 payments circuit open, failing fast
2026-03-14T14:15:53.872Z ERROR [gateway] req=req-1e3658 POST /api/checkout -> 503 (3ms) user=u-4569
2026-03-14T14:15:54.858Z INFO  [gateway] req=req-9602f1 GET /api/products/SKU-0077 -> 200 (30ms)
2026-03-14T14:15:55.301Z INFO  [gateway] req=req-c0ef39 GET /api/products/SKU-0105 -> 200 (14ms)
2026-03-14T14:15:57.131Z WARN  [orders] req=req-14b774 payments circuit open, failing fast
2026-03-14T14:15:57.133Z ERROR [gateway] req=req-14b774 POST /api/checkout -> 503 (3ms) user=u-6647
2026-03-14T14:15:59.875Z INFO  [gateway] req=req-67f22a GET /api/products/SKU-0404 -> 200 (18ms)
2026-03-14T14:16:01.819Z INFO  [auth] req=req-27e5d2 token ok user=u-6412
2026-03-14T14:16:01.849Z INFO  [gateway] req=req-27e5d2 GET /api/cart -> 200 (21ms) user=u-6412
2026-03-14T14:16:02.275Z INFO  [auth] req=req-51a08e token ok user=u-8691
2026-03-14T14:16:02.284Z INFO  [gateway] req=req-51a08e GET /api/cart -> 200 (10ms) user=u-8691
2026-03-14T14:16:02.832Z INFO  [gateway] req=req-c50108 GET /api/products/SKU-0230 -> 200 (12ms)
2026-03-14T14:16:04.487Z INFO  [auth] req=req-40dcb6 token ok user=u-9567
2026-03-14T14:16:04.501Z INFO  [gateway] req=req-40dcb6 GET /api/orders/o-e0676d -> 200 (15ms) user=u-9567
2026-03-14T14:16:04.729Z INFO  [gateway] req=req-9f0b67 GET /api/products/SKU-0318 -> 200 (25ms)
2026-03-14T14:16:05.002Z DEBUG [gateway] health orders ok (7ms)
2026-03-14T14:16:05.007Z DEBUG [gateway] health auth ok (4ms)
2026-03-14T14:16:05.011Z DEBUG [gateway] health ledger ok (7ms)
2026-03-14T14:16:05.023Z DEBUG [gateway] health payments ok (3ms)
2026-03-14T14:16:05.035Z DEBUG [gateway] health inventory ok (6ms)
2026-03-14T14:16:05.936Z WARN  [orders] req=req-97eb22 payments circuit open, failing fast
2026-03-14T14:16:05.938Z ERROR [gateway] req=req-97eb22 POST /api/checkout -> 503 (3ms) user=u-9318
2026-03-14T14:16:06.233Z INFO  [auth] req=req-8d56b5 token ok user=u-5279
2026-03-14T14:16:06.238Z INFO  [inventory] req=req-8d56b5 availability SKU-0105: 262 in stock
2026-03-14T14:16:06.241Z INFO  [gateway] req=req-8d56b5 GET /api/products/SKU-0105/availability -> 200 (9ms) user=u-5279
2026-03-14T14:16:07.300Z INFO  [ledger-db] pool stats in_use=4 idle=0 max=4 waiters=6
2026-03-14T14:16:09.057Z INFO  [gateway] req=req-212960 GET /api/products/SKU-0512 -> 200 (19ms)
2026-03-14T14:16:11.334Z INFO  [auth] req=req-4ca502 token ok user=u-1654
2026-03-14T14:16:11.357Z INFO  [gateway] req=req-4ca502 GET /api/cart -> 200 (27ms) user=u-1654
2026-03-14T14:16:11.536Z INFO  [auth] req=req-ccd273 token ok user=u-8842
2026-03-14T14:16:11.541Z INFO  [inventory] req=req-ccd273 availability SKU-0077: 47 in stock
2026-03-14T14:16:11.544Z INFO  [gateway] req=req-ccd273 GET /api/products/SKU-0077/availability -> 200 (9ms) user=u-8842
2026-03-14T14:16:16.050Z INFO  [auth] req=req-770922 token ok user=u-2535
2026-03-14T14:16:16.062Z INFO  [gateway] req=req-770922 GET /api/cart -> 200 (33ms) user=u-2535
2026-03-14T14:16:22.326Z INFO  [gateway] req=req-46274e GET /api/products/SKU-0901 -> 200 (22ms)
2026-03-14T14:16:22.475Z INFO  [gateway] circuit breaker payments HALF_OPEN, letting one request through
2026-03-14T14:16:22.476Z INFO  [auth] req=req-4ff3d0 token ok user=u-1838
2026-03-14T14:16:22.484Z INFO  [orders] req=req-4ff3d0 cart validated items=1 total=EUR 339.23
2026-03-14T14:16:22.492Z INFO  [inventory] req=req-4ff3d0 reserved 1 items hold=h-f2924
2026-03-14T14:16:22.499Z INFO  [payments] req=req-4ff3d0 authorising EUR 339.23 with psp
2026-03-14T14:16:22.729Z INFO  [payments] req=req-4ff3d0 psp authorised ref=psp_9dea7434
2026-03-14T14:16:22.731Z INFO  [payments] req=req-4ff3d0 posting to ledger txn=lt-49751 (attempt 1/2)
2026-03-14T14:16:23.959Z WARN  [orders] req=req-1a6323 payments circuit open, failing fast
2026-03-14T14:16:23.961Z ERROR [gateway] req=req-1a6323 POST /api/checkout -> 503 (3ms) user=u-5054
2026-03-14T14:16:24.343Z WARN  [orders] req=req-8215ae payments circuit open, failing fast
2026-03-14T14:16:24.345Z ERROR [gateway] req=req-8215ae POST /api/checkout -> 503 (3ms) user=u-3789
2026-03-14T14:16:24.736Z ERROR [ledger-db] acquire timeout after 2000ms txn=lt-49751 in_use=4/4 waiters=18
2026-03-14T14:16:24.737Z ERROR [ledger] txn=lt-49751 aborted: PoolTimeout (could not get a connection)
2026-03-14T14:16:24.739Z WARN  [payments] req=req-4ff3d0 ledger post failed txn=lt-49751: 503 ledger unavailable, retrying in 100ms
2026-03-14T14:16:24.839Z INFO  [payments] req=req-4ff3d0 posting to ledger txn=lt-44eca (attempt 2/2)
2026-03-14T14:16:26.840Z ERROR [ledger-db] acquire timeout after 2000ms txn=lt-44eca in_use=4/4 waiters=14
2026-03-14T14:16:26.841Z ERROR [ledger] txn=lt-44eca aborted: PoolTimeout (could not get a connection)
2026-03-14T14:16:26.843Z ERROR [payments] req=req-4ff3d0 ledger post failed txn=lt-44eca: 503 ledger unavailable
2026-03-14T14:16:26.844Z ERROR [payments] req=req-4ff3d0 charge failed after 2 attempts: ledger unavailable (txns lt-49751, lt-44eca); voiding psp authorisation
2026-03-14T14:16:26.847Z INFO  [inventory] req=req-4ff3d0 released hold=h-f2924
2026-03-14T14:16:26.848Z ERROR [orders] req=req-4ff3d0 checkout failed: payment step returned 502
2026-03-14T14:16:26.850Z ERROR [gateway] req=req-4ff3d0 POST /api/checkout -> 502 (4375ms) user=u-1838
2026-03-14T14:16:26.851Z WARN  [gateway] circuit breaker payments OPEN (trial request failed)
2026-03-14T14:16:27.193Z INFO  [auth] req=req-b27a3f token ok user=u-5854
2026-03-14T14:16:27.213Z INFO  [gateway] req=req-b27a3f GET /api/cart -> 200 (27ms) user=u-5854
2026-03-14T14:16:29.009Z WARN  [orders] req=req-200bee payments circuit open, failing fast
2026-03-14T14:16:29.011Z ERROR [gateway] req=req-200bee POST /api/checkout -> 503 (3ms) user=u-5847
2026-03-14T14:16:29.325Z INFO  [auth] req=req-ae04d9 login ok user=u-9737 session=s-3c33d118
2026-03-14T14:16:29.329Z INFO  [gateway] req=req-ae04d9 POST /api/login -> 200 (34ms) user=u-9737
2026-03-14T14:16:31.281Z INFO  [auth] req=req-9f69b0 login ok user=u-9427 session=s-b2e1fcce
2026-03-14T14:16:31.285Z INFO  [gateway] req=req-9f69b0 POST /api/login -> 200 (34ms) user=u-9427
2026-03-14T14:16:32.800Z WARN  [auth] req=req-dc5f0c token expired user=u-6902
2026-03-14T14:16:32.801Z INFO  [gateway] req=req-dc5f0c POST /api/checkout -> 401 (2ms)
2026-03-14T14:16:33.968Z WARN  [orders] req=req-153987 payments circuit open, failing fast
2026-03-14T14:16:33.970Z ERROR [gateway] req=req-153987 POST /api/checkout -> 503 (3ms) user=u-3285
2026-03-14T14:16:35.518Z WARN  [orders] req=req-7e22c0 payments circuit open, failing fast
2026-03-14T14:16:35.520Z ERROR [gateway] req=req-7e22c0 POST /api/checkout -> 503 (3ms) user=u-9760
2026-03-14T14:16:35.994Z WARN  [orders] req=req-14a25e payments circuit open, failing fast
2026-03-14T14:16:35.996Z ERROR [gateway] req=req-14a25e POST /api/checkout -> 503 (3ms) user=u-2898
2026-03-14T14:16:36.179Z INFO  [gateway] req=req-7f9b30 GET /api/products/SKU-0105 -> 200 (9ms)
2026-03-14T14:16:37.300Z INFO  [ledger-db] pool stats in_use=4 idle=0 max=4 waiters=13
2026-03-14T14:16:38.113Z INFO  [auth] req=req-d18824 token ok user=u-2243
2026-03-14T14:16:38.120Z INFO  [gateway] req=req-d18824 GET /api/cart -> 200 (9ms) user=u-2243
2026-03-14T14:16:38.138Z INFO  [gateway] req=req-407164 GET /api/products/SKU-0901 -> 200 (14ms)
2026-03-14T14:16:44.691Z WARN  [orders] req=req-c7a4d3 payments circuit open, failing fast
2026-03-14T14:16:44.693Z ERROR [gateway] req=req-c7a4d3 POST /api/checkout -> 503 (3ms) user=u-7272
2026-03-14T14:16:47.274Z INFO  [auth] req=req-2a3e4a token ok user=u-9737
2026-03-14T14:16:47.284Z INFO  [gateway] req=req-2a3e4a GET /api/cart -> 200 (15ms) user=u-9737
2026-03-14T14:16:48.892Z INFO  [gateway] req=req-5b77bf GET /api/products/SKU-0105 -> 200 (14ms)
2026-03-14T14:16:49.076Z WARN  [orders] req=req-870308 payments circuit open, failing fast
2026-03-14T14:16:49.078Z ERROR [gateway] req=req-870308 POST /api/checkout -> 503 (3ms) user=u-6463
2026-03-14T14:16:50.650Z INFO  [auth] req=req-5e9f15 token ok user=u-5854
2026-03-14T14:16:50.655Z INFO  [inventory] req=req-5e9f15 availability SKU-0012: 39 in stock
2026-03-14T14:16:50.658Z INFO  [gateway] req=req-5e9f15 GET /api/products/SKU-0012/availability -> 200 (9ms) user=u-5854
2026-03-14T14:16:53.637Z INFO  [cache] stats hit_ratio=0.86 keys=19325 evictions/s=199
2026-03-14T14:16:55.834Z INFO  [gateway] req=req-5c4a2c GET /api/products/SKU-0777 -> 200 (29ms)
2026-03-14T14:17:00.987Z INFO  [gateway] circuit breaker payments HALF_OPEN, letting one request through
2026-03-14T14:17:00.988Z INFO  [auth] req=req-bf0192 token ok user=u-4442
2026-03-14T14:17:00.996Z INFO  [orders] req=req-bf0192 cart validated items=3 total=EUR 98.30
2026-03-14T14:17:01.004Z INFO  [inventory] req=req-bf0192 reserved 3 items hold=h-fe77e
2026-03-14T14:17:01.011Z INFO  [payments] req=req-bf0192 authorising EUR 98.30 with psp
2026-03-14T14:17:01.195Z INFO  [payments] req=req-bf0192 psp authorised ref=psp_cc3e70ea
2026-03-14T14:17:01.197Z INFO  [payments] req=req-bf0192 posting to ledger txn=lt-b553f (attempt 1/2)
2026-03-14T14:17:03.203Z ERROR [ledger-db] acquire timeout after 2000ms txn=lt-b553f in_use=4/4 waiters=21
2026-03-14T14:17:03.204Z ERROR [ledger] txn=lt-b553f aborted: PoolTimeout (could not get a connection)
2026-03-14T14:17:03.206Z WARN  [payments] req=req-bf0192 ledger post failed txn=lt-b553f: 503 ledger unavailable, retrying in 100ms
2026-03-14T14:17:03.306Z INFO  [payments] req=req-bf0192 posting to ledger txn=lt-5c0e5 (attempt 2/2)
2026-03-14T14:17:04.587Z WARN  [orders] req=req-c45a88 payments circuit open, failing fast
2026-03-14T14:17:04.589Z ERROR [gateway] req=req-c45a88 POST /api/checkout -> 503 (3ms) user=u-4543
2026-03-14T14:17:04.601Z WARN  [orders] req=req-45ce68 payments circuit open, failing fast
2026-03-14T14:17:04.603Z ERROR [gateway] req=req-45ce68 POST /api/checkout -> 503 (3ms) user=u-4520
2026-03-14T14:17:05.002Z DEBUG [gateway] health auth ok (7ms)
2026-03-14T14:17:05.003Z DEBUG [gateway] health inventory ok (9ms)
2026-03-14T14:17:05.034Z DEBUG [gateway] health ledger ok (8ms)
2026-03-14T14:17:05.035Z DEBUG [gateway] health orders ok (2ms)
2026-03-14T14:17:05.040Z DEBUG [gateway] health payments ok (6ms)
2026-03-14T14:17:05.309Z ERROR [ledger-db] acquire timeout after 2000ms txn=lt-5c0e5 in_use=4/4 waiters=19
2026-03-14T14:17:05.310Z ERROR [ledger] txn=lt-5c0e5 aborted: PoolTimeout (could not get a connection)
2026-03-14T14:17:05.312Z ERROR [payments] req=req-bf0192 ledger post failed txn=lt-5c0e5: 503 ledger unavailable
2026-03-14T14:17:05.313Z ERROR [payments] req=req-bf0192 charge failed after 2 attempts: ledger unavailable (txns lt-b553f, lt-5c0e5); voiding psp authorisation
2026-03-14T14:17:05.316Z INFO  [inventory] req=req-bf0192 released hold=h-fe77e
2026-03-14T14:17:05.317Z ERROR [orders] req=req-bf0192 checkout failed: payment step returned 502
2026-03-14T14:17:05.319Z ERROR [gateway] req=req-bf0192 POST /api/checkout -> 502 (4332ms) user=u-4442
2026-03-14T14:17:05.320Z WARN  [gateway] circuit breaker payments OPEN (trial request failed)
2026-03-14T14:17:07.124Z INFO  [gateway] req=req-6cd433 GET /api/products/SKU-0512 -> 200 (14ms)
2026-03-14T14:17:07.300Z INFO  [ledger-db] pool stats in_use=4 idle=0 max=4 waiters=8
2026-03-14T14:17:08.067Z WARN  [orders] req=req-cab387 payments circuit open, failing fast
2026-03-14T14:17:08.069Z ERROR [gateway] req=req-cab387 POST /api/checkout -> 503 (3ms) user=u-9520
2026-03-14T14:17:09.258Z INFO  [gateway] req=req-3b79f7 GET /api/products/SKU-0077 -> 200 (25ms)
2026-03-14T14:17:09.645Z INFO  [gateway] req=req-fc4eb0 GET /api/products/SKU-0404 -> 200 (18ms)
2026-03-14T14:17:09.717Z WARN  [orders] req=req-159e43 payments circuit open, failing fast
2026-03-14T14:17:09.719Z ERROR [gateway] req=req-159e43 POST /api/checkout -> 503 (3ms) user=u-5255
2026-03-14T14:17:10.324Z INFO  [gateway] req=req-311698 GET /api/products/SKU-0901 -> 200 (24ms)
2026-03-14T14:17:14.282Z INFO  [gateway] req=req-e4006c GET /api/products/SKU-0318 -> 200 (6ms)
2026-03-14T14:17:14.379Z INFO  [auth] req=req-f4be3d token ok user=u-7394
2026-03-14T14:17:14.388Z INFO  [gateway] req=req-f4be3d GET /api/cart -> 200 (10ms) user=u-7394
2026-03-14T14:17:18.989Z WARN  [orders] req=req-131a62 payments circuit open, failing fast
2026-03-14T14:17:18.991Z ERROR [gateway] req=req-131a62 POST /api/checkout -> 503 (3ms) user=u-3987
2026-03-14T14:17:20.983Z INFO  [auth] req=req-0edb7b token ok user=u-4422
2026-03-14T14:17:20.993Z INFO  [gateway] req=req-0edb7b GET /api/cart -> 200 (27ms) user=u-4422
2026-03-14T14:17:23.269Z WARN  [orders] req=req-efe07b payments circuit open, failing fast
2026-03-14T14:17:23.271Z ERROR [gateway] req=req-efe07b POST /api/checkout -> 503 (3ms) user=u-7344
2026-03-14T14:17:24.885Z WARN  [orders] req=req-0f0b9c payments circuit open, failing fast
2026-03-14T14:17:24.887Z ERROR [gateway] req=req-0f0b9c POST /api/checkout -> 503 (3ms) user=u-8490
2026-03-14T14:17:25.864Z WARN  [orders] req=req-b18bce payments circuit open, failing fast
2026-03-14T14:17:25.866Z ERROR [gateway] req=req-b18bce POST /api/checkout -> 503 (3ms) user=u-6889
2026-03-14T14:17:26.036Z INFO  [auth] req=req-aecbd9 login ok user=u-2898 session=s-8f26f84f
2026-03-14T14:17:26.040Z INFO  [gateway] req=req-aecbd9 POST /api/login -> 200 (34ms) user=u-2898
2026-03-14T14:17:27.213Z WARN  [orders] req=req-75c4fe payments circuit open, failing fast
2026-03-14T14:17:27.215Z ERROR [gateway] req=req-75c4fe POST /api/checkout -> 503 (3ms) user=u-8109
2026-03-14T14:17:28.170Z WARN  [orders] req=req-44d020 payments circuit open, failing fast
2026-03-14T14:17:28.172Z ERROR [gateway] req=req-44d020 POST /api/checkout -> 503 (3ms) user=u-2192
2026-03-14T14:17:28.835Z WARN  [orders] req=req-86c0a8 payments circuit open, failing fast
2026-03-14T14:17:28.837Z ERROR [gateway] req=req-86c0a8 POST /api/checkout -> 503 (3ms) user=u-6889
2026-03-14T14:17:29.382Z INFO  [auth] req=req-2bf74e token ok user=u-5279
2026-03-14T14:17:29.387Z INFO  [inventory] req=req-2bf74e availability SKU-0901: 27 in stock
2026-03-14T14:17:29.390Z INFO  [gateway] req=req-2bf74e GET /api/products/SKU-0901/availability -> 200 (9ms) user=u-5279
2026-03-14T14:17:30.743Z INFO  [auth] req=req-3c6883 login ok user=u-6463 session=s-ad7e5f1e
2026-03-14T14:17:30.747Z INFO  [gateway] req=req-3c6883 POST /api/login -> 200 (34ms) user=u-6463
2026-03-14T14:17:33.519Z WARN  [orders] req=req-88fe82 payments circuit open, failing fast
2026-03-14T14:17:33.521Z ERROR [gateway] req=req-88fe82 POST /api/checkout -> 503 (3ms) user=u-6957
2026-03-14T14:17:36.388Z INFO  [gateway] req=req-9ae4cc GET /api/products/SKU-0012 -> 200 (26ms)
2026-03-14T14:17:37.300Z INFO  [ledger-db] pool stats in_use=4 idle=0 max=4 waiters=7
2026-03-14T14:17:40.000Z INFO  [ledger] settlement batch progress 58%
2026-03-14T14:17:41.038Z INFO  [auth] req=req-5f706e token ok user=u-1490
2026-03-14T14:17:41.064Z INFO  [gateway] req=req-5f706e GET /api/cart -> 200 (17ms) user=u-1490
2026-03-14T14:17:48.992Z INFO  [gateway] circuit breaker payments HALF_OPEN, letting one request through
2026-03-14T14:17:48.993Z INFO  [auth] req=req-9034ad token ok user=u-4422
2026-03-14T14:17:49.001Z INFO  [orders] req=req-9034ad cart validated items=4 total=EUR 131.44
2026-03-14T14:17:49.009Z INFO  [inventory] req=req-9034ad reserved 4 items hold=h-d1623
2026-03-14T14:17:49.016Z INFO  [payments] req=req-9034ad authorising EUR 131.44 with psp
2026-03-14T14:17:49.222Z INFO  [payments] req=req-9034ad psp authorised ref=psp_ba58b59f
2026-03-14T14:17:49.224Z INFO  [payments] req=req-9034ad posting to ledger txn=lt-6aebe (attempt 1/2)
2026-03-14T14:17:50.916Z INFO  [gateway] req=req-db0f06 GET /api/products/SKU-0512 -> 200 (8ms)
2026-03-14T14:17:51.226Z ERROR [ledger-db] acquire timeout after 2000ms txn=lt-6aebe in_use=4/4 waiters=18
2026-03-14T14:17:51.227Z ERROR [ledger] txn=lt-6aebe aborted: PoolTimeout (could not get a connection)
2026-03-14T14:17:51.229Z WARN  [payments] req=req-9034ad ledger post failed txn=lt-6aebe: 503 ledger unavailable, retrying in 100ms
2026-03-14T14:17:51.305Z INFO  [auth] req=req-b6ae22 token ok user=u-1178
2026-03-14T14:17:51.309Z WARN  [orders] req=req-b6ae22 validation failed: cart is empty
2026-03-14T14:17:51.310Z INFO  [gateway] req=req-b6ae22 POST /api/checkout -> 422 (6ms) user=u-1178
2026-03-14T14:17:51.329Z INFO  [payments] req=req-9034ad posting to ledger txn=lt-e3266 (attempt 2/2)
2026-03-14T14:17:52.728Z WARN  [ledger-db] slow acquire txn=lt-e3266 waited=1399ms in_use=4/4
2026-03-14T14:17:52.764Z INFO  [ledger] txn=lt-e3266 posted 2 entries (36ms)
2026-03-14T14:17:52.766Z INFO  [payments] req=req-9034ad charge captured txn=lt-e3266
2026-03-14T14:17:52.770Z INFO  [orders] req=req-9034ad order o-4cf58f confirmed
2026-03-14T14:17:52.773Z INFO  [gateway] req=req-9034ad POST /api/checkout -> 201 (3781ms) user=u-4422
2026-03-14T14:17:52.774Z INFO  [gateway] circuit breaker payments CLOSED
2026-03-14T14:17:54.752Z INFO  [auth] req=req-6ff9ee token ok user=u-6318
2026-03-14T14:17:54.760Z INFO  [orders] req=req-6ff9ee cart validated items=4 total=EUR 463.45
2026-03-14T14:17:54.768Z INFO  [inventory] req=req-6ff9ee reserved 4 items hold=h-32201
2026-03-14T14:17:54.775Z INFO  [payments] req=req-6ff9ee authorising EUR 463.45 with psp
2026-03-14T14:17:54.967Z INFO  [cache] stats hit_ratio=0.83 keys=19309 evictions/s=338
2026-03-14T14:17:54.969Z INFO  [payments] req=req-6ff9ee psp authorised ref=psp_280a1dd1
2026-03-14T14:17:54.970Z WARN  [cache] eviction rate high (427/s) - consider raising maxmemory
2026-03-14T14:17:54.971Z INFO  [payments] req=req-6ff9ee posting to ledger txn=lt-646b3 (attempt 1/2)
2026-03-14T14:17:56.976Z ERROR [ledger-db] acquire timeout after 2000ms txn=lt-646b3 in_use=4/4 waiters=16
2026-03-14T14:17:56.977Z ERROR [ledger] txn=lt-646b3 aborted: PoolTimeout (could not get a connection)
2026-03-14T14:17:56.979Z WARN  [payments] req=req-6ff9ee ledger post failed txn=lt-646b3: 503 ledger unavailable, retrying in 100ms
2026-03-14T14:17:57.079Z INFO  [payments] req=req-6ff9ee posting to ledger txn=lt-64092 (attempt 2/2)
2026-03-14T14:17:59.080Z ERROR [ledger-db] acquire timeout after 2000ms txn=lt-64092 in_use=4/4 waiters=14
2026-03-14T14:17:59.081Z ERROR [ledger] txn=lt-64092 aborted: PoolTimeout (could not get a connection)
2026-03-14T14:17:59.083Z ERROR [payments] req=req-6ff9ee ledger post failed txn=lt-64092: 503 ledger unavailable
2026-03-14T14:17:59.084Z ERROR [payments] req=req-6ff9ee charge failed after 2 attempts: ledger unavailable (txns lt-646b3, lt-64092); voiding psp authorisation
2026-03-14T14:17:59.087Z INFO  [inventory] req=req-6ff9ee released hold=h-32201
2026-03-14T14:17:59.088Z ERROR [orders] req=req-6ff9ee checkout failed: payment step returned 502
2026-03-14T14:17:59.090Z ERROR [gateway] req=req-6ff9ee POST /api/checkout -> 502 (4339ms) user=u-6318
2026-03-14T14:18:05.004Z DEBUG [gateway] health ledger ok (8ms)
2026-03-14T14:18:05.005Z DEBUG [gateway] health orders ok (7ms)
2026-03-14T14:18:05.005Z DEBUG [gateway] health auth ok (6ms)
2026-03-14T14:18:05.010Z DEBUG [gateway] health payments ok (9ms)
2026-03-14T14:18:05.037Z DEBUG [gateway] health inventory ok (6ms)
2026-03-14T14:18:05.298Z INFO  [auth] req=req-9b7bf4 token ok user=u-4395
2026-03-14T14:18:05.303Z INFO  [inventory] req=req-9b7bf4 availability SKU-0077: 167 in stock
2026-03-14T14:18:05.306Z INFO  [gateway] req=req-9b7bf4 GET /api/products/SKU-0077/availability -> 200 (9ms) user=u-4395
2026-03-14T14:18:07.300Z INFO  [ledger-db] pool stats in_use=4 idle=0 max=4 waiters=13
2026-03-14T14:18:14.659Z INFO  [gateway] req=req-b39c27 GET /api/products/SKU-0230 -> 200 (4ms)
2026-03-14T14:18:18.266Z INFO  [gateway] req=req-958800 GET /api/products/SKU-0318 -> 200 (25ms)
2026-03-14T14:18:18.466Z INFO  [auth] req=req-c7dde5 token ok user=u-5525
2026-03-14T14:18:18.480Z INFO  [gateway] req=req-c7dde5 GET /api/orders/o-c9165c -> 200 (15ms) user=u-5525
2026-03-14T14:18:20.500Z INFO  [config-agent] fetched revision r1843 from config-service (5 keys changed) - revert of r1842 requested by oncall
2026-03-14T14:18:20.502Z DEBUG [config-agent] r1843 cache.ttl_seconds: 120 -> 300
2026-03-14T14:18:20.503Z DEBUG [config-agent] r1843 gateway.rate_limit.rps: 800 -> 500
2026-03-14T14:18:20.504Z DEBUG [config-agent] r1843 ledger.db.pool_max: 4 -> 40
2026-03-14T14:18:20.505Z DEBUG [config-agent] r1843 payments.legacy_3ds.enabled: false -> true
2026-03-14T14:18:20.506Z DEBUG [config-agent] r1843 scheduler.reindex_cron: "5-59/10 * * * *" -> "*/10 * * * *"
2026-03-14T14:18:20.515Z INFO  [config-agent] revision r1843 applied; notified 6 subscribers
2026-03-14T14:18:20.521Z INFO  [cache] ttl changed to 300s (was 120s)
2026-03-14T14:18:20.524Z INFO  [ledger-db] pool reconfigured (max=40)
2026-03-14T14:18:21.473Z INFO  [auth] req=req-81ebb4 token ok user=u-7680
2026-03-14T14:18:21.481Z INFO  [orders] req=req-81ebb4 cart validated items=4 total=EUR 74.93
2026-03-14T14:18:21.489Z INFO  [inventory] req=req-81ebb4 reserved 4 items hold=h-b66cc
2026-03-14T14:18:21.496Z INFO  [payments] req=req-81ebb4 authorising EUR 74.93 with psp
2026-03-14T14:18:21.682Z INFO  [payments] req=req-81ebb4 psp authorised ref=psp_bd532bf5
2026-03-14T14:18:21.684Z INFO  [payments] req=req-81ebb4 posting to ledger txn=lt-1126a (attempt 1/2)
2026-03-14T14:18:21.730Z INFO  [ledger] txn=lt-1126a posted 2 entries (43ms)
2026-03-14T14:18:21.732Z INFO  [payments] req=req-81ebb4 charge captured txn=lt-1126a
2026-03-14T14:18:21.736Z INFO  [orders] req=req-81ebb4 order o-91609b confirmed
2026-03-14T14:18:21.739Z INFO  [gateway] req=req-81ebb4 POST /api/checkout -> 201 (267ms) user=u-7680
2026-03-14T14:18:27.271Z INFO  [auth] req=req-481bff token ok user=u-3077
2026-03-14T14:18:27.279Z INFO  [orders] req=req-481bff cart validated items=2 total=EUR 359.38
2026-03-14T14:18:27.287Z INFO  [inventory] req=req-481bff reserved 2 items hold=h-bf528
2026-03-14T14:18:27.294Z INFO  [payments] req=req-481bff authorising EUR 359.38 with psp
2026-03-14T14:18:27.410Z INFO  [payments] req=req-481bff psp authorised ref=psp_5a2b7877
2026-03-14T14:18:27.412Z INFO  [payments] req=req-481bff posting to ledger txn=lt-ede86 (attempt 1/2)
2026-03-14T14:18:27.520Z INFO  [ledger] txn=lt-ede86 posted 2 entries (106ms)
2026-03-14T14:18:27.522Z INFO  [payments] req=req-481bff charge captured txn=lt-ede86
2026-03-14T14:18:27.526Z INFO  [orders] req=req-481bff order o-971417 confirmed
2026-03-14T14:18:27.529Z INFO  [gateway] req=req-481bff POST /api/checkout -> 201 (259ms) user=u-3077
2026-03-14T14:18:27.834Z INFO  [gateway] req=req-c2ae9f GET /api/products/SKU-0777 -> 200 (4ms)
2026-03-14T14:18:37.300Z INFO  [ledger-db] pool stats in_use=4 idle=4 max=40 waiters=0
2026-03-14T14:18:42.500Z INFO  [gateway] req=req-c6360b GET /api/products/SKU-0901 -> 200 (4ms)
2026-03-14T14:18:44.583Z INFO  [auth] req=req-ca864d token ok user=u-5416
2026-03-14T14:18:44.588Z INFO  [inventory] req=req-ca864d availability SKU-0777: 302 in stock
2026-03-14T14:18:44.591Z INFO  [gateway] req=req-ca864d GET /api/products/SKU-0777/availability -> 200 (9ms) user=u-5416
2026-03-14T14:18:49.585Z INFO  [auth] req=req-0f6ab7 token ok user=u-9567
2026-03-14T14:18:49.600Z INFO  [gateway] req=req-0f6ab7 GET /api/cart -> 200 (25ms) user=u-9567
2026-03-14T14:18:50.049Z INFO  [auth] req=req-68e9e6 token ok user=u-8739
2026-03-14T14:18:50.057Z INFO  [orders] req=req-68e9e6 cart validated items=3 total=EUR 275.76
2026-03-14T14:18:50.065Z INFO  [inventory] req=req-68e9e6 reserved 3 items hold=h-26473
2026-03-14T14:18:50.069Z INFO  [auth] req=req-416cb2 token ok user=u-8636
2026-03-14T14:18:50.072Z INFO  [payments] req=req-68e9e6 authorising EUR 275.76 with psp
2026-03-14T14:18:50.074Z INFO  [inventory] req=req-416cb2 availability SKU-0077: 390 in stock
2026-03-14T14:18:50.077Z INFO  [gateway] req=req-416cb2 GET /api/products/SKU-0077/availability -> 200 (9ms) user=u-8636
2026-03-14T14:18:50.245Z INFO  [payments] req=req-68e9e6 psp authorised ref=psp_9f3e36d2
2026-03-14T14:18:50.247Z INFO  [payments] req=req-68e9e6 posting to ledger txn=lt-f9028 (attempt 1/2)
2026-03-14T14:18:50.292Z INFO  [ledger] txn=lt-f9028 posted 2 entries (41ms)
2026-03-14T14:18:50.294Z INFO  [payments] req=req-68e9e6 charge captured txn=lt-f9028
2026-03-14T14:18:50.298Z INFO  [orders] req=req-68e9e6 order o-b2a221 confirmed
2026-03-14T14:18:50.301Z INFO  [gateway] req=req-68e9e6 POST /api/checkout -> 201 (253ms) user=u-8739
2026-03-14T14:18:56.489Z INFO  [cache] stats hit_ratio=0.81 keys=20365 evictions/s=217
2026-03-14T14:18:56.678Z INFO  [gateway] req=req-031549 GET /api/products/SKU-1203 -> 200 (25ms)
2026-03-14T14:19:03.074Z INFO  [auth] req=req-190a2d token ok user=u-4231
2026-03-14T14:19:03.100Z INFO  [gateway] req=req-190a2d GET /api/cart -> 200 (37ms) user=u-4231
2026-03-14T14:19:05.000Z DEBUG [gateway] health auth ok (3ms)
2026-03-14T14:19:05.003Z DEBUG [gateway] health orders ok (1ms)
2026-03-14T14:19:05.009Z DEBUG [gateway] health ledger ok (2ms)
2026-03-14T14:19:05.028Z DEBUG [gateway] health payments ok (2ms)
2026-03-14T14:19:05.033Z DEBUG [gateway] health inventory ok (7ms)
2026-03-14T14:19:07.267Z INFO  [auth] req=req-88171b token ok user=u-7770
2026-03-14T14:19:07.275Z INFO  [orders] req=req-88171b cart validated items=5 total=EUR 362.69
2026-03-14T14:19:07.283Z INFO  [inventory] req=req-88171b reserved 5 items hold=h-b4f96
2026-03-14T14:19:07.290Z INFO  [payments] req=req-88171b authorising EUR 362.69 with psp
2026-03-14T14:19:07.300Z INFO  [ledger-db] pool stats in_use=4 idle=4 max=40 waiters=0
2026-03-14T14:19:07.473Z INFO  [payments] req=req-88171b psp authorised ref=psp_b82950c9
2026-03-14T14:19:07.475Z INFO  [payments] req=req-88171b posting to ledger txn=lt-0b823 (attempt 1/2)
2026-03-14T14:19:07.505Z INFO  [ledger] txn=lt-0b823 posted 2 entries (29ms)
2026-03-14T14:19:07.507Z INFO  [payments] req=req-88171b charge captured txn=lt-0b823
2026-03-14T14:19:07.511Z INFO  [orders] req=req-88171b order o-2be609 confirmed
2026-03-14T14:19:07.514Z INFO  [gateway] req=req-88171b POST /api/checkout -> 201 (248ms) user=u-7770
2026-03-14T14:19:07.905Z INFO  [auth] req=req-7a8499 token ok user=u-8541
2026-03-14T14:19:07.919Z INFO  [gateway] req=req-7a8499 GET /api/orders/o-2ba1f6 -> 200 (15ms) user=u-8541
2026-03-14T14:19:10.594Z INFO  [auth] req=req-710403 login ok user=u-8076 session=s-2a51ffb5
2026-03-14T14:19:10.598Z INFO  [gateway] req=req-710403 POST /api/login -> 200 (34ms) user=u-8076
2026-03-14T14:19:20.618Z INFO  [gateway] req=req-f30744 GET /api/products/SKU-0230 -> 200 (9ms)
2026-03-14T14:19:21.981Z INFO  [gateway] req=req-c0e08b GET /api/products/SKU-0777 -> 200 (18ms)
2026-03-14T14:19:23.263Z INFO  [gateway] req=req-3807a6 GET /api/products/SKU-0901 -> 200 (9ms)
2026-03-14T14:19:24.105Z INFO  [auth] req=req-8804c1 token ok user=u-6463
2026-03-14T14:19:24.113Z INFO  [orders] req=req-8804c1 cart validated items=6 total=EUR 200.83
2026-03-14T14:19:24.121Z INFO  [inventory] req=req-8804c1 reserved 6 items hold=h-72a01
2026-03-14T14:19:24.128Z INFO  [payments] req=req-8804c1 authorising EUR 200.83 with psp
2026-03-14T14:19:24.330Z INFO  [payments] req=req-8804c1 psp authorised ref=psp_5e39a1df
2026-03-14T14:19:24.332Z INFO  [payments] req=req-8804c1 posting to ledger txn=lt-27fb7 (attempt 1/2)
2026-03-14T14:19:24.336Z DEBUG [ledger-db] acquire txn=lt-27fb7 waited=4ms in_use=2/40
2026-03-14T14:19:24.378Z INFO  [ledger] txn=lt-27fb7 posted 2 entries (42ms)
2026-03-14T14:19:24.380Z INFO  [payments] req=req-8804c1 charge captured txn=lt-27fb7
2026-03-14T14:19:24.384Z INFO  [orders] req=req-8804c1 order o-b451a1 confirmed
2026-03-14T14:19:24.387Z INFO  [gateway] req=req-8804c1 POST /api/checkout -> 201 (283ms) user=u-6463
2026-03-14T14:19:25.182Z INFO  [gateway] req=req-a54bff GET /api/products/SKU-0318 -> 200 (16ms)
2026-03-14T14:19:26.480Z INFO  [auth] req=req-430b92 token ok user=u-3301
2026-03-14T14:19:26.485Z INFO  [inventory] req=req-430b92 availability SKU-1203: 195 in stock
2026-03-14T14:19:26.488Z INFO  [gateway] req=req-430b92 GET /api/products/SKU-1203/availability -> 200 (9ms) user=u-3301
2026-03-14T14:19:30.000Z INFO  [ledger] settlement batch progress 71%
2026-03-14T14:19:32.167Z INFO  [auth] req=req-fba99b token ok user=u-1075
2026-03-14T14:19:32.175Z INFO  [orders] req=req-fba99b cart validated items=3 total=EUR 36.28
2026-03-14T14:19:32.183Z INFO  [inventory] req=req-fba99b reserved 3 items hold=h-7ec4f
2026-03-14T14:19:32.190Z INFO  [payments] req=req-fba99b authorising EUR 36.28 with psp
2026-03-14T14:19:32.350Z INFO  [payments] req=req-fba99b psp authorised ref=psp_5ea9242b
2026-03-14T14:19:32.352Z INFO  [payments] req=req-fba99b posting to ledger txn=lt-740fa (attempt 1/2)
2026-03-14T14:19:32.356Z DEBUG [ledger-db] acquire txn=lt-740fa waited=4ms in_use=2/40
2026-03-14T14:19:32.436Z INFO  [ledger] txn=lt-740fa posted 2 entries (80ms)
2026-03-14T14:19:32.438Z INFO  [payments] req=req-fba99b charge captured txn=lt-740fa
2026-03-14T14:19:32.442Z INFO  [orders] req=req-fba99b order o-8afcc3 confirmed
2026-03-14T14:19:32.445Z INFO  [gateway] req=req-fba99b POST /api/checkout -> 201 (279ms) user=u-1075
2026-03-14T14:19:33.559Z INFO  [auth] req=req-6398d4 token ok user=u-3030
2026-03-14T14:19:33.567Z INFO  [orders] req=req-6398d4 cart validated items=3 total=EUR 12.18
2026-03-14T14:19:33.575Z INFO  [inventory] req=req-6398d4 reserved 3 items hold=h-5a07a
2026-03-14T14:19:33.582Z INFO  [payments] req=req-6398d4 authorising EUR 12.18 with psp
2026-03-14T14:19:33.758Z INFO  [payments] req=req-6398d4 psp authorised ref=psp_601a05ba
2026-03-14T14:19:33.760Z INFO  [payments] req=req-6398d4 posting to ledger txn=lt-a5b27 (attempt 1/2)
2026-03-14T14:19:33.894Z INFO  [ledger] txn=lt-a5b27 posted 2 entries (134ms)
2026-03-14T14:19:33.896Z INFO  [payments] req=req-6398d4 charge captured txn=lt-a5b27
2026-03-14T14:19:33.900Z INFO  [orders] req=req-6398d4 order o-d77ae8 confirmed
2026-03-14T14:19:33.903Z INFO  [gateway] req=req-6398d4 POST /api/checkout -> 201 (345ms) user=u-3030
2026-03-14T14:19:34.195Z INFO  [gateway] req=req-1e45be GET /api/products/SKU-0105 -> 200 (13ms)
2026-03-14T14:19:34.439Z INFO  [auth] req=req-3a1115 token ok user=u-3726
2026-03-14T14:19:34.444Z INFO  [inventory] req=req-3a1115 availability SKU-0012: 366 in stock
2026-03-14T14:19:34.447Z INFO  [gateway] req=req-3a1115 GET /api/products/SKU-0012/availability -> 200 (9ms) user=u-3726
2026-03-14T14:19:35.105Z INFO  [auth] req=req-2ca8ab token ok user=u-9819
2026-03-14T14:19:35.110Z INFO  [inventory] req=req-2ca8ab availability SKU-0512: 217 in stock
2026-03-14T14:19:35.113Z INFO  [gateway] req=req-2ca8ab GET /api/products/SKU-0512/availability -> 200 (9ms) user=u-9819
2026-03-14T14:19:37.300Z INFO  [ledger-db] pool stats in_use=3 idle=5 max=40 waiters=0
2026-03-14T14:19:39.630Z INFO  [auth] req=req-d40c7e token ok user=u-9817
2026-03-14T14:19:39.638Z INFO  [orders] req=req-d40c7e cart validated items=3 total=EUR 346.34
2026-03-14T14:19:39.646Z INFO  [inventory] req=req-d40c7e reserved 3 items hold=h-69f67
2026-03-14T14:19:39.653Z INFO  [payments] req=req-d40c7e authorising EUR 346.34 with psp
2026-03-14T14:19:39.822Z INFO  [payments] req=req-d40c7e psp authorised ref=psp_a38e9cd5
2026-03-14T14:19:39.824Z INFO  [payments] req=req-d40c7e posting to ledger txn=lt-ecd4b (attempt 1/2)
2026-03-14T14:19:39.865Z INFO  [ledger] txn=lt-ecd4b posted 2 entries (37ms)
2026-03-14T14:19:39.867Z INFO  [payments] req=req-d40c7e charge captured txn=lt-ecd4b
2026-03-14T14:19:39.871Z INFO  [orders] req=req-d40c7e order o-846c8d confirmed
2026-03-14T14:19:39.874Z INFO  [gateway] req=req-d40c7e POST /api/checkout -> 201 (245ms) user=u-9817
2026-03-14T14:19:40.688Z INFO  [gateway] req=req-c281a3 GET /api/products/SKU-0512 -> 200 (29ms)
2026-03-14T14:19:41.068Z INFO  [auth] req=req-454424 token ok user=u-3093
2026-03-14T14:19:41.076Z INFO  [orders] req=req-454424 cart validated items=3 total=EUR 333.76
2026-03-14T14:19:41.084Z INFO  [inventory] req=req-454424 reserved 3 items hold=h-05bea
2026-03-14T14:19:41.091Z INFO  [payments] req=req-454424 authorising EUR 333.76 with psp
2026-03-14T14:19:41.294Z INFO  [payments] req=req-454424 psp authorised ref=psp_983678f7
2026-03-14T14:19:41.296Z INFO  [payments] req=req-454424 posting to ledger txn=lt-d4a0a (attempt 1/2)
2026-03-14T14:19:41.401Z INFO  [ledger] txn=lt-d4a0a posted 2 entries (105ms)
2026-03-14T14:19:41.403Z INFO  [payments] req=req-454424 charge captured txn=lt-d4a0a
2026-03-14T14:19:41.407Z INFO  [orders] req=req-454424 order o-40407e confirmed
2026-03-14T14:19:41.410Z INFO  [gateway] req=req-454424 POST /api/checkout -> 201 (343ms) user=u-3093
2026-03-14T14:19:49.783Z INFO  [auth] req=req-a4daab token ok user=u-3987
2026-03-14T14:19:49.797Z INFO  [gateway] req=req-a4daab GET /api/orders/o-69b39a -> 200 (15ms) user=u-3987
2026-03-14T14:19:52.447Z INFO  [auth] req=req-b4d7a0 login ok user=u-9957 session=s-8ed93405
2026-03-14T14:19:52.451Z INFO  [gateway] req=req-b4d7a0 POST /api/login -> 200 (34ms) user=u-9957
2026-03-14T14:19:52.736Z INFO  [gateway] req=req-68983e GET /api/products/SKU-0512 -> 200 (8ms)
2026-03-14T14:19:58.152Z INFO  [cache] stats hit_ratio=0.81 keys=20188 evictions/s=163
2026-03-14T14:19:58.155Z WARN  [cache] eviction rate high (307/s) - consider raising maxmemory
2026-03-14T14:20:01.410Z INFO  [auth] req=req-7f3635 token ok user=u-4912
2026-03-14T14:20:01.415Z INFO  [inventory] req=req-7f3635 availability SKU-0777: 395 in stock
2026-03-14T14:20:01.418Z INFO  [gateway] req=req-7f3635 GET /api/products/SKU-0777/availability -> 200 (9ms) user=u-4912
2026-03-14T14:20:04.438Z INFO  [auth] req=req-4bec89 token ok user=u-6805
2026-03-14T14:20:04.468Z INFO  [gateway] req=req-4bec89 GET /api/cart -> 200 (36ms) user=u-6805
2026-03-14T14:20:05.001Z DEBUG [gateway] health auth ok (8ms)
2026-03-14T14:20:05.007Z DEBUG [gateway] health inventory ok (3ms)
2026-03-14T14:20:05.011Z DEBUG [gateway] health orders ok (7ms)
2026-03-14T14:20:05.032Z DEBUG [gateway] health ledger ok (3ms)
2026-03-14T14:20:05.038Z DEBUG [gateway] health payments ok (5ms)
2026-03-14T14:20:05.738Z INFO  [auth] req=req-5bd91c token ok user=u-3137
2026-03-14T14:20:05.743Z INFO  [inventory] req=req-5bd91c availability SKU-1203: 122 in stock
2026-03-14T14:20:05.746Z INFO  [gateway] req=req-5bd91c GET /api/products/SKU-1203/availability -> 200 (9ms) user=u-3137
2026-03-14T14:20:07.090Z INFO  [auth] req=req-4d594c token ok user=u-5847
2026-03-14T14:20:07.107Z INFO  [gateway] req=req-4d594c GET /api/cart -> 200 (22ms) user=u-5847
2026-03-14T14:20:07.300Z INFO  [ledger-db] pool stats in_use=4 idle=4 max=40 waiters=0
2026-03-14T14:20:09.937Z WARN  [auth] req=req-16d461 token expired user=u-6536
2026-03-14T14:20:09.938Z INFO  [gateway] req=req-16d461 POST /api/checkout -> 401 (2ms)
2026-03-14T14:20:16.006Z INFO  [auth] req=req-793d98 token ok user=u-1075
2026-03-14T14:20:16.010Z WARN  [orders] req=req-793d98 validation failed: cart is empty
2026-03-14T14:20:16.011Z INFO  [gateway] req=req-793d98 POST /api/checkout -> 422 (6ms) user=u-1075
2026-03-14T14:20:20.996Z INFO  [auth] req=req-02d36e token ok user=u-9549
2026-03-14T14:20:21.004Z INFO  [orders] req=req-02d36e cart validated items=2 total=EUR 33.63
2026-03-14T14:20:21.012Z INFO  [inventory] req=req-02d36e reserved 2 items hold=h-9cbcb
2026-03-14T14:20:21.019Z INFO  [payments] req=req-02d36e authorising EUR 33.63 with psp
2026-03-14T14:20:21.156Z INFO  [payments] req=req-02d36e psp authorised ref=psp_78a3927c
2026-03-14T14:20:21.158Z INFO  [payments] req=req-02d36e posting to ledger txn=lt-28797 (attempt 1/2)
2026-03-14T14:20:21.283Z INFO  [ledger] txn=lt-28797 posted 2 entries (121ms)
2026-03-14T14:20:21.285Z INFO  [payments] req=req-02d36e charge captured txn=lt-28797
2026-03-14T14:20:21.289Z INFO  [orders] req=req-02d36e order o-a62e1c confirmed
2026-03-14T14:20:21.292Z INFO  [gateway] req=req-02d36e POST /api/checkout -> 201 (297ms) user=u-9549
2026-03-14T14:20:24.411Z INFO  [auth] req=req-259013 token ok user=u-5994
2026-03-14T14:20:24.416Z INFO  [inventory] req=req-259013 availability SKU-0777: 329 in stock
2026-03-14T14:20:24.419Z INFO  [gateway] req=req-259013 GET /api/products/SKU-0777/availability -> 200 (9ms) user=u-5994
2026-03-14T14:20:25.063Z INFO  [auth] req=req-f9f7b4 token ok user=u-4868
2026-03-14T14:20:25.094Z INFO  [gateway] req=req-f9f7b4 GET /api/cart -> 200 (17ms) user=u-4868
2026-03-14T14:20:31.489Z INFO  [auth] req=req-6ec4c7 token ok user=u-3555
2026-03-14T14:20:31.503Z INFO  [gateway] req=req-6ec4c7 GET /api/orders/o-0109ff -> 200 (15ms) user=u-3555
2026-03-14T14:20:33.055Z INFO  [auth] req=req-46ec03 token ok user=u-2898
2026-03-14T14:20:33.060Z INFO  [inventory] req=req-46ec03 availability SKU-0012: 6 in stock
2026-03-14T14:20:33.063Z INFO  [gateway] req=req-46ec03 GET /api/products/SKU-0012/availability -> 200 (9ms) user=u-2898
2026-03-14T14:20:34.912Z INFO  [auth] req=req-636f20 token ok user=u-5416
2026-03-14T14:20:34.926Z INFO  [gateway] req=req-636f20 GET /api/orders/o-5006a8 -> 200 (15ms) user=u-5416
2026-03-14T14:20:37.300Z INFO  [ledger-db] pool stats in_use=3 idle=5 max=40 waiters=0
2026-03-14T14:20:39.898Z INFO  [auth] req=req-4b36b5 token ok user=u-7816
2026-03-14T14:20:39.911Z INFO  [gateway] req=req-4b36b5 GET /api/cart -> 200 (24ms) user=u-7816
2026-03-14T14:20:41.000Z INFO  [scheduler] job=purge-expired-sessions started
2026-03-14T14:20:41.330Z INFO  [scheduler] job=purge-expired-sessions finished removed=232
2026-03-14T14:20:42.645Z INFO  [auth] req=req-85e1d1 token ok user=u-4341
2026-03-14T14:20:42.653Z INFO  [orders] req=req-85e1d1 cart validated items=6 total=EUR 57.02
2026-03-14T14:20:42.661Z INFO  [inventory] req=req-85e1d1 reserved 6 items hold=h-e7e54
2026-03-14T14:20:42.668Z INFO  [payments] req=req-85e1d1 authorising EUR 57.02 with psp
2026-03-14T14:20:42.818Z INFO  [payments] req=req-85e1d1 psp authorised ref=psp_7644318c
2026-03-14T14:20:42.820Z INFO  [payments] req=req-85e1d1 posting to ledger txn=lt-1d6c4 (attempt 1/2)
2026-03-14T14:20:42.900Z INFO  [ledger] txn=lt-1d6c4 posted 2 entries (76ms)
2026-03-14T14:20:42.902Z INFO  [payments] req=req-85e1d1 charge captured txn=lt-1d6c4
2026-03-14T14:20:42.906Z INFO  [orders] req=req-85e1d1 order o-910acf confirmed
2026-03-14T14:20:42.909Z INFO  [gateway] req=req-85e1d1 POST /api/checkout -> 201 (265ms) user=u-4341
2026-03-14T14:20:46.373Z INFO  [gateway] req=req-3c2507 GET /api/products/SKU-0901 -> 200 (10ms)
2026-03-14T14:20:47.590Z INFO  [auth] req=req-43dad6 token ok user=u-4442
2026-03-14T14:20:47.598Z INFO  [orders] req=req-43dad6 cart validated items=3 total=EUR 183.65
2026-03-14T14:20:47.606Z INFO  [inventory] req=req-43dad6 reserved 3 items hold=h-5b371
2026-03-14T14:20:47.613Z INFO  [payments] req=req-43dad6 authorising EUR 183.65 with psp
2026-03-14T14:20:47.707Z INFO  [payments] req=req-43dad6 psp authorised ref=psp_4a1e4d18
2026-03-14T14:20:47.709Z INFO  [payments] req=req-43dad6 posting to ledger txn=lt-4328f (attempt 1/2)
2026-03-14T14:20:47.742Z INFO  [ledger] txn=lt-4328f posted 2 entries (32ms)
2026-03-14T14:20:47.744Z INFO  [payments] req=req-43dad6 charge captured txn=lt-4328f
2026-03-14T14:20:47.748Z INFO  [orders] req=req-43dad6 order o-cae795 confirmed
2026-03-14T14:20:47.751Z INFO  [gateway] req=req-43dad6 POST /api/checkout -> 201 (162ms) user=u-4442
2026-03-14T14:20:49.880Z INFO  [auth] req=req-fdfab2 login ok user=u-8691 session=s-9dcfe191
2026-03-14T14:20:49.884Z INFO  [gateway] req=req-fdfab2 POST /api/login -> 200 (34ms) user=u-8691
2026-03-14T14:20:53.641Z INFO  [auth] req=req-067ac2 token ok user=u-6805
2026-03-14T14:20:53.649Z INFO  [orders] req=req-067ac2 cart validated items=1 total=EUR 347.04
2026-03-14T14:20:53.657Z INFO  [inventory] req=req-067ac2 reserved 1 items hold=h-b552e
2026-03-14T14:20:53.664Z INFO  [payments] req=req-067ac2 authorising EUR 347.04 with psp
2026-03-14T14:20:53.822Z INFO  [payments] req=req-067ac2 psp authorised ref=psp_5e695223
2026-03-14T14:20:53.824Z INFO  [payments] req=req-067ac2 posting to ledger txn=lt-eb006 (attempt 1/2)
2026-03-14T14:20:53.853Z INFO  [ledger] txn=lt-eb006 posted 2 entries (29ms)
2026-03-14T14:20:53.855Z INFO  [payments] req=req-067ac2 charge captured txn=lt-eb006
2026-03-14T14:20:53.859Z INFO  [orders] req=req-067ac2 order o-6a6703 confirmed
2026-03-14T14:20:53.862Z INFO  [gateway] req=req-067ac2 POST /api/checkout -> 201 (222ms) user=u-6805
2026-03-14T14:20:53.926Z INFO  [auth] req=req-74c533 token ok user=u-9318
2026-03-14T14:20:53.934Z INFO  [orders] req=req-74c533 cart validated items=2 total=EUR 383.26
2026-03-14T14:20:53.942Z INFO  [inventory] req=req-74c533 reserved 2 items hold=h-95a9f
2026-03-14T14:20:53.949Z INFO  [payments] req=req-74c533 authorising EUR 383.26 with psp
2026-03-14T14:20:54.110Z INFO  [payments] req=req-74c533 psp authorised ref=psp_f4d76c43
2026-03-14T14:20:54.112Z INFO  [payments] req=req-74c533 posting to ledger txn=lt-b644d (attempt 1/2)
2026-03-14T14:20:54.113Z DEBUG [ledger-db] acquire txn=lt-b644d waited=1ms in_use=4/40
2026-03-14T14:20:54.236Z INFO  [ledger] txn=lt-b644d posted 2 entries (123ms)
2026-03-14T14:20:54.238Z INFO  [payments] req=req-74c533 charge captured txn=lt-b644d
2026-03-14T14:20:54.242Z INFO  [orders] req=req-74c533 order o-54dde5 confirmed
2026-03-14T14:20:54.245Z INFO  [gateway] req=req-74c533 POST /api/checkout -> 201 (320ms) user=u-9318
2026-03-14T14:20:55.796Z INFO  [auth] req=req-024380 token ok user=u-7394
2026-03-14T14:20:55.801Z INFO  [inventory] req=req-024380 availability SKU-0105: 302 in stock
2026-03-14T14:20:55.804Z INFO  [gateway] req=req-024380 GET /api/products/SKU-0105/availability -> 200 (9ms) user=u-7394
2026-03-14T14:20:58.744Z INFO  [auth] req=req-2512a6 token ok user=u-4911
2026-03-14T14:20:58.752Z INFO  [orders] req=req-2512a6 cart validated items=4 total=EUR 411.13
2026-03-14T14:20:58.760Z INFO  [inventory] req=req-2512a6 reserved 4 items hold=h-39804
2026-03-14T14:20:58.767Z INFO  [payments] req=req-2512a6 authorising EUR 411.13 with psp
2026-03-14T14:20:58.931Z INFO  [payments] req=req-2512a6 psp authorised ref=psp_23ab3650
2026-03-14T14:20:58.933Z INFO  [payments] req=req-2512a6 posting to ledger txn=lt-08698 (attempt 1/2)
2026-03-14T14:20:58.933Z DEBUG [ledger-db] acquire txn=lt-08698 waited=0ms in_use=1/40
2026-03-14T14:20:59.072Z INFO  [ledger] txn=lt-08698 posted 2 entries (139ms)
2026-03-14T14:20:59.074Z INFO  [payments] req=req-2512a6 charge captured txn=lt-08698
2026-03-14T14:20:59.078Z INFO  [orders] req=req-2512a6 order o-eea52c confirmed
2026-03-14T14:20:59.081Z INFO  [gateway] req=req-2512a6 POST /api/checkout -> 201 (338ms) user=u-4911
2026-03-14T14:20:59.420Z INFO  [auth] req=req-19d054 token ok user=u-6647
2026-03-14T14:20:59.428Z INFO  [orders] req=req-19d054 cart validated items=4 total=EUR 218.63
2026-03-14T14:20:59.436Z INFO  [inventory] req=req-19d054 reserved 4 items hold=h-4528f
2026-03-14T14:20:59.443Z INFO  [payments] req=req-19d054 authorising EUR 218.63 with psp
2026-03-14T14:20:59.680Z INFO  [payments] req=req-19d054 psp authorised ref=psp_1f539728
2026-03-14T14:20:59.682Z INFO  [payments] req=req-19d054 posting to ledger txn=lt-ce073 (attempt 1/2)
2026-03-14T14:20:59.749Z INFO  [ledger] txn=lt-ce073 posted 2 entries (67ms)
2026-03-14T14:20:59.751Z INFO  [payments] req=req-19d054 charge captured txn=lt-ce073
2026-03-14T14:20:59.755Z INFO  [orders] req=req-19d054 order o-da2961 confirmed
2026-03-14T14:20:59.758Z INFO  [gateway] req=req-19d054 POST /api/checkout -> 201 (339ms) user=u-6647
2026-03-14T14:21:03.276Z INFO  [cache] stats hit_ratio=0.81 keys=19590 evictions/s=327
2026-03-14T14:21:05.000Z DEBUG [gateway] health inventory ok (2ms)
2026-03-14T14:21:05.001Z DEBUG [gateway] health ledger ok (7ms)
2026-03-14T14:21:05.014Z DEBUG [gateway] health payments ok (8ms)
2026-03-14T14:21:05.034Z DEBUG [gateway] health orders ok (8ms)
2026-03-14T14:21:05.034Z DEBUG [gateway] health auth ok (3ms)
2026-03-14T14:21:06.944Z INFO  [auth] req=req-2c1e41 token ok user=u-8842
2026-03-14T14:21:06.957Z INFO  [gateway] req=req-2c1e41 GET /api/cart -> 200 (12ms) user=u-8842
2026-03-14T14:21:07.300Z INFO  [ledger-db] pool stats in_use=4 idle=4 max=40 waiters=0
2026-03-14T14:21:10.648Z INFO  [auth] req=req-785120 token ok user=u-1460
2026-03-14T14:21:10.656Z INFO  [orders] req=req-785120 cart validated items=4 total=EUR 457.99
2026-03-14T14:21:10.664Z INFO  [inventory] req=req-785120 reserved 4 items hold=h-98fcc
2026-03-14T14:21:10.671Z INFO  [payments] req=req-785120 authorising EUR 457.99 with psp
2026-03-14T14:21:10.791Z INFO  [payments] req=req-785120 psp authorised ref=psp_e5bb06bf
2026-03-14T14:21:10.793Z INFO  [payments] req=req-785120 posting to ledger txn=lt-6c33c (attempt 1/2)
2026-03-14T14:21:10.795Z DEBUG [ledger-db] acquire txn=lt-6c33c waited=2ms in_use=5/40
2026-03-14T14:21:10.884Z INFO  [ledger] txn=lt-6c33c posted 2 entries (89ms)
2026-03-14T14:21:10.886Z INFO  [payments] req=req-785120 charge captured txn=lt-6c33c
2026-03-14T14:21:10.890Z INFO  [orders] req=req-785120 order o-ed98fb confirmed
2026-03-14T14:21:10.893Z INFO  [gateway] req=req-785120 POST /api/checkout -> 201 (246ms) user=u-1460
2026-03-14T14:21:15.525Z INFO  [auth] req=req-797ba9 token ok user=u-9760
2026-03-14T14:21:15.530Z INFO  [inventory] req=req-797ba9 availability SKU-0012: 343 in stock
2026-03-14T14:21:15.533Z INFO  [gateway] req=req-797ba9 GET /api/products/SKU-0012/availability -> 200 (9ms) user=u-9760
2026-03-14T14:21:18.119Z INFO  [auth] req=req-b3cd49 token ok user=u-8109
2026-03-14T14:21:18.123Z WARN  [orders] req=req-b3cd49 validation failed: cart is empty
2026-03-14T14:21:18.124Z INFO  [gateway] req=req-b3cd49 POST /api/checkout -> 422 (6ms) user=u-8109
2026-03-14T14:21:20.000Z INFO  [ledger] settlement batch progress 86%
2026-03-14T14:21:21.583Z INFO  [auth] req=req-2be69e token ok user=u-3371
2026-03-14T14:21:21.597Z INFO  [gateway] req=req-2be69e GET /api/orders/o-0ae49a -> 200 (15ms) user=u-3371
2026-03-14T14:21:23.154Z INFO  [gateway] req=req-f2d862 GET /api/products/SKU-1203 -> 200 (16ms)
2026-03-14T14:21:25.591Z INFO  [auth] req=req-8dddd5 token ok user=u-3285
2026-03-14T14:21:25.599Z INFO  [orders] req=req-8dddd5 cart validated items=1 total=EUR 181.69
2026-03-14T14:21:25.607Z INFO  [inventory] req=req-8dddd5 reserved 1 items hold=h-5e436
2026-03-14T14:21:25.614Z INFO  [payments] req=req-8dddd5 authorising EUR 181.69 with psp
2026-03-14T14:21:25.712Z INFO  [payments] req=req-8dddd5 psp authorised ref=psp_91329c34
2026-03-14T14:21:25.714Z INFO  [payments] req=req-8dddd5 posting to ledger txn=lt-d0cc7 (attempt 1/2)
2026-03-14T14:21:25.720Z INFO  [gateway] req=req-55539e GET /api/products/SKU-0318 -> 200 (12ms)
2026-03-14T14:21:25.843Z INFO  [ledger] txn=lt-d0cc7 posted 2 entries (127ms)
2026-03-14T14:21:25.845Z INFO  [payments] req=req-8dddd5 charge captured txn=lt-d0cc7
2026-03-14T14:21:25.849Z INFO  [orders] req=req-8dddd5 order o-87ffad confirmed
2026-03-14T14:21:25.852Z INFO  [gateway] req=req-8dddd5 POST /api/checkout -> 201 (262ms) user=u-3285
2026-03-14T14:21:30.292Z INFO  [auth] req=req-d86c72 token ok user=u-3093
2026-03-14T14:21:30.321Z INFO  [gateway] req=req-d86c72 GET /api/cart -> 200 (22ms) user=u-3093
2026-03-14T14:21:37.300Z INFO  [ledger-db] pool stats in_use=4 idle=4 max=40 waiters=0
2026-03-14T14:21:40.000Z INFO  [ledger] settlement batch finished in 1120s
2026-03-14T14:21:55.073Z INFO  [gateway] req=req-5ef7f9 GET /api/products/SKU-0230 -> 200 (11ms)
2026-03-14T14:21:56.087Z INFO  [auth] req=req-5efc38 token ok user=u-2535
2026-03-14T14:21:56.121Z INFO  [gateway] req=req-5efc38 GET /api/cart -> 200 (16ms) user=u-2535
2026-03-14T14:21:58.769Z INFO  [cache] stats hit_ratio=0.86 keys=18711 evictions/s=191
2026-03-14T14:21:58.784Z INFO  [auth] req=req-15bd09 token ok user=u-6902
2026-03-14T14:21:58.792Z INFO  [orders] req=req-15bd09 cart validated items=1 total=EUR 368.72
2026-03-14T14:21:58.800Z INFO  [inventory] req=req-15bd09 reserved 1 items hold=h-16da3
2026-03-14T14:21:58.807Z INFO  [payments] req=req-15bd09 authorising EUR 368.72 with psp
2026-03-14T14:21:59.007Z INFO  [payments] req=req-15bd09 psp authorised ref=psp_9c6f239e
2026-03-14T14:21:59.009Z INFO  [payments] req=req-15bd09 posting to ledger txn=lt-eafc7 (attempt 1/2)
2026-03-14T14:21:59.013Z DEBUG [ledger-db] acquire txn=lt-eafc7 waited=4ms in_use=1/40
2026-03-14T14:21:59.043Z INFO  [auth] req=req-4f9862 token ok user=u-2530
2026-03-14T14:21:59.053Z INFO  [ledger] txn=lt-eafc7 posted 2 entries (40ms)
2026-03-14T14:21:59.055Z INFO  [payments] req=req-15bd09 charge captured txn=lt-eafc7
2026-03-14T14:21:59.059Z INFO  [orders] req=req-15bd09 order o-611fc1 confirmed
2026-03-14T14:21:59.062Z INFO  [gateway] req=req-15bd09 POST /api/checkout -> 201 (279ms) user=u-6902
2026-03-14T14:21:59.063Z INFO  [gateway] req=req-4f9862 GET /api/cart -> 200 (11ms) user=u-2530
2026-03-14T14:22:00.079Z INFO  [auth] req=req-65b997 token ok user=u-8116
2026-03-14T14:22:00.084Z INFO  [inventory] req=req-65b997 availability SKU-0404: 354 in stock
2026-03-14T14:22:00.087Z INFO  [gateway] req=req-65b997 GET /api/products/SKU-0404/availability -> 200 (9ms) user=u-8116
2026-03-14T14:22:03.000Z WARN  [scheduler] job=reindex-search skipped: lock held by node-b (this is expected on secondary nodes)
2026-03-14T14:22:04.426Z INFO  [auth] req=req-e2ac1d token ok user=u-9485
2026-03-14T14:22:04.434Z INFO  [orders] req=req-e2ac1d cart validated items=6 total=EUR 343.81
2026-03-14T14:22:04.442Z INFO  [inventory] req=req-e2ac1d reserved 6 items hold=h-7798d
2026-03-14T14:22:04.449Z INFO  [payments] req=req-e2ac1d authorising EUR 343.81 with psp
2026-03-14T14:22:04.580Z INFO  [payments] req=req-e2ac1d psp authorised ref=psp_05329cdc
2026-03-14T14:22:04.582Z INFO  [payments] req=req-e2ac1d posting to ledger txn=lt-bc7fc (attempt 1/2)
2026-03-14T14:22:04.722Z INFO  [ledger] txn=lt-bc7fc posted 2 entries (136ms)
2026-03-14T14:22:04.724Z INFO  [payments] req=req-e2ac1d charge captured txn=lt-bc7fc
2026-03-14T14:22:04.728Z INFO  [orders] req=req-e2ac1d order o-6ccf5f confirmed
2026-03-14T14:22:04.731Z INFO  [gateway] req=req-e2ac1d POST /api/checkout -> 201 (306ms) user=u-9485
2026-03-14T14:22:05.016Z DEBUG [gateway] health payments ok (5ms)
2026-03-14T14:22:05.017Z DEBUG [gateway] health orders ok (2ms)
2026-03-14T14:22:05.023Z DEBUG [gateway] health auth ok (8ms)
2026-03-14T14:22:05.027Z DEBUG [gateway] health ledger ok (7ms)
2026-03-14T14:22:05.036Z DEBUG [gateway] health inventory ok (4ms)
2026-03-14T14:22:07.300Z INFO  [ledger-db] pool stats in_use=1 idle=7 max=40 waiters=0
2026-03-14T14:22:07.486Z INFO  [auth] req=req-480932 token ok user=u-8359
2026-03-14T14:22:07.494Z INFO  [orders] req=req-480932 cart validated items=3 total=EUR 136.15
2026-03-14T14:22:07.502Z INFO  [inventory] req=req-480932 reserved 3 items hold=h-c014b
2026-03-14T14:22:07.509Z INFO  [payments] req=req-480932 authorising EUR 136.15 with psp
2026-03-14T14:22:07.750Z INFO  [payments] req=req-480932 psp authorised ref=psp_62d02ec5
2026-03-14T14:22:07.752Z INFO  [payments] req=req-480932 posting to ledger txn=lt-4603a (attempt 1/2)
2026-03-14T14:22:07.815Z INFO  [ledger] txn=lt-4603a posted 2 entries (63ms)
2026-03-14T14:22:07.817Z INFO  [payments] req=req-480932 charge captured txn=lt-4603a
2026-03-14T14:22:07.821Z INFO  [orders] req=req-480932 order o-9c19b5 confirmed
2026-03-14T14:22:07.824Z INFO  [gateway] req=req-480932 POST /api/checkout -> 201 (339ms) user=u-8359
2026-03-14T14:22:13.152Z INFO  [auth] req=req-6cd60d login ok user=u-3322 session=s-447619ef
2026-03-14T14:22:13.156Z INFO  [gateway] req=req-6cd60d POST /api/login -> 200 (34ms) user=u-3322
2026-03-14T14:22:13.928Z INFO  [auth] req=req-f7217f token ok user=u-3466
2026-03-14T14:22:13.942Z INFO  [gateway] req=req-f7217f GET /api/orders/o-ecf5c6 -> 200 (15ms) user=u-3466
2026-03-14T14:22:14.188Z INFO  [auth] req=req-c9f14e token ok user=u-3569
2026-03-14T14:22:14.196Z INFO  [orders] req=req-c9f14e cart validated items=5 total=EUR 149.10
2026-03-14T14:22:14.204Z INFO  [inventory] req=req-c9f14e reserved 5 items hold=h-880ed
2026-03-14T14:22:14.211Z INFO  [payments] req=req-c9f14e authorising EUR 149.10 with psp
2026-03-14T14:22:14.348Z INFO  [payments] req=req-c9f14e psp authorised ref=psp_cd1929b1
2026-03-14T14:22:14.350Z INFO  [payments] req=req-c9f14e posting to ledger txn=lt-a2580 (attempt 1/2)
2026-03-14T14:22:14.414Z INFO  [auth] req=req-804511 login ok user=u-7033 session=s-127b81f0
2026-03-14T14:22:14.418Z INFO  [gateway] req=req-804511 POST /api/login -> 200 (34ms) user=u-7033
2026-03-14T14:22:14.426Z INFO  [ledger] txn=lt-a2580 posted 2 entries (75ms)
2026-03-14T14:22:14.428Z INFO  [payments] req=req-c9f14e charge captured txn=lt-a2580
2026-03-14T14:22:14.432Z INFO  [orders] req=req-c9f14e order o-3ec653 confirmed
2026-03-14T14:22:14.435Z INFO  [gateway] req=req-c9f14e POST /api/checkout -> 201 (248ms) user=u-3569
2026-03-14T14:22:17.295Z INFO  [auth] req=req-9e4df9 token ok user=u-5416
2026-03-14T14:22:17.303Z INFO  [orders] req=req-9e4df9 cart validated items=6 total=EUR 181.12
2026-03-14T14:22:17.311Z INFO  [inventory] req=req-9e4df9 reserved 6 items hold=h-965f8
2026-03-14T14:22:17.318Z INFO  [payments] req=req-9e4df9 authorising EUR 181.12 with psp
2026-03-14T14:22:17.537Z INFO  [payments] req=req-9e4df9 psp authorised ref=psp_397df0cd
2026-03-14T14:22:17.539Z INFO  [payments] req=req-9e4df9 posting to ledger txn=lt-6f090 (attempt 1/2)
2026-03-14T14:22:17.646Z INFO  [ledger] txn=lt-6f090 posted 2 entries (103ms)
2026-03-14T14:22:17.648Z INFO  [payments] req=req-9e4df9 charge captured txn=lt-6f090
2026-03-14T14:22:17.652Z INFO  [orders] req=req-9e4df9 order o-cedcc3 confirmed
2026-03-14T14:22:17.655Z INFO  [gateway] req=req-9e4df9 POST /api/checkout -> 201 (361ms) user=u-5416
2026-03-14T14:22:18.888Z INFO  [auth] req=req-fca5bf token ok user=u-5416
2026-03-14T14:22:18.896Z INFO  [orders] req=req-fca5bf cart validated items=1 total=EUR 62.25
2026-03-14T14:22:18.904Z INFO  [inventory] req=req-fca5bf reserved 1 items hold=h-5bf22
2026-03-14T14:22:18.911Z INFO  [payments] req=req-fca5bf authorising EUR 62.25 with psp
2026-03-14T14:22:19.020Z INFO  [payments] req=req-fca5bf psp authorised ref=psp_eccc0f42
2026-03-14T14:22:19.022Z INFO  [payments] req=req-fca5bf posting to ledger txn=lt-12bd5 (attempt 1/2)
2026-03-14T14:22:19.023Z DEBUG [ledger-db] acquire txn=lt-12bd5 waited=1ms in_use=2/40
2026-03-14T14:22:19.087Z INFO  [ledger] txn=lt-12bd5 posted 2 entries (64ms)
2026-03-14T14:22:19.089Z INFO  [payments] req=req-fca5bf charge captured txn=lt-12bd5
2026-03-14T14:22:19.093Z INFO  [orders] req=req-fca5bf order o-9a8177 confirmed
2026-03-14T14:22:19.096Z INFO  [gateway] req=req-fca5bf POST /api/checkout -> 201 (209ms) user=u-5416
2026-03-14T14:22:20.636Z INFO  [auth] req=req-e9c6de token ok user=u-2393
2026-03-14T14:22:20.644Z INFO  [orders] req=req-e9c6de cart validated items=3 total=EUR 324.72
2026-03-14T14:22:20.652Z INFO  [inventory] req=req-e9c6de reserved 3 items hold=h-a4095
2026-03-14T14:22:20.659Z INFO  [payments] req=req-e9c6de authorising EUR 324.72 with psp
2026-03-14T14:22:20.853Z INFO  [payments] req=req-e9c6de psp authorised ref=psp_2e2a6c8f
2026-03-14T14:22:20.855Z INFO  [payments] req=req-e9c6de posting to ledger txn=lt-90890 (attempt 1/2)
2026-03-14T14:22:20.888Z INFO  [ledger] txn=lt-90890 posted 2 entries (30ms)
2026-03-14T14:22:20.890Z INFO  [payments] req=req-e9c6de charge captured txn=lt-90890
2026-03-14T14:22:20.894Z INFO  [orders] req=req-e9c6de order o-db4697 confirmed
2026-03-14T14:22:20.897Z INFO  [gateway] req=req-e9c6de POST /api/checkout -> 201 (262ms) user=u-2393
2026-03-14T14:22:22.292Z INFO  [gateway] req=req-a367f1 GET /api/products/SKU-0105 -> 200 (15ms)
2026-03-14T14:22:29.330Z INFO  [auth] req=req-40fd59 token ok user=u-4422
2026-03-14T14:22:29.344Z INFO  [gateway] req=req-40fd59 GET /api/orders/o-70361a -> 200 (15ms) user=u-4422
2026-03-14T14:22:32.646Z INFO  [auth] req=req-9f7825 login ok user=u-6266 session=s-44f54388
2026-03-14T14:22:32.650Z INFO  [gateway] req=req-9f7825 POST /api/login -> 200 (34ms) user=u-6266
2026-03-14T14:22:35.222Z INFO  [auth] req=req-43348d token ok user=u-7809
2026-03-14T14:22:35.236Z INFO  [gateway] req=req-43348d GET /api/cart -> 200 (16ms) user=u-7809
2026-03-14T14:22:35.602Z INFO  [auth] req=req-7d337c token ok user=u-9398
2026-03-14T14:22:35.626Z INFO  [gateway] req=req-7d337c GET /api/cart -> 200 (35ms) user=u-9398
2026-03-14T14:22:37.158Z INFO  [gateway] req=req-7ff67a GET /api/products/SKU-0230 -> 200 (16ms)
2026-03-14T14:22:37.300Z INFO  [ledger-db] pool stats in_use=3 idle=5 max=40 waiters=0
2026-03-14T14:22:37.332Z INFO  [gateway] req=req-35380a GET /api/products/SKU-0318 -> 200 (13ms)
2026-03-14T14:22:42.289Z INFO  [gateway] req=req-9f2846 GET /api/products/SKU-0105 -> 200 (10ms)
2026-03-14T14:22:43.128Z INFO  [auth] req=req-39ec7a token ok user=u-1654
2026-03-14T14:22:43.136Z INFO  [orders] req=req-39ec7a cart validated items=6 total=EUR 340.38
2026-03-14T14:22:43.144Z INFO  [inventory] req=req-39ec7a reserved 6 items hold=h-4f47b
2026-03-14T14:22:43.151Z INFO  [payments] req=req-39ec7a authorising EUR 340.38 with psp
2026-03-14T14:22:43.345Z INFO  [payments] req=req-39ec7a psp authorised ref=psp_4f43c129
2026-03-14T14:22:43.347Z INFO  [payments] req=req-39ec7a posting to ledger txn=lt-53cea (attempt 1/2)
2026-03-14T14:22:43.377Z INFO  [ledger] txn=lt-53cea posted 2 entries (30ms)
2026-03-14T14:22:43.379Z INFO  [payments] req=req-39ec7a charge captured txn=lt-53cea
2026-03-14T14:22:43.383Z INFO  [orders] req=req-39ec7a order o-6c6eb8 confirmed
2026-03-14T14:22:43.386Z INFO  [gateway] req=req-39ec7a POST /api/checkout -> 201 (259ms) user=u-1654
2026-03-14T14:22:50.143Z INFO  [auth] req=req-1c816b token ok user=u-9874
2026-03-14T14:22:50.151Z INFO  [orders] req=req-1c816b cart validated items=1 total=EUR 316.53
2026-03-14T14:22:50.159Z INFO  [inventory] req=req-1c816b reserved 1 items hold=h-ab833
2026-03-14T14:22:50.166Z INFO  [payments] req=req-1c816b authorising EUR 316.53 with psp
2026-03-14T14:22:50.419Z INFO  [payments] req=req-1c816b psp authorised ref=psp_4d33375f
2026-03-14T14:22:50.421Z INFO  [payments] req=req-1c816b posting to ledger txn=lt-32154 (attempt 1/2)
2026-03-14T14:22:50.476Z INFO  [ledger] txn=lt-32154 posted 2 entries (53ms)
2026-03-14T14:22:50.478Z INFO  [payments] req=req-1c816b charge captured txn=lt-32154
2026-03-14T14:22:50.482Z INFO  [orders] req=req-1c816b order o-9a55dd confirmed
2026-03-14T14:22:50.485Z INFO  [gateway] req=req-1c816b POST /api/checkout -> 201 (343ms) user=u-9874
2026-03-14T14:22:53.340Z INFO  [auth] req=req-fb7338 token ok user=u-4911
2026-03-14T14:22:53.348Z INFO  [orders] req=req-fb7338 cart validated items=5 total=EUR 52.64
2026-03-14T14:22:53.356Z INFO  [inventory] req=req-fb7338 reserved 5 items hold=h-842e7
2026-03-14T14:22:53.363Z INFO  [payments] req=req-fb7338 authorising EUR 52.64 with psp
2026-03-14T14:22:53.619Z INFO  [payments] req=req-fb7338 psp authorised ref=psp_ea3d391f
2026-03-14T14:22:53.621Z INFO  [payments] req=req-fb7338 posting to ledger txn=lt-ac4b2 (attempt 1/2)
2026-03-14T14:22:53.731Z INFO  [ledger] txn=lt-ac4b2 posted 2 entries (110ms)
2026-03-14T14:22:53.733Z INFO  [payments] req=req-fb7338 charge captured txn=lt-ac4b2
2026-03-14T14:22:53.737Z INFO  [orders] req=req-fb7338 order o-058f13 confirmed
2026-03-14T14:22:53.740Z INFO  [gateway] req=req-fb7338 POST /api/checkout -> 201 (401ms) user=u-4911
2026-03-14T14:22:56.439Z INFO  [auth] req=req-8cbf37 token ok user=u-6647
2026-03-14T14:22:56.453Z INFO  [gateway] req=req-8cbf37 GET /api/orders/o-d3f6f8 -> 200 (15ms) user=u-6647
2026-03-14T14:22:58.000Z WARN  [gateway] upstream keepalive reset by peer (inventory:8443), reconnecting
2026-03-14T14:22:58.012Z INFO  [gateway] upstream inventory:8443 reconnected
2026-03-14T14:23:05.011Z DEBUG [gateway] health inventory ok (5ms)
2026-03-14T14:23:05.011Z DEBUG [gateway] health auth ok (6ms)
2026-03-14T14:23:05.017Z DEBUG [gateway] health ledger ok (6ms)
2026-03-14T14:23:05.019Z DEBUG [gateway] health payments ok (2ms)
2026-03-14T14:23:05.028Z DEBUG [gateway] health orders ok (6ms)
2026-03-14T14:23:06.941Z INFO  [cache] stats hit_ratio=0.85 keys=18022 evictions/s=349
2026-03-14T14:23:07.300Z INFO  [ledger-db] pool stats in_use=3 idle=5 max=40 waiters=0
2026-03-14T14:23:08.611Z INFO  [auth] req=req-03b925 token ok user=u-5525
2026-03-14T14:23:08.638Z INFO  [gateway] req=req-03b925 GET /api/cart -> 200 (38ms) user=u-5525
2026-03-14T14:23:10.405Z INFO  [auth] req=req-7eeac5 token ok user=u-3663
2026-03-14T14:23:10.413Z INFO  [orders] req=req-7eeac5 cart validated items=4 total=EUR 335.32
2026-03-14T14:23:10.421Z INFO  [inventory] req=req-7eeac5 reserved 4 items hold=h-bc08a
2026-03-14T14:23:10.428Z INFO  [payments] req=req-7eeac5 authorising EUR 335.32 with psp
2026-03-14T14:23:10.579Z INFO  [payments] req=req-7eeac5 psp authorised ref=psp_9d8e8145
2026-03-14T14:23:10.581Z INFO  [payments] req=req-7eeac5 posting to ledger txn=lt-a6b75 (attempt 1/2)
2026-03-14T14:23:10.698Z INFO  [ledger] txn=lt-a6b75 posted 2 entries (115ms)
2026-03-14T14:23:10.700Z INFO  [payments] req=req-7eeac5 charge captured txn=lt-a6b75
2026-03-14T14:23:10.704Z INFO  [orders] req=req-7eeac5 order o-aa8249 confirmed
2026-03-14T14:23:10.707Z INFO  [gateway] req=req-7eeac5 POST /api/checkout -> 201 (303ms) user=u-3663
2026-03-14T14:23:11.457Z INFO  [auth] req=req-77158f token ok user=u-7809
2026-03-14T14:23:11.464Z INFO  [gateway] req=req-77158f GET /api/cart -> 200 (19ms) user=u-7809
2026-03-14T14:23:15.491Z INFO  [auth] req=req-73307d token ok user=u-2796
2026-03-14T14:23:15.506Z INFO  [gateway] req=req-73307d GET /api/cart -> 200 (27ms) user=u-2796
2026-03-14T14:23:26.048Z INFO  [gateway] req=req-abb313 GET /api/products/SKU-0318 -> 200 (13ms)
2026-03-14T14:23:29.236Z INFO  [auth] req=req-edcd1b token ok user=u-9427
2026-03-14T14:23:29.244Z INFO  [orders] req=req-edcd1b cart validated items=5 total=EUR 412.57
2026-03-14T14:23:29.252Z INFO  [inventory] req=req-edcd1b reserved 5 items hold=h-e53d3
2026-03-14T14:23:29.259Z INFO  [payments] req=req-edcd1b authorising EUR 412.57 with psp
2026-03-14T14:23:29.356Z INFO  [payments] req=req-edcd1b psp authorised ref=psp_67af9832
2026-03-14T14:23:29.358Z INFO  [payments] req=req-edcd1b posting to ledger txn=lt-78fc8 (attempt 1/2)
2026-03-14T14:23:29.460Z INFO  [ledger] txn=lt-78fc8 posted 2 entries (98ms)
2026-03-14T14:23:29.462Z INFO  [payments] req=req-edcd1b charge captured txn=lt-78fc8
2026-03-14T14:23:29.466Z INFO  [orders] req=req-edcd1b order o-2f9867 confirmed
2026-03-14T14:23:29.469Z INFO  [gateway] req=req-edcd1b POST /api/checkout -> 201 (234ms) user=u-9427
2026-03-14T14:23:30.927Z INFO  [gateway] req=req-8ddb50 GET /api/products/SKU-0230 -> 200 (23ms)
2026-03-14T14:23:33.989Z INFO  [gateway] req=req-ff65ad GET /api/products/SKU-0077 -> 200 (8ms)
2026-03-14T14:23:34.839Z INFO  [auth] req=req-2bd12c token ok user=u-1654
2026-03-14T14:23:34.847Z INFO  [orders] req=req-2bd12c cart validated items=1 total=EUR 90.63
2026-03-14T14:23:34.855Z INFO  [inventory] req=req-2bd12c reserved 1 items hold=h-bc47e
2026-03-14T14:23:34.862Z INFO  [payments] req=req-2bd12c authorising EUR 90.63 with psp
2026-03-14T14:23:34.971Z INFO  [payments] req=req-2bd12c psp authorised ref=psp_e773dbde
2026-03-14T14:23:34.973Z INFO  [payments] req=req-2bd12c posting to ledger txn=lt-d8988 (attempt 1/2)
2026-03-14T14:23:35.075Z INFO  [ledger] txn=lt-d8988 posted 2 entries (100ms)
2026-03-14T14:23:35.077Z INFO  [payments] req=req-2bd12c charge captured txn=lt-d8988
2026-03-14T14:23:35.081Z INFO  [orders] req=req-2bd12c order o-94d0b8 confirmed
2026-03-14T14:23:35.084Z INFO  [gateway] req=req-2bd12c POST /api/checkout -> 201 (246ms) user=u-1654
2026-03-14T14:23:35.682Z INFO  [auth] req=req-1cb392 token ok user=u-3987
2026-03-14T14:23:35.705Z INFO  [gateway] req=req-1cb392 GET /api/cart -> 200 (36ms) user=u-3987
2026-03-14T14:23:37.300Z INFO  [ledger-db] pool stats in_use=3 idle=5 max=40 waiters=0
2026-03-14T14:23:37.438Z INFO  [auth] req=req-e5ad04 token ok user=u-9398
2026-03-14T14:23:37.462Z INFO  [gateway] req=req-e5ad04 GET /api/cart -> 200 (18ms) user=u-9398
2026-03-14T14:23:43.931Z INFO  [auth] req=req-e88878 login ok user=u-5054 session=s-259e2224
2026-03-14T14:23:43.935Z INFO  [gateway] req=req-e88878 POST /api/login -> 200 (34ms) user=u-5054
2026-03-14T14:23:44.283Z INFO  [gateway] req=req-a100f7 GET /api/products/SKU-0105 -> 200 (19ms)
2026-03-14T14:23:49.004Z INFO  [auth] req=req-c564e2 token ok user=u-1178
2026-03-14T14:23:49.012Z INFO  [orders] req=req-c564e2 cart validated items=3 total=EUR 394.31
2026-03-14T14:23:49.020Z INFO  [inventory] req=req-c564e2 reserved 3 items hold=h-b10e3
2026-03-14T14:23:49.027Z INFO  [payments] req=req-c564e2 authorising EUR 394.31 with psp
2026-03-14T14:23:49.235Z INFO  [payments] req=req-c564e2 psp authorised ref=psp_ce512967
2026-03-14T14:23:49.237Z INFO  [payments] req=req-c564e2 posting to ledger txn=lt-85ec5 (attempt 1/2)
2026-03-14T14:23:49.301Z INFO  [ledger] txn=lt-85ec5 posted 2 entries (61ms)
2026-03-14T14:23:49.303Z INFO  [payments] req=req-c564e2 charge captured txn=lt-85ec5
2026-03-14T14:23:49.307Z INFO  [orders] req=req-c564e2 order o-e7fbfb confirmed
2026-03-14T14:23:49.310Z INFO  [gateway] req=req-c564e2 POST /api/checkout -> 201 (307ms) user=u-1178
2026-03-14T14:23:50.518Z INFO  [auth] req=req-094f1f token ok user=u-5253
2026-03-14T14:23:50.548Z INFO  [gateway] req=req-094f1f GET /api/cart -> 200 (20ms) user=u-5253
2026-03-14T14:23:51.211Z INFO  [auth] req=req-fb0e4c login ok user=u-5854 session=s-5a874de1
2026-03-14T14:23:51.215Z INFO  [gateway] req=req-fb0e4c POST /api/login -> 200 (34ms) user=u-5854
2026-03-14T14:23:57.475Z INFO  [auth] req=req-83f1a3 token ok user=u-1011
2026-03-14T14:23:57.483Z INFO  [orders] req=req-83f1a3 cart validated items=2 total=EUR 138.69
2026-03-14T14:23:57.491Z INFO  [inventory] req=req-83f1a3 reserved 2 items hold=h-b1c8b
2026-03-14T14:23:57.498Z INFO  [payments] req=req-83f1a3 authorising EUR 138.69 with psp
2026-03-14T14:23:57.747Z INFO  [payments] req=req-83f1a3 psp authorised ref=psp_2019b332
2026-03-14T14:23:57.749Z INFO  [payments] req=req-83f1a3 posting to ledger txn=lt-6062c (attempt 1/2)
2026-03-14T14:23:57.847Z INFO  [ledger] txn=lt-6062c posted 2 entries (98ms)
2026-03-14T14:23:57.849Z INFO  [payments] req=req-83f1a3 charge captured txn=lt-6062c
2026-03-14T14:23:57.853Z INFO  [orders] req=req-83f1a3 order o-47be64 confirmed
2026-03-14T14:23:57.856Z INFO  [gateway] req=req-83f1a3 POST /api/checkout -> 201 (382ms) user=u-1011
2026-03-14T14:24:03.412Z INFO  [auth] req=req-ad00db token ok user=u-1321
2026-03-14T14:24:03.420Z INFO  [orders] req=req-ad00db cart validated items=3 total=EUR 238.08
2026-03-14T14:24:03.428Z INFO  [inventory] req=req-ad00db reserved 3 items hold=h-c4ba4
2026-03-14T14:24:03.435Z INFO  [payments] req=req-ad00db authorising EUR 238.08 with psp
2026-03-14T14:24:03.640Z INFO  [payments] req=req-ad00db psp authorised ref=psp_35038d70
2026-03-14T14:24:03.642Z INFO  [payments] req=req-ad00db posting to ledger txn=lt-beccb (attempt 1/2)
2026-03-14T14:24:03.767Z INFO  [ledger] txn=lt-beccb posted 2 entries (123ms)
2026-03-14T14:24:03.769Z INFO  [payments] req=req-ad00db charge captured txn=lt-beccb
2026-03-14T14:24:03.773Z INFO  [orders] req=req-ad00db order o-6a3a22 confirmed
2026-03-14T14:24:03.776Z INFO  [gateway] req=req-ad00db POST /api/checkout -> 201 (365ms) user=u-1321
2026-03-14T14:24:04.990Z INFO  [cache] stats hit_ratio=0.83 keys=19153 evictions/s=289
2026-03-14T14:24:04.993Z WARN  [cache] eviction rate high (433/s) - consider raising maxmemory
2026-03-14T14:24:05.009Z DEBUG [gateway] health payments ok (1ms)
2026-03-14T14:24:05.014Z DEBUG [gateway] health orders ok (5ms)
2026-03-14T14:24:05.014Z DEBUG [gateway] health ledger ok (7ms)
2026-03-14T14:24:05.023Z DEBUG [gateway] health inventory ok (5ms)
2026-03-14T14:24:05.026Z DEBUG [gateway] health auth ok (8ms)
2026-03-14T14:24:05.744Z INFO  [gateway] req=req-5c2e63 GET /api/products/SKU-0777 -> 200 (19ms)
2026-03-14T14:24:07.065Z INFO  [auth] req=req-05ea11 token ok user=u-6058
2026-03-14T14:24:07.073Z INFO  [orders] req=req-05ea11 cart validated items=3 total=EUR 198.83
2026-03-14T14:24:07.081Z INFO  [inventory] req=req-05ea11 reserved 3 items hold=h-7e506
2026-03-14T14:24:07.088Z INFO  [payments] req=req-05ea11 authorising EUR 198.83 with psp
2026-03-14T14:24:07.300Z INFO  [ledger-db] pool stats in_use=2 idle=6 max=40 waiters=0
2026-03-14T14:24:07.308Z INFO  [payments] req=req-05ea11 psp authorised ref=psp_6e802c59
2026-03-14T14:24:07.310Z INFO  [payments] req=req-05ea11 posting to ledger txn=lt-ec3ac (attempt 1/2)
2026-03-14T14:24:07.404Z INFO  [ledger] txn=lt-ec3ac posted 2 entries (91ms)
2026-03-14T14:24:07.406Z INFO  [payments] req=req-05ea11 charge captured txn=lt-ec3ac
2026-03-14T14:24:07.410Z INFO  [orders] req=req-05ea11 order o-60eb13 confirmed
2026-03-14T14:24:07.413Z INFO  [gateway] req=req-05ea11 POST /api/checkout -> 201 (349ms) user=u-6058
2026-03-14T14:24:09.903Z INFO  [auth] req=req-f86d5e token ok user=u-3301
2026-03-14T14:24:09.927Z INFO  [gateway] req=req-f86d5e GET /api/cart -> 200 (19ms) user=u-3301
2026-03-14T14:24:12.257Z INFO  [gateway] req=req-f31bc8 GET /api/products/SKU-0077 -> 200 (11ms)
2026-03-14T14:24:16.314Z INFO  [auth] req=req-6a8ebc token ok user=u-3651
2026-03-14T14:24:16.322Z INFO  [orders] req=req-6a8ebc cart validated items=6 total=EUR 421.40
2026-03-14T14:24:16.330Z INFO  [inventory] req=req-6a8ebc reserved 6 items hold=h-525f5
2026-03-14T14:24:16.337Z INFO  [payments] req=req-6a8ebc authorising EUR 421.40 with psp
2026-03-14T14:24:16.553Z INFO  [payments] req=req-6a8ebc psp authorised ref=psp_b0a8986c
2026-03-14T14:24:16.555Z INFO  [payments] req=req-6a8ebc posting to ledger txn=lt-c7667 (attempt 1/2)
2026-03-14T14:24:16.676Z INFO  [ledger] txn=lt-c7667 posted 2 entries (121ms)
2026-03-14T14:24:16.678Z INFO  [payments] req=req-6a8ebc charge captured txn=lt-c7667
2026-03-14T14:24:16.682Z INFO  [orders] req=req-6a8ebc order o-9b762b confirmed
2026-03-14T14:24:16.685Z INFO  [gateway] req=req-6a8ebc POST /api/checkout -> 201 (372ms) user=u-3651
2026-03-14T14:24:20.654Z INFO  [auth] req=req-7c072f login ok user=u-3417 session=s-5a0b81e4
2026-03-14T14:24:20.658Z INFO  [gateway] req=req-7c072f POST /api/login -> 200 (34ms) user=u-3417
2026-03-14T14:24:20.955Z INFO  [gateway] req=req-88e838 GET /api/products/SKU-0105 -> 200 (17ms)
2026-03-14T14:24:22.223Z INFO  [auth] req=req-69f16a token ok user=u-6743
2026-03-14T14:24:22.231Z INFO  [orders] req=req-69f16a cart validated items=3 total=EUR 383.23
2026-03-14T14:24:22.239Z INFO  [inventory] req=req-69f16a reserved 3 items hold=h-61cb5
2026-03-14T14:24:22.246Z INFO  [payments] req=req-69f16a authorising EUR 383.23 with psp
2026-03-14T14:24:22.501Z INFO  [payments] req=req-69f16a psp authorised ref=psp_e7cc0f49
2026-03-14T14:24:22.503Z INFO  [payments] req=req-69f16a posting to ledger txn=lt-6c932 (attempt 1/2)
2026-03-14T14:24:22.553Z INFO  [ledger] txn=lt-6c932 posted 2 entries (48ms)
2026-03-14T14:24:22.555Z INFO  [payments] req=req-69f16a charge captured txn=lt-6c932
2026-03-14T14:24:22.559Z INFO  [orders] req=req-69f16a order o-2b9ca4 confirmed
2026-03-14T14:24:22.562Z INFO  [gateway] req=req-69f16a POST /api/checkout -> 201 (340ms) user=u-6743
2026-03-14T14:24:28.133Z INFO  [gateway] req=req-58e0e3 GET /api/products/SKU-0230 -> 200 (27ms)
2026-03-14T14:24:34.923Z INFO  [auth] req=req-186bcf token ok user=u-8554
2026-03-14T14:24:34.950Z INFO  [gateway] req=req-186bcf GET /api/cart -> 200 (39ms) user=u-8554
2026-03-14T14:24:34.988Z INFO  [gateway] req=req-0b75ad GET /api/products/SKU-0230 -> 200 (13ms)
2026-03-14T14:24:37.300Z INFO  [ledger-db] pool stats in_use=3 idle=5 max=40 waiters=0
2026-03-14T14:24:37.890Z INFO  [auth] req=req-769115 token ok user=u-1490
2026-03-14T14:24:37.895Z INFO  [inventory] req=req-769115 availability SKU-0105: 312 in stock
2026-03-14T14:24:37.898Z INFO  [gateway] req=req-769115 GET /api/products/SKU-0105/availability -> 200 (9ms) user=u-1490
2026-03-14T14:24:41.879Z INFO  [auth] req=req-b93441 login ok user=u-3987 session=s-0081dd1e
2026-03-14T14:24:41.883Z INFO  [gateway] req=req-b93441 POST /api/login -> 200 (34ms) user=u-3987
2026-03-14T14:24:54.041Z INFO  [auth] req=req-661014 token ok user=u-5175
2026-03-14T14:24:54.074Z INFO  [gateway] req=req-661014 GET /api/cart -> 200 (26ms) user=u-5175
2026-03-14T14:24:59.906Z INFO  [gateway] req=req-9db6a2 GET /api/products/SKU-0077 -> 200 (22ms)
